   2.6805950e+00   1.4704117e+00   6.9456850e+00   4.9799302e+00   6.3606073e-01   1.0458405e+00
   3.7005035e+00   8.9394659e-01   1.1185840e+01   5.1003376e+00   1.0607962e-01   1.8852121e+00
   4.1816868e+00   4.0312023e+00   2.5603882e+01   2.2834167e+01   3.0508342e+00   2.8847017e+00
   3.8185739e+00   3.1597397e+00   1.7594655e+01   1.5884182e+01   1.8451380e+00   2.2126589e+00
   4.7662626e+00   1.9433168e+00   2.0577490e+01   1.4542140e+01   8.6022369e-01   3.7270444e+00
   2.0797394e+00   3.3211123e+00   9.1099607e+00   1.2233073e+01   2.0939579e+00   6.3686328e-01
   3.5054382e+00   4.5650770e+00   2.0708673e+01   2.3075121e+01   3.6711736e+00   1.8645306e+00
   4.4967512e+00   1.6650249e+00   1.7585879e+01   9.1702692e+00   4.2429589e-01   3.3777697e+00
   3.6019674e+00   2.2652427e+00   1.2978471e+01   1.1498741e+01   9.5003118e-01   2.0695313e+00
   3.9324801e+00   1.3851440e+00   1.3995356e+01   6.5430752e+00   4.4060913e-01   2.3302984e+00
   2.9854427e+00   4.1882006e+00   1.7521872e+01   2.2644649e+01   3.4561375e+00   1.3953511e+00
   8.0380529e-01   7.5569533e-01   7.1722023e-01   9.0901245e-01   1.2361848e-01   1.0690501e-01
   3.0872183e+00   2.5423982e+00   1.2030609e+01   1.2180999e+01   9.8755504e-01   1.5399633e+00
   1.3972611e+00   1.6142307e+00   1.9238265e+00   4.4070108e+00   3.7571491e-01   3.6681355e-01
   2.8318722e+00   2.1721011e+00   1.1042217e+01   9.7823718e+00   7.6375482e-01   1.5380451e+00
   4.7815225e+00   1.2113592e+00   1.7741706e+01   7.9966776e+00   2.3025236e-01   3.4545717e+00
   1.0322078e+00   3.1501178e+00   4.7978630e+00   1.0085869e+01   1.8908365e+00   1.4230010e-01
   4.8587444e+00   3.0017441e+00   2.2301971e+01   2.2085016e+01   1.4440882e+00   3.5400681e+00
   4.3728207e+00   1.1473650e+00   1.5998196e+01   6.5238913e+00   3.2214463e-01   2.7902214e+00
   7.5366584e-01   4.9074948e+00   5.5976256e+00   1.5692611e+01   3.9219760e+00   9.1590155e-02
   4.1458007e+00   3.8169938e+00   1.9573758e+01   2.6186740e+01   2.2271523e+00   2.8126398e+00
   1.7343082e+00   9.8137561e-01   3.1195392e+00   2.5963736e+00   1.6791041e-01   4.7838185e-01
   5.8182544e-01   9.1298036e-01   6.1845646e-01   6.6894742e-01   1.6920748e-01   3.6149116e-02
   2.0949554e+00   2.8731079e+00   7.7418784e+00   1.0036005e+01   1.6287354e+00   6.7341797e-01
   3.3465384e+00   1.9536865e+00   1.0098673e+01   8.5616519e+00   6.7824242e-01   1.6712804e+00
   2.1287880e+00   2.6591401e+00   6.2422040e+00   7.2747548e+00   1.1703187e+00   6.4342548e-01
   2.8096747e+00   9.7348088e-01   5.5870733e+00   4.4844902e+00   1.2599295e-01   1.2646972e+00
   4.9939855e+00   4.8925106e+00   3.3225313e+01   3.4400280e+01   3.9811444e+00   4.2571168e+00
   3.7336179e+00   3.9544887e+00   2.0744410e+01   2.3302485e+01   2.7028403e+00   2.4189697e+00
   4.4370231e+00   4.4927344e+00   2.7154836e+01   2.6931984e+01   3.4588683e+00   3.2953722e+00
   2.4193732e+00   3.5239824e+00   9.0490621e+00   1.3299352e+01   2.4654330e+00   8.5687234e-01
   2.5906584e+00   4.1982360e+00   1.2145120e+01   1.8528086e+01   3.3455606e+00   1.1006614e+00
   1.1035522e+00   1.4855960e+00   2.3984372e+00   2.5264383e+00   6.0855668e-01   2.2878168e-01
   9.1286520e-01   4.1403287e+00   5.3648372e+00   1.2268144e+01   3.1934913e+00   5.7295956e-02
   2.6678899e+00   1.6608495e+00   7.0544659e+00   5.0884095e+00   5.0718267e-01   1.0712629e+00
   4.6863117e+00   3.8668198e+00   3.1066497e+01   2.6201660e+01   2.7608584e+00   3.6911258e+00
   2.5119903e+00   2.2745888e+00   8.8730067e+00   7.6522987e+00   8.9241749e-01   7.7611990e-01
   1.8983213e+00   5.5022727e-01   3.1766029e+00   9.0983003e-01   1.4033008e-02   5.3383605e-01
   1.5988893e+00   1.2332834e+00   1.3943130e+00   1.7334189e+00   1.6518575e-01   4.2055268e-01
   4.7311529e+00   1.2696572e+00   1.5506849e+01   8.1137253e+00   3.0781796e-01   3.3587359e+00
   2.0421357e+00   2.5963336e+00   6.2512520e+00   1.1524249e+01   1.3224058e+00   7.8876542e-01
   4.4103385e+00   2.2057435e+00   1.7992801e+01   1.1279975e+01   8.4549227e-01   2.5778384e+00
   4.6859035e+00   1.4399452e+00   1.5645376e+01   9.4762669e+00   2.8441476e-01   3.4520554e+00
   2.0185359e+00   1.1184517e+00   3.9393868e+00   2.9514765e+00   1.7685215e-01   6.9724582e-01
   1.7202520e+00   3.5998715e+00   6.8652982e+00   1.3634154e+01   2.5115686e+00   4.3452582e-01
   2.8675477e+00   3.4835636e+00   1.0775424e+01   1.5395955e+01   2.4984777e+00   1.1766136e+00
   3.1943686e+00   1.5177713e+00   1.0138121e+01   6.8397175e+00   2.7993257e-01   1.7522383e+00
   3.0408253e+00   2.0694713e+00   1.0242619e+01   7.6978030e+00   6.1142150e-01   1.3277225e+00
   1.0586528e+00   3.8368129e+00   6.6770086e+00   1.0650717e+01   2.5156950e+00   2.2091311e-01
   3.0515643e+00   9.5793970e-01   6.3585303e+00   5.5197681e+00   1.6949440e-01   1.8205085e+00
   2.6277403e+00   4.1689732e+00   1.4225821e+01   2.0782324e+01   3.2172208e+00   1.1602615e+00
   1.7136821e+00   2.2510835e+00   5.4527672e+00   6.3205288e+00   1.0145304e+00   4.4466518e-01
   4.9277535e+00   1.8665333e+00   1.9864467e+01   1.2773890e+01   6.4618302e-01   3.9684596e+00
   1.4584737e+00   4.3395371e+00   9.1953197e+00   1.7396172e+01   3.5405328e+00   3.3739251e-01
   1.6247862e+00   3.0687480e+00   6.7813112e+00   9.7428275e+00   1.8324624e+00   3.3708815e-01
   4.7800618e+00   2.0775148e+00   1.8923849e+01   1.2859078e+01   7.5203610e-01   3.6548140e+00
   3.8438257e+00   2.8425955e+00   1.5501056e+01   1.1596153e+01   1.6766347e+00   2.0562948e+00
   2.8024533e+00   1.9217611e+00   7.8266997e+00   6.6151877e+00   5.5989317e-01   1.4258181e+00
   2.5480017e+00   2.7124814e+00   8.3593734e+00   9.8349073e+00   1.4110657e+00   9.8041565e-01
   1.8883720e+00   2.4984397e+00   7.6675723e+00   7.6249483e+00   1.3910216e+00   5.6666157e-01
   3.7097548e+00   4.0613345e+00   1.8279780e+01   2.1496682e+01   2.7481089e+00   2.0194294e+00
   4.5865392e+00   2.9608211e+00   2.1446361e+01   1.5179149e+01   1.2927119e+00   2.9893374e+00
   2.5007584e+00   2.3655419e+00   8.1323339e+00   9.3039066e+00   9.4563060e-01   9.1527932e-01
   3.9850688e+00   1.5342744e+00   1.3518453e+01   7.6448276e+00   3.3480805e-01   2.3821459e+00
   3.0562883e+00   1.4621343e+00   6.9631424e+00   5.1013678e+00   4.6716542e-01   1.4961861e+00
   9.7494380e-01   4.1271801e+00   4.2460010e+00   1.2008655e+01   2.8577380e+00   1.4927022e-01
   2.3244123e+00   4.7396338e+00   1.2442161e+01   2.2792358e+01   4.1747711e+00   7.9298364e-01
   2.0119027e+00   1.6251662e+00   3.8155864e+00   3.6754812e+00   4.1123337e-01   5.9486593e-01
   1.6659372e+00   4.2844768e+00   9.6425698e+00   1.8526976e+01   3.5699523e+00   4.5570351e-01
   2.5969342e+00   5.7096043e-01   4.3861481e+00   3.3782084e+00   6.9853901e-02   1.1752976e+00
   3.0910741e+00   1.1207651e+00   8.3961061e+00   4.8662039e+00   1.6195602e-01   1.4698266e+00
   4.3446519e+00   4.3090861e+00   2.5720905e+01   2.6840483e+01   3.3680440e+00   3.0794965e+00
   6.2906364e-01   1.9116009e+00   1.1493924e+00   2.1430878e+00   7.1639507e-01   5.0684338e-02
   3.8035577e+00   2.9779234e+00   1.8933993e+01   1.2960444e+01   1.4067134e+00   2.2494945e+00
   1.5414483e+00   4.1191013e+00   6.7435610e+00   1.5829032e+01   2.9384898e+00   3.6275248e-01
   4.0140927e+00   5.8379731e-01   9.1868352e+00   4.5859396e+00   7.9340019e-02   1.9505769e+00
   3.5519812e+00   1.9180335e+00   1.2195669e+01   7.7374792e+00   7.2534903e-01   1.7918482e+00
   1.2316689e+00   2.4725298e+00   4.8754937e+00   5.8701225e+00   1.1693464e+00   1.5392055e-01
   1.6251534e+00   5.2412899e-01   2.5601413e+00   2.0176191e+00   9.6799143e-02   4.1634050e-01
   4.8891936e+00   2.5291983e+00   2.2866781e+01   1.6125635e+01   1.2896235e+00   4.1058625e+00
   3.9734514e+00   3.0060691e+00   1.9750856e+01   1.5118999e+01   1.8088499e+00   2.6669238e+00
   4.3154021e+00   1.5990449e+00   1.3549290e+01   1.1023135e+01   4.0856587e-01   3.2484456e+00
   2.1634153e+00   3.1181861e+00   7.9170733e+00   1.0026352e+01   1.5169165e+00   5.4983130e-01
   3.5454432e+00   3.3144210e+00   1.6493005e+01   1.6641986e+01   1.7555793e+00   2.2066168e+00
   2.4425365e+00   2.1668755e+00   8.0773455e+00   5.6552400e+00   8.4137964e-01   7.6899523e-01
   3.4427468e+00   9.2624747e-01   9.5625047e+00   4.9200710e+00   3.5322227e-01   2.0364262e+00
   3.5560031e+00   3.8400935e+00   1.8776970e+01   2.1181869e+01   2.8177420e+00   1.9119163e+00
   4.7636956e+00   3.6577181e+00   2.4337424e+01   1.9112604e+01   2.5016388e+00   3.5349611e+00
   2.7790113e+00   2.1240343e+00   9.8991208e+00   6.2827614e+00   6.7335982e-01   1.1485620e+00
   2.4946115e+00   3.9333588e+00   9.8904054e+00   1.6471190e+01   2.3053741e+00   1.0958648e+00
   9.3389667e-01   3.6985128e+00   4.7321409e+00   1.0734766e+01   2.3121506e+00   1.3354767e-01
   2.5153828e+00   3.1952711e+00   1.1332850e+01   1.1858744e+01   1.8547394e+00   1.1524172e+00
   4.1765849e+00   1.9361477e+00   1.4191153e+01   9.2027905e+00   5.9853900e-01   2.5748001e+00
   2.3581701e+00   3.0272003e+00   8.5648877e+00   1.1550540e+01   1.4542753e+00   9.3585279e-01
   3.2000434e+00   1.4714221e+00   9.3551677e+00   4.7536237e+00   4.5724173e-01   1.7013602e+00
   8.9005186e-01   1.2089549e+00   1.3388619e+00   1.9305157e+00   2.0049178e-01   1.0739928e-01
   1.0279271e+00   2.8739063e+00   3.7465659e+00   7.9042223e+00   1.5516374e+00   1.3701948e-01
   4.9616382e+00   1.8917294e+00   1.8086836e+01   1.2735414e+01   4.1507540e-01   3.9482389e+00
   3.4424587e+00   3.2337594e+00   1.7027981e+01   1.6610187e+01   2.3187719e+00   1.8795314e+00
   3.3627999e+00   2.6657212e+00   1.2576836e+01   1.2316041e+01   1.3840945e+00   1.6831450e+00
   4.3999410e+00   3.0462799e+00   2.3298001e+01   1.4084660e+01   1.5274843e+00   2.8861845e+00
   1.7427789e+00   1.1356701e+00   3.4421092e+00   3.1724809e+00   3.6185111e-01   5.6533050e-01
   3.4969171e+00   2.6127520e+00   1.3426170e+01   1.5703019e+01   1.0988069e+00   1.9368209e+00
   8.3606530e-01   2.3319613e+00   2.9500306e+00   4.9314497e+00   1.0481009e+00   7.5493872e-02
   7.4690732e-01   2.5093937e+00   2.0972573e+00   3.9528987e+00   1.1779994e+00   9.2962453e-02
   4.4013296e+00   3.6227261e+00   2.4235963e+01   2.0456861e+01   2.2304516e+00   3.1343475e+00
   4.4963105e+00   1.6063139e+00   1.4457845e+01   1.0770103e+01   4.2014635e-01   3.1642112e+00
   4.9162264e+00   1.5480182e+00   1.7333219e+01   8.5562749e+00   4.0475341e-01   3.5487299e+00
   4.5419183e+00   1.0698002e+00   1.3512285e+01   6.4577740e+00   1.7511663e-01   3.1247885e+00
   1.0751194e+00   2.9797599e+00   4.0912280e+00   8.2228941e+00   1.5409208e+00   1.6410016e-01
   1.1977862e+00   2.9649912e+00   4.4595818e+00   7.4518711e+00   1.6648619e+00   2.2419022e-01
   4.1605619e+00   9.3801365e-01   1.3200955e+01   5.4757452e+00   2.7720635e-01   2.8947086e+00
   2.8403714e+00   1.9428148e+00   9.4873370e+00   6.9969567e+00   7.2514746e-01   1.2538779e+00
   4.0649480e+00   1.2680513e+00   1.2728089e+01   6.4575517e+00   2.0403465e-01   2.8135937e+00
   3.2377841e+00   4.3407429e+00   1.5404433e+01   2.4240109e+01   3.3938221e+00   1.5856907e+00
   3.9521606e+00   2.0951251e+00   1.6359808e+01   9.9542618e+00   8.8847091e-01   2.6296446e+00
   4.7357455e+00   2.8879575e+00   2.2722279e+01   1.6378891e+01   1.5545662e+00   3.6427130e+00
   3.4881115e+00   2.0315412e+00   1.0932398e+01   7.1429084e+00   7.2978073e-01   1.9323345e+00
   3.8130953e+00   4.5200246e+00   2.2442497e+01   2.6439554e+01   3.7938922e+00   1.9652879e+00
   1.6303000e+00   1.0225163e+00   2.3642301e+00   1.9821068e+00   2.5660630e-01   3.3610725e-01
   9.3429386e-01   4.2726422e+00   6.6105619e+00   1.4204807e+01   3.4576424e+00   1.5949606e-01
   3.9880645e+00   1.7421079e+00   1.4342086e+01   8.5828029e+00   4.6790322e-01   2.1878798e+00
   3.6814584e+00   1.5933351e+00   1.1665055e+01   8.6397156e+00   6.0057007e-01   2.3792303e+00
   3.6587868e+00   2.0669199e+00   1.3158848e+01   9.7230713e+00   6.7250420e-01   2.1181730e+00
   1.5232605e+00   1.2303964e+00   2.3886125e+00   3.9083906e+00   1.9473022e-01   3.1239548e-01
   4.6329253e+00   4.1501884e+00   2.4326298e+01   2.4527209e+01   3.3856671e+00   3.1427406e+00
   2.6057870e+00   8.0862870e-01   6.6204284e+00   2.3887097e+00   7.0585666e-02   9.4568116e-01
   3.0403262e+00   3.8085514e+00   1.3060579e+01   1.5996177e+01   2.4908807e+00   1.5381880e+00
   3.3656228e+00   3.9172476e+00   1.6866172e+01   1.9488913e+01   2.3275481e+00   1.7781285e+00
   3.5933844e+00   7.8276530e-01   9.4830005e+00   4.4107233e+00   1.4311402e-01   1.6814488e+00
   8.2375866e-01   4.0862392e+00   4.1599140e+00   1.3882939e+01   2.4961631e+00   9.1134381e-02
   4.9098321e+00   9.2754269e-01   1.5320164e+01   5.8786348e+00   1.2421966e-01   3.4857780e+00
   7.7777099e-01   6.3488752e-01   4.2163476e-01   3.1375358e-01   7.1014102e-02   9.6933829e-02
   1.7670376e+00   4.5572595e+00   9.5977935e+00   1.9975601e+01   3.6308369e+00   6.4606744e-01
   2.5721461e+00   3.8240290e+00   1.4437654e+01   1.5693973e+01   2.5399326e+00   9.8203488e-01
   4.1804118e+00   9.3298929e-01   1.2545822e+01   4.8363986e+00   2.1684893e-01   2.5035549e+00
   1.2911145e+00   3.1382677e+00   4.3291364e+00   9.4198323e+00   1.7252799e+00   2.7560475e-01
   6.1728619e-01   2.1880369e+00   1.9311643e+00   3.1949899e+00   9.0673265e-01   5.5664403e-02
   4.7424901e+00   3.9884854e+00   2.8711942e+01   2.4935275e+01   3.0338300e+00   3.8324644e+00
   2.2472168e+00   4.2320258e+00   1.1213842e+01   2.1172488e+01   3.3160579e+00   9.2575491e-01
   1.0945293e+00   4.3389681e+00   6.8614633e+00   1.8199374e+01   3.5196305e+00   2.0437021e-01
   4.2138904e+00   2.5942774e+00   1.6548849e+01   1.4926015e+01   1.4047015e+00   2.6385509e+00
   4.3609245e+00   2.4629947e+00   1.7941669e+01   1.4018147e+01   1.3094006e+00   3.1142873e+00
   3.9583093e+00   3.3102095e+00   1.7557833e+01   1.8997335e+01   2.0234656e+00   2.3528909e+00
   4.5021264e+00   4.6015420e+00   3.1318714e+01   2.9593514e+01   3.8888509e+00   3.0439170e+00
   3.6391663e+00   3.9693965e+00   2.0296300e+01   2.0029666e+01   2.4719366e+00   1.9739073e+00
   3.4307332e+00   4.4226658e+00   1.8103481e+01   2.3075020e+01   3.9792954e+00   1.7979127e+00
   2.4654914e+00   1.2381796e+00   6.0422795e+00   4.8911276e+00   2.7990247e-01   9.2096855e-01
   2.7342654e+00   4.5069717e+00   1.6318876e+01   2.1029004e+01   4.2975431e+00   1.0689984e+00
   2.6280851e+00   2.3466735e+00   6.9664893e+00   8.3091173e+00   1.1340693e+00   1.0228844e+00
   3.1244942e+00   3.3855371e+00   1.3088162e+01   1.5403342e+01   2.1890016e+00   1.2572657e+00
   3.7462510e+00   1.0299181e+00   1.1628925e+01   4.8619628e+00   3.0810013e-01   2.3194290e+00
   2.8564412e+00   4.3130389e+00   1.5627036e+01   1.8864476e+01   3.3409219e+00   1.0807699e+00
   1.8594369e+00   4.6024460e+00   1.1177574e+01   1.9250655e+01   4.1993206e+00   4.9092513e-01
   2.3113847e+00   1.2044742e+00   5.9600656e+00   3.2921803e+00   3.1937231e-01   9.8121113e-01
   2.0252745e+00   1.1938968e+00   3.6150273e+00   3.1371625e+00   2.3238865e-01   5.9201487e-01
   1.7039996e+00   3.7733084e+00   8.8451368e+00   1.7707282e+01   2.7308566e+00   5.0069769e-01
   2.4747676e+00   2.9394486e+00   9.1603156e+00   1.0541109e+01   1.3281308e+00   9.7577369e-01
   9.6507761e-01   1.0766629e+00   2.0378578e+00   1.2257256e+00   2.2702073e-01   1.4235923e-01
   1.1509925e+00   4.2529654e+00   8.9884756e+00   1.4185839e+01   3.6013837e+00   2.1035073e-01
   4.3722505e+00   2.8877757e+00   2.1153056e+01   1.4407570e+01   1.4242190e+00   2.7561289e+00
   3.0413188e+00   4.1092184e+00   1.4959245e+01   1.9834433e+01   3.0291914e+00   1.3298028e+00
   9.5249003e-01   8.7233031e-01   1.7380920e+00   8.6187049e-01   1.4349108e-01   8.9793000e-02
   3.3382375e+00   1.5108873e+00   9.1937146e+00   6.9209352e+00   3.4226834e-01   1.7810086e+00
   2.6669166e+00   4.3358002e+00   1.4887194e+01   1.8968369e+01   3.6320453e+00   1.1404415e+00
   4.3475778e+00   3.3136484e+00   2.0250678e+01   1.7445408e+01   2.0519079e+00   2.5856116e+00
   4.6459682e+00   3.6896123e+00   2.3959246e+01   2.3353075e+01   2.5101138e+00   3.4501038e+00
   1.9651528e+00   1.0155197e+00   3.1850650e+00   2.9083114e+00   1.6306328e-01   6.5585856e-01
   4.7866066e+00   4.6576818e+00   2.7706600e+01   3.4924589e+01   3.7882479e+00   3.4724055e+00
   3.8004440e+00   4.0466237e+00   2.0148480e+01   2.0070146e+01   3.2307898e+00   2.0941466e+00
   9.0462010e-01   3.4818597e+00   4.6461276e+00   1.0765814e+01   2.3387213e+00   2.3164406e-01
   2.1351550e+00   8.9100075e-01   4.6093540e+00   1.6856600e+00   3.0290405e-01   6.6562229e-01
   2.4112313e+00   4.1882846e+00   1.1137156e+01   1.6790928e+01   2.7434191e+00   9.2661846e-01
   4.9359513e+00   4.9797498e+00   3.2868078e+01   3.8980437e+01   4.3308523e+00   3.9261464e+00
   4.0106767e+00   1.2330028e+00   1.4559792e+01   7.1572536e+00   2.9269892e-01   2.5658286e+00
   2.9992583e+00   4.6098349e+00   1.7389987e+01   2.4127987e+01   3.8128668e+00   1.3038508e+00
   3.3473714e+00   3.2328821e+00   1.5643197e+01   1.4283123e+01   2.1273493e+00   1.4746418e+00
   9.0754662e-01   1.5023613e+00   1.4286565e+00   1.7576167e+00   4.4800182e-01   1.0820774e-01
   3.5190353e+00   3.6121192e+00   1.7964682e+01   2.0779221e+01   2.5096393e+00   1.9216242e+00
   6.3850515e-01   3.6635640e+00   3.3481847e+00   1.2182260e+01   2.3608860e+00   4.1539299e-02
   3.0104694e+00   4.7730174e+00   2.0273330e+01   2.2887272e+01   3.9479537e+00   1.3477335e+00
   4.9586843e+00   6.9012060e-01   1.5646096e+01   6.9988531e+00   6.2029076e-02   3.9344888e+00
   1.6941093e+00   1.0182008e+00   2.4447417e+00   1.2863020e+00   2.0020837e-01   4.7257274e-01
   1.9791254e+00   3.3846022e+00   1.0800288e+01   1.2509812e+01   2.3215759e+00   7.7468046e-01
   4.9929105e+00   3.9988451e+00   2.8282706e+01   2.7701191e+01   3.0578106e+00   3.7659488e+00
   3.4781664e+00   7.1631836e-01   8.6835512e+00   3.0167302e+00   9.9501321e-02   1.8999246e+00
   1.4870894e+00   3.5784635e+00   8.5568064e+00   1.1578756e+01   2.6133924e+00   2.8377892e-01
   3.0581943e+00   2.4132977e+00   7.8285720e+00   1.2276154e+01   1.1869402e+00   1.6324725e+00
   2.0836740e+00   3.9540853e+00   9.3713834e+00   1.4069435e+01   2.6809937e+00   6.6422809e-01
   6.9671687e-01   2.1267821e+00   2.3198079e+00   3.5295458e+00   9.5365533e-01   6.5009014e-02
   4.5624650e+00   1.3938228e+00   1.6282658e+01   6.5639537e+00   3.8516194e-01   3.3310074e+00
   1.6197038e+00   4.5688833e+00   9.3075726e+00   1.6645609e+01   3.7117101e+00   3.1219683e-01
   6.5524320e-01   9.7618211e-01   9.8450755e-01   2.9578425e-01   2.1617118e-01   8.3116650e-02
   1.1177259e+00   3.0845250e+00   4.3454904e+00   8.7716067e+00   1.6293757e+00   1.7859749e-01
   1.6256919e+00   1.5905888e+00   4.4281345e+00   3.1533562e+00   5.0496531e-01   3.7164069e-01
   2.2110369e+00   3.7455308e+00   1.0032509e+01   1.6280526e+01   2.7951999e+00   8.8219441e-01
   4.7207431e+00   3.3056275e+00   2.2986253e+01   2.4301472e+01   2.0801393e+00   3.6500419e+00
   6.5619736e-01   2.5478492e+00   2.4661853e+00   5.1688325e+00   1.0296549e+00   1.0694979e-01
   2.2017312e+00   4.0247872e+00   1.1649398e+01   1.5241889e+01   2.9413349e+00   5.9955877e-01
   1.3021285e+00   2.0195719e+00   2.9905231e+00   4.3760940e+00   6.7420846e-01   2.9134940e-01
   6.5679339e-01   1.1848121e+00   8.0219330e-01   1.7105515e+00   2.9631118e-01   5.3280314e-02
   4.4402723e+00   3.3077093e+00   2.1573766e+01   1.9148825e+01   2.1903925e+00   3.2383495e+00
   4.8695666e+00   1.7446199e+00   2.0135824e+01   8.8976603e+00   5.3662394e-01   2.9472716e+00
   3.1136574e+00   5.7187643e-01   7.0482302e+00   3.6388952e+00   4.2712203e-02   1.3780793e+00
   2.1622054e+00   4.8786458e+00   1.4279487e+01   2.0893600e+01   4.3115035e+00   8.1098074e-01
   4.6097649e+00   1.0142653e+00   1.2783229e+01   8.1255556e+00   1.7496083e-01   3.3164526e+00
   3.3690719e+00   1.5292962e+00   1.0684903e+01   5.7401362e+00   3.8808110e-01   1.9018227e+00
   2.6163092e+00   1.0015671e+00   6.2159656e+00   3.8900305e+00   1.9622812e-01   1.0874680e+00
   4.5052888e+00   4.8807105e+00   2.6570753e+01   3.5036263e+01   4.1613851e+00   3.0450977e+00
   1.3070142e+00   1.1920058e+00   2.9629532e+00   3.4198913e+00   1.6796372e-01   4.1676689e-01
   4.1014493e+00   3.6270579e+00   2.3328728e+01   1.8027945e+01   2.3632184e+00   2.5183276e+00
   4.6052756e+00   1.0528032e+00   1.6294144e+01   6.4576597e+00   2.4630163e-01   3.4263603e+00
   4.0592363e+00   3.7311154e+00   1.9312150e+01   2.0479879e+01   2.3561658e+00   2.3332136e+00
   4.1563433e+00   4.5858286e+00   2.2734646e+01   3.1487899e+01   3.5976930e+00   2.8518927e+00
   3.2428871e+00   3.8238010e+00   1.4593107e+01   1.8348228e+01   2.4971430e+00   1.6803673e+00
   4.5514523e+00   1.5446148e+00   1.7364363e+01   8.4579941e+00   6.4518137e-01   2.7872959e+00
   6.2372246e-01   1.4735296e+00   9.1377985e-01   1.7135076e+00   3.0843515e-01   3.3367005e-02
   1.5417868e+00   3.7244154e+00   7.5841619e+00   1.2856280e+01   2.6565450e+00   4.4842258e-01
   4.7500045e+00   4.0440781e+00   2.8414093e+01   2.3439266e+01   3.0801052e+00   3.1976232e+00
   3.3802580e+00   2.3308463e+00   1.1543241e+01   1.0485256e+01   9.9613761e-01   1.4780009e+00
   2.7926662e+00   4.1430800e+00   1.4244231e+01   1.9350722e+01   3.1751802e+00   1.2264672e+00
   3.2976068e+00   7.7592401e-01   8.7540815e+00   4.3524166e+00   1.3341193e-01   2.1010313e+00
   2.7372327e+00   1.3209457e+00   7.6598944e+00   4.0702532e+00   2.9324801e-01   1.1118487e+00
   3.2510174e+00   1.7381966e+00   1.0624437e+01   7.7868520e+00   6.8701613e-01   1.5346441e+00
   9.9939368e-01   4.7920322e+00   7.7473657e+00   1.7277480e+01   4.5774064e+00   2.2903129e-01
   1.5641703e+00   1.2175959e+00   2.7534633e+00   1.9997861e+00   2.0808144e-01   2.4333880e-01
   5.7854028e-01   2.1155554e+00   2.1074606e+00   4.2884081e+00   9.2413639e-01   5.4896530e-02
   4.2206291e+00   1.9914636e+00   1.6008497e+01   1.2464991e+01   6.6150311e-01   2.9902905e+00
   2.7167511e+00   4.1985995e+00   1.4696886e+01   1.7681580e+01   2.9795542e+00   9.7010777e-01
   2.8064865e+00   1.1962633e+00   6.5829572e+00   4.4423666e+00   2.1323278e-01   1.3954728e+00
   1.5179358e+00   2.8856014e+00   5.5001506e+00   9.5225795e+00   1.4417524e+00   4.5912784e-01
   1.3207537e+00   2.2243477e+00   5.5420767e+00   4.9895536e+00   8.8161777e-01   3.2251732e-01
   4.6487094e+00   4.7346449e+00   3.0405598e+01   2.6756393e+01   3.8534206e+00   3.4041766e+00
   4.7538176e+00   4.7820586e+00   3.0885944e+01   3.0128804e+01   4.0735172e+00   3.5912398e+00
   3.0018826e+00   4.9744521e+00   1.5045740e+01   2.5072676e+01   4.0128523e+00   1.1076827e+00
   3.3104800e+00   2.1971382e+00   9.9976824e+00   9.7565658e+00   9.2837158e-01   1.7529628e+00
   3.3156104e+00   2.2146368e+00   8.2377363e+00   9.7121422e+00   9.1626554e-01   1.7426654e+00
   1.8153969e+00   3.5122410e+00   1.0063817e+01   1.3223062e+01   2.6510194e+00   5.7250443e-01
   4.5548420e+00   1.0666056e+00   1.4229991e+01   7.8923252e+00   2.9217179e-01   3.1443594e+00
   5.9026878e-01   2.3748553e+00   2.6742117e+00   6.1265604e+00   9.3993464e-01   1.0294055e-01
   1.2573193e+00   1.0685511e+00   1.6992609e+00   1.5878375e+00   1.3420576e-01   2.0571022e-01
   2.9421746e+00   2.7886862e+00   1.0091118e+01   1.1250089e+01   1.7128434e+00   1.3726726e+00
   9.7387436e-01   4.5753449e+00   6.7873492e+00   1.6824629e+01   3.9106771e+00   1.5583855e-01
   6.7589721e-01   3.6518769e+00   4.0994206e+00   9.3158378e+00   2.2992462e+00   1.1735216e-01
   1.9518804e+00   2.8950913e+00   7.1797214e+00   9.7129027e+00   1.5235948e+00   5.5425134e-01
   4.6439747e+00   3.2898552e+00   2.3346114e+01   1.8925625e+01   1.7424190e+00   3.5283968e+00
   3.6713615e+00   1.0285498e+00   1.0122993e+01   5.0453878e+00   2.5908354e-01   2.3192027e+00
   3.3745841e+00   1.1081255e+00   7.8626790e+00   4.5432052e+00   1.6180959e-01   1.5846110e+00
   8.8871419e-01   2.3721049e+00   2.8036334e+00   3.3969099e+00   1.1703671e+00   2.9456064e-02
   1.5368200e+00   3.6996821e+00   8.6291633e+00   1.3256680e+01   2.6623697e+00   4.5525533e-01
   1.9454398e+00   3.6975456e+00   1.0954214e+01   1.4054445e+01   2.1918141e+00   5.9513150e-01
   2.3422294e+00   3.2423628e+00   9.7179191e+00   1.2574275e+01   1.8688022e+00   9.0022167e-01
   9.7949019e-01   3.9180178e+00   4.9318776e+00   1.2354818e+01   2.7084598e+00   1.5044177e-01
   3.7227765e+00   3.1300818e+00   1.4620915e+01   1.4817705e+01   1.6425435e+00   1.9554285e+00
   4.2531393e+00   2.2632221e+00   1.3971910e+01   1.2162222e+01   7.7907471e-01   3.0485937e+00
   3.6795146e+00   4.9726354e+00   2.1082324e+01   3.1273483e+01   4.5768323e+00   2.1033994e+00
   3.8510583e+00   3.2285265e+00   1.7280978e+01   2.1146469e+01   1.8051112e+00   2.3067778e+00
   3.8142966e+00   4.6715289e+00   2.5154139e+01   2.4843647e+01   3.9294816e+00   2.1652489e+00
   5.5565428e-01   4.4435502e+00   6.5987004e+00   1.2434777e+01   3.6111328e+00   4.9458099e-02
   3.1263919e+00   8.9707325e-01   7.6023193e+00   3.5638685e+00   1.5712271e-01   1.3786196e+00
   3.6308586e+00   1.7727480e+00   1.1391758e+01   6.5643433e+00   5.3493097e-01   2.1560506e+00
   5.2702861e-01   7.4403230e-01   6.0244486e-01   3.2177822e-01   1.3588264e-01   2.0908114e-02
   2.8465834e+00   1.1760924e+00   4.9830832e+00   4.8331936e+00   1.7943075e-01   1.1886652e+00
   4.2678999e+00   3.8745483e+00   2.4055818e+01   1.9639774e+01   2.6220268e+00   2.7307515e+00
   7.5932260e-01   2.2996341e+00   1.4116405e+00   4.1724018e+00   5.0168873e-01   6.3344869e-02
   2.2170013e+00   3.6477765e+00   1.1575523e+01   1.4951540e+01   2.8051791e+00   6.2660306e-01
   2.8391624e+00   8.9505466e-01   4.8337163e+00   2.8142945e+00   1.1936402e-01   1.4344191e+00
   4.2256161e+00   3.4838834e+00   2.1879177e+01   2.0450050e+01   2.2073688e+00   2.7982574e+00
   4.6671157e+00   2.2461226e+00   1.7449898e+01   1.4076382e+01   7.5876604e-01   3.6215800e+00
   2.9265649e+00   2.4558580e+00   8.6002510e+00   7.8932974e+00   9.1175502e-01   1.1859682e+00
   2.6119863e+00   4.0757189e+00   1.2325659e+01   1.6878093e+01   2.8055002e+00   8.5299570e-01
   2.8030471e+00   1.8526872e+00   7.2419724e+00   5.0492433e+00   7.0804290e-01   1.0876608e+00
   4.7373696e+00   2.2334623e+00   2.1743245e+01   1.3383297e+01   8.7302804e-01   3.6557736e+00
   8.0443250e-01   4.4552489e+00   6.0976576e+00   1.4188259e+01   3.9072784e+00   7.3242152e-02
   1.2307556e+00   4.5687556e+00   8.7766229e+00   1.9767307e+01   3.4705983e+00   3.5272937e-01
   3.9819680e+00   4.0341284e+00   2.3610817e+01   2.4199902e+01   2.9047278e+00   2.4686660e+00
   3.7460400e+00   1.8931239e+00   1.4577655e+01   9.1674902e+00   9.1669125e-01   2.0663391e+00
   3.7140939e+00   5.7378784e-01   8.8839381e+00   4.0157235e+00   7.7675416e-02   1.9803132e+00
   3.5837717e+00   1.2435499e+00   9.9803910e+00   5.9644244e+00   3.6761971e-01   2.0490948e+00
   2.1329486e+00   1.6530270e+00   7.2299977e+00   4.3438410e+00   5.0745644e-01   6.7518916e-01
   6.5276169e-01   2.6348319e+00   2.3356784e+00   5.8943623e+00   1.2709052e+00   3.7824460e-02
   4.5413903e+00   2.2196354e+00   1.9394712e+01   1.2558752e+01   7.5825436e-01   3.3801801e+00
   5.0507087e-01   6.5718017e-01   1.5319523e-01   2.2902228e-01   7.5596622e-02   2.6209187e-02
   4.6326910e+00   4.9771610e+00   3.2005359e+01   2.8245647e+01   4.5385153e+00   3.1975623e+00
   2.0485913e+00   9.9034283e-01   5.3781390e+00   2.8742185e+00   1.3639296e-01   6.1973729e-01
   1.5191745e+00   4.2295003e+00   8.1865446e+00   1.8595099e+01   3.1119056e+00   4.1036825e-01
   2.1443573e+00   4.7297180e+00   1.2626400e+01   2.1511166e+01   3.8305382e+00   7.2295537e-01
   3.1114093e+00   4.2553510e+00   1.7809819e+01   2.3511274e+01   3.6502989e+00   1.7087505e+00
   2.4919494e+00   1.2371057e+00   5.9430974e+00   4.2278847e+00   2.6450942e-01   9.5645487e-01
   3.0859946e+00   1.3467087e+00   8.2890184e+00   5.3622929e+00   3.5609237e-01   1.5995044e+00
   2.9475564e+00   2.1106829e+00   1.0249603e+01   8.9664350e+00   8.6091110e-01   1.2092641e+00
   3.3368624e+00   3.5337774e+00   1.6448136e+01   1.6952863e+01   2.5051371e+00   1.8859319e+00
   4.5015310e+00   4.6849972e+00   2.4550189e+01   2.8711554e+01   3.7149007e+00   3.2086577e+00
   2.9375933e+00   1.1957851e+00   7.8664110e+00   5.0967934e+00   3.4327274e-01   1.3662159e+00
   4.8937832e+00   4.7026984e+00   3.2007450e+01   2.9116977e+01   3.8822313e+00   3.7241829e+00
   2.2657118e+00   4.1619709e+00   1.2553608e+01   1.7964287e+01   3.0210352e+00   6.2830433e-01
   1.9852395e+00   1.2705842e+00   3.6422290e+00   3.2710996e+00   2.4960709e-01   6.5961057e-01
   2.7622002e+00   3.0900287e+00   1.1284426e+01   1.1433879e+01   1.8439824e+00   1.1525799e+00
   3.9705579e+00   8.0497893e-01   1.3395246e+01   6.5105895e+00   8.5783832e-02   2.5956060e+00
   3.1426406e+00   4.8780292e+00   2.0019642e+01   2.4102090e+01   4.3809909e+00   1.5292354e+00
   3.5993453e+00   1.5496694e+00   1.1378782e+01   6.7275569e+00   5.0071628e-01   2.0619811e+00
   1.1054095e+00   4.4940781e+00   7.5701104e+00   1.5579730e+01   3.9317793e+00   2.0897762e-01
   4.9335549e+00   3.4274672e+00   2.7013575e+01   2.7605418e+01   2.6131464e+00   4.0060772e+00
   4.2757621e+00   2.2992735e+00   1.8029872e+01   1.0032834e+01   1.1839855e+00   2.8531145e+00
   6.5557025e-01   2.3690804e+00   2.5634597e+00   3.8991030e+00   1.1230365e+00   8.8649944e-02
   8.2324710e-01   1.1848378e+00   1.1705969e+00   2.0090567e+00   2.2558097e-01   1.0916062e-01
   8.7892921e-01   6.1243691e-01   8.8043337e-01   1.4794457e+00   8.1984926e-02   1.6088463e-01
   1.9427836e+00   8.6987657e-01   4.5081370e+00   1.5810224e+00   1.9350935e-01   6.2922278e-01
   1.2277666e+00   1.2029562e+00   2.5915710e+00   1.9775852e+00   3.2467589e-01   3.1128414e-01
   7.3800196e-01   4.8933001e+00   6.8664651e+00   1.9202569e+01   4.0996395e+00   1.0531011e-01
   4.9175387e+00   1.2542425e+00   1.9575336e+01   6.7518133e+00   4.5924716e-01   4.0193550e+00
   3.6303679e+00   3.7751188e+00   1.7996038e+01   2.0555851e+01   2.4609062e+00   2.1975353e+00
   3.6984889e+00   1.4928055e+00   1.0352279e+01   5.9086984e+00   3.7740906e-01   1.8144293e+00
   1.5559615e+00   1.6533204e+00   3.3651251e+00   3.2382499e+00   4.1061011e-01   4.1488670e-01
   4.0344543e+00   2.7401048e+00   1.8348221e+01   1.6549547e+01   1.2768659e+00   2.8267259e+00
   4.0932138e+00   5.1455408e-01   9.7980102e+00   4.8997748e+00   1.8320732e-02   3.1057639e+00
   1.2605573e+00   6.9365933e-01   2.9213428e+00   6.0485293e-01   1.1986504e-01   1.2518483e-01
   2.2176191e+00   3.1303574e+00   9.1134471e+00   1.2507834e+01   1.7916534e+00   7.6498723e-01
   2.1794589e+00   4.4572646e+00   1.0961920e+01   1.8754247e+01   3.4795840e+00   7.6165481e-01
   4.0897642e+00   1.4278345e+00   1.6179659e+01   6.7263579e+00   2.3558790e-01   2.7702772e+00
   2.1216470e+00   4.8443093e+00   1.3356515e+01   2.4260666e+01   4.4337220e+00   6.1132114e-01
   3.0020670e+00   2.8356488e+00   1.0597740e+01   1.2498314e+01   1.6158241e+00   1.3196700e+00
   2.3361334e+00   3.4529958e+00   1.0471572e+01   1.4527630e+01   2.0024507e+00   8.1619481e-01
   4.8563808e+00   1.3890484e+00   1.8210309e+01   9.8701263e+00   2.8715035e-01   3.8371054e+00
   3.6401437e+00   9.1370978e-01   1.0048727e+01   5.2303284e+00   9.2808197e-02   2.0056235e+00
   3.8969397e+00   2.5264927e+00   1.5977845e+01   1.3513989e+01   1.2507700e+00   2.3664206e+00
   1.1448453e+00   1.8465808e+00   2.8003866e+00   3.9927056e+00   6.7025379e-01   2.4180025e-01
   4.2340257e+00   2.9335123e+00   1.7246528e+01   1.4283538e+01   1.6357311e+00   2.8122441e+00
   1.9148840e+00   3.2950686e+00   9.2190870e+00   1.1636348e+01   1.7965092e+00   5.8378128e-01
   2.9334557e+00   1.8241939e+00   7.3942157e+00   6.1235063e+00   4.2202333e-01   1.4064516e+00
   7.9283616e-01   1.9853910e+00   1.9605481e+00   3.6813138e+00   6.2356261e-01   9.4281328e-02
   1.7049491e+00   5.0022227e-01   1.8920829e+00   9.7127208e-01   7.5631581e-02   3.7004587e-01
   2.1009549e+00   8.8977618e-01   4.4796426e+00   2.3730504e+00   2.5874326e-01   5.2369110e-01
   7.4175146e-01   4.7988393e+00   7.7577394e+00   1.9899555e+01   3.9941100e+00   1.5192576e-01
   2.4960844e+00   1.3397557e+00   5.6449803e+00   3.5138599e+00   2.7390845e-01   9.5842781e-01
   3.0289915e+00   3.6357500e+00   1.7154039e+01   1.4276251e+01   2.2250164e+00   1.3276465e+00
   4.8659094e+00   3.5257113e+00   2.7911760e+01   2.1448630e+01   2.1119594e+00   3.6113200e+00
   9.0621806e-01   2.2307901e+00   1.4324409e+00   4.7142626e+00   7.8784224e-01   1.2250393e-01
   5.7759264e-01   3.9630307e+00   4.5062243e+00   8.8678701e+00   2.8774610e+00   4.5599988e-02
   1.5402986e+00   1.6618566e+00   3.2741701e+00   4.0786029e+00   4.1374027e-01   4.4343065e-01
   7.8865367e-01   1.4480389e+00   1.1291907e+00   1.9616937e+00   4.5298111e-01   1.0744876e-01
   2.7684746e+00   4.0460235e+00   1.3882196e+01   1.8093749e+01   3.3233528e+00   1.2157124e+00
   1.5520249e+00   4.3641255e+00   7.1970076e+00   1.7831530e+01   3.1813287e+00   3.8993131e-01
   4.9324847e+00   1.8494359e+00   1.9088564e+01   1.1197584e+01   6.2654097e-01   3.7794094e+00
   3.2253568e+00   4.2104542e+00   1.9718162e+01   1.7338701e+01   3.1213314e+00   1.4926008e+00
   2.6539449e+00   2.7539178e+00   7.8273457e+00   9.3674142e+00   1.2625686e+00   1.0473932e+00
   4.0983458e+00   2.0049274e+00   1.5635088e+01   8.7302252e+00   7.0515997e-01   2.4982208e+00
   2.1602100e+00   1.1595204e+00   4.4689219e+00   4.2375623e+00   1.6937741e-01   7.0741927e-01
   3.4323323e+00   1.6824845e+00   1.2550994e+01   5.8727119e+00   7.0023822e-01   1.8795853e+00
   8.2654145e-01   3.4239248e+00   4.6743258e+00   8.8577073e+00   2.1694585e+00   1.1081998e-01
   1.0625880e+00   8.5463398e-01   1.3882522e+00   1.3823165e+00   2.3459640e-01   2.3682969e-01
   1.2991995e+00   4.1495771e+00   8.1618824e+00   1.4377415e+01   2.8877734e+00   3.2457400e-01
   1.8490831e+00   3.1345342e+00   7.2003702e+00   1.0226100e+01   1.8204788e+00   5.9063534e-01
   4.2015450e+00   3.8713228e+00   2.1334031e+01   2.2802697e+01   2.4828175e+00   2.9499478e+00
   3.5948685e+00   3.4276463e+00   1.9007326e+01   1.6917579e+01   1.9301484e+00   1.9883622e+00
   4.7614852e+00   4.8720371e+00   3.0814321e+01   3.4583139e+01   3.9027503e+00   3.5129045e+00
   3.7911145e+00   4.8999106e+00   2.1311200e+01   2.7713786e+01   4.7156361e+00   2.0372528e+00
   6.8227084e-01   3.6553362e+00   4.0764709e+00   9.6901781e+00   2.3793213e+00   6.9794496e-02
   4.7527139e+00   1.0472311e+00   1.6507164e+01   6.1634501e+00   1.4394616e-01   3.7088703e+00
   4.7482575e+00   4.1685447e+00   2.5869854e+01   2.5553019e+01   3.0157375e+00   3.4613257e+00
   9.0606108e-01   3.7989270e+00   6.1368766e+00   1.0507007e+01   2.2038967e+00   2.2110787e-01
   1.1163804e+00   4.6934042e+00   8.9174167e+00   1.4407070e+01   4.1493698e+00   5.6875445e-02
   2.1457487e+00   9.3896489e-01   4.8607757e+00   4.0651247e+00   2.0597874e-01   8.6814911e-01
   1.1026825e+00   3.9355005e+00   7.2832887e+00   1.1693318e+01   2.4939964e+00   1.9463409e-01
   2.7598065e+00   2.2201631e+00   1.0822248e+01   8.4709610e+00   8.3292494e-01   1.1984232e+00
   3.7226850e+00   2.7094903e+00   1.5548129e+01   1.2454766e+01   1.3088287e+00   2.3197703e+00
   3.3109535e+00   3.0276728e+00   1.2684731e+01   1.3759648e+01   1.4525106e+00   1.9079988e+00
   9.8718518e-01   1.0140622e+00   1.8180426e+00   5.5752214e-01   2.6000840e-01   1.0058091e-01
   2.1488622e+00   9.0848612e-01   5.0008430e+00   2.4612288e+00   2.1186994e-01   6.1410716e-01
   9.4337937e-01   2.9645951e+00   3.8388243e+00   6.6726904e+00   1.5706955e+00   9.0619870e-02
   4.1629283e+00   9.2751539e-01   1.2012277e+01   6.8420445e+00   1.4735280e-01   2.8666033e+00
   4.9959564e+00   1.1642216e+00   1.7376968e+01   8.1204266e+00   2.4553208e-01   3.8802593e+00
   3.3738098e+00   4.5301479e+00   2.0556873e+01   2.4426901e+01   3.7259710e+00   1.8104709e+00
   1.8728139e+00   1.6762138e+00   4.8561749e+00   4.2936943e+00   6.2076346e-01   5.5718602e-01
   4.3435037e+00   4.3335829e+00   2.8708996e+01   2.8125044e+01   3.4276032e+00   3.2140557e+00
   4.7150331e+00   6.7073056e-01   1.4940415e+01   4.6514315e+00   1.8263707e-01   3.9321664e+00
   7.9740014e-01   2.8981654e+00   4.4358947e+00   6.9140073e+00   1.3097236e+00   6.7073543e-02
   3.7834294e+00   3.7668645e+00   1.7241117e+01   1.6509541e+01   2.7618135e+00   2.0761917e+00
   4.1157016e+00   5.2928115e-01   1.2279896e+01   4.0392031e+00   6.8942295e-02   2.8616033e+00
   8.5430648e-01   4.0209323e+00   5.8939045e+00   1.3159644e+01   3.0458488e+00   6.3779718e-02
   2.6062546e+00   2.3637784e+00   9.6326345e+00   8.9858838e+00   9.8754154e-01   1.0401224e+00
   3.5947148e+00   1.3540371e+00   1.1244862e+01   6.3486227e+00   2.4917647e-01   2.2575200e+00
   8.7933754e-01   3.5099725e+00   3.7955366e+00   1.1456874e+01   2.2566027e+00   1.5151988e-01
   4.7489199e+00   4.7175019e+00   3.3306536e+01   3.6043808e+01   3.9193996e+00   3.5534916e+00
   1.0473481e+00   1.8477474e+00   2.5274037e+00   2.9046849e+00   5.7849834e-01   1.3561451e-01
   3.6703630e+00   4.5998315e+00   2.2899375e+01   2.3973370e+01   4.3778371e+00   1.8536901e+00
   4.1358096e+00   2.1636297e+00   1.5673886e+01   1.0487492e+01   8.3809169e-01   2.5608206e+00
   2.8444972e+00   2.8968210e+00   1.2743643e+01   1.2829358e+01   1.5676970e+00   1.2538083e+00
   3.0187629e+00   3.2675172e+00   1.6416752e+01   1.3247823e+01   1.9664014e+00   1.3964210e+00
   4.6468554e+00   2.4241020e+00   1.8953986e+01   1.3832813e+01   9.7611404e-01   3.4238028e+00
   4.8359293e+00   1.0817395e+00   1.6651288e+01   7.3288676e+00   2.8659101e-01   3.8710397e+00
   7.5162487e-01   3.4386211e+00   5.5936864e+00   8.7472849e+00   2.0866404e+00   3.3940624e-02
   1.8225912e+00   3.9641435e+00   7.8382668e+00   1.6244274e+01   2.6355874e+00   7.1756713e-01
   4.9299423e+00   2.8588552e+00   2.2623391e+01   2.1791044e+01   1.3340091e+00   4.2647938e+00
   1.8052899e+00   3.2805501e+00   8.6738497e+00   1.0268325e+01   1.9673062e+00   4.5523330e-01
   8.4828033e-01   1.9341740e+00   1.8089102e+00   2.9547066e+00   7.9432527e-01   1.7460738e-01
   2.1170394e+00   3.1707806e+00   8.5172131e+00   1.0248205e+01   2.1304794e+00   7.0593765e-01
   1.9820853e+00   4.4276398e+00   1.0489172e+01   2.0253124e+01   3.4492423e+00   7.3489445e-01
   3.3323983e+00   4.6281442e+00   1.9665162e+01   2.4142198e+01   3.7826640e+00   1.5814212e+00
   2.3612318e+00   1.8234695e+00   7.3699169e+00   7.4601538e+00   6.0131988e-01   8.6877963e-01
   3.1027349e+00   3.1489204e+00   1.1089573e+01   1.0841864e+01   1.6469200e+00   1.4868354e+00
   2.6488101e+00   2.3628149e+00   1.0033897e+01   8.8881727e+00   7.9887979e-01   1.0638557e+00
   3.6637059e+00   3.0578931e+00   1.7236411e+01   1.3873130e+01   1.8984083e+00   2.0389762e+00
   4.6521453e+00   3.9309344e+00   2.7938154e+01   2.8320016e+01   2.8906001e+00   3.4843833e+00
   1.8735154e+00   3.1838374e+00   6.8022852e+00   9.7773445e+00   1.7039715e+00   5.9823478e-01
   2.9138207e+00   2.3441196e+00   9.8429721e+00   7.8327605e+00   1.0335867e+00   1.3037464e+00
   3.5368434e+00   4.6065657e+00   2.3045815e+01   2.7646406e+01   4.1405950e+00   2.1450173e+00
   4.1676616e+00   1.2342891e+00   1.2076716e+01   6.2478346e+00   2.1929813e-01   2.9521204e+00
   3.7008792e+00   1.1713507e+00   1.1647478e+01   5.4043751e+00   3.3293318e-01   2.4296716e+00
   3.9867729e+00   3.2256685e+00   1.7747489e+01   1.8207924e+01   2.1851317e+00   2.4117781e+00
   4.3667650e+00   4.1930343e+00   2.6002957e+01   2.2028584e+01   3.1207620e+00   2.6979589e+00
   1.7410382e+00   2.2218753e+00   3.7914639e+00   8.5412750e+00   8.5526093e-01   4.9633435e-01
   1.3196665e+00   2.7020353e+00   5.1833635e+00   7.4119771e+00   1.5563599e+00   4.0255740e-01
   2.0718275e+00   1.6730924e+00   4.6268204e+00   4.1852165e+00   5.7141991e-01   5.3726153e-01
   4.6638721e+00   1.4518370e+00   1.4891338e+01   8.2870828e+00   4.2503684e-01   3.4678093e+00
   2.2107260e+00   3.1261685e+00   7.9072331e+00   9.6295769e+00   1.7964937e+00   7.8013924e-01
   2.7962336e+00   4.1408300e+00   1.7164067e+01   1.8441415e+01   2.9534764e+00   1.1172570e+00
   2.3641668e+00   2.4488716e+00   9.4890808e+00   6.7624243e+00   1.1246910e+00   8.5711018e-01
   1.7952629e+00   2.7552678e+00   5.9570859e+00   7.2964419e+00   1.7183537e+00   4.2366457e-01
   3.7598931e+00   3.5385919e+00   1.8815969e+01   1.7728415e+01   2.6901568e+00   2.0231748e+00
   3.7954460e+00   3.9206150e+00   1.9401633e+01   2.4485089e+01   2.7115780e+00   2.3615841e+00
   2.6122891e+00   2.8280826e+00   9.3739570e+00   9.9476833e+00   1.2826774e+00   8.0703041e-01
   2.1239986e+00   3.3905472e+00   9.9342066e+00   1.4280475e+01   2.1767593e+00   7.1349288e-01
   4.2814711e+00   1.0058052e+00   1.3281703e+01   5.2327453e+00   2.2748538e-01   2.9902535e+00
   1.2275476e+00   1.4428418e+00   1.7621527e+00   2.4948245e+00   3.8874273e-01   1.7550681e-01
   2.1776359e+00   2.6777060e+00   8.4783996e+00   6.7015082e+00   9.6879516e-01   5.5914994e-01
   3.2798298e+00   3.3286583e+00   1.6206033e+01   1.5138233e+01   2.1148966e+00   1.4151348e+00
   1.3699710e+00   4.4053818e+00   8.9555035e+00   1.6439710e+01   3.7993949e+00   2.9608625e-01
   2.5643566e+00   1.2736466e+00   6.5021896e+00   4.7483533e+00   3.5065054e-01   9.4062427e-01
   3.8507932e+00   3.6548205e+00   2.0116643e+01   2.1559252e+01   2.5188668e+00   2.3799012e+00
   4.1108832e+00   2.9782286e+00   1.9745803e+01   1.6221302e+01   1.6030507e+00   2.5904090e+00
   3.5965788e+00   4.7008779e+00   2.5002888e+01   2.5564470e+01   3.9140315e+00   1.8594136e+00
   2.0818865e+00   3.1551785e+00   7.5967797e+00   1.3525850e+01   1.7401785e+00   7.8646247e-01
   2.9052401e+00   4.7300892e+00   1.5467704e+01   2.3707825e+01   3.8047494e+00   1.3129454e+00
   1.8541038e+00   4.4493401e+00   9.5362391e+00   1.8247467e+01   3.4875013e+00   5.8704853e-01
   4.8986271e+00   2.1714982e+00   1.9993096e+01   1.1317233e+01   8.0368901e-01   3.6620770e+00
   2.4919579e+00   2.5021026e+00   8.4128433e+00   7.3474735e+00   1.2424550e+00   8.7794640e-01
   1.7770102e+00   1.5128893e+00   3.9306279e+00   3.3711753e+00   5.1086174e-01   5.1186918e-01
   3.5439956e+00   2.7187229e+00   1.3555238e+01   1.3071166e+01   1.4342337e+00   1.7647894e+00
   2.6206056e+00   4.2150389e+00   1.3845024e+01   2.0003813e+01   3.5205323e+00   1.2061368e+00
   3.8849156e+00   1.2361264e+00   1.0847604e+01   6.8700527e+00   2.5445458e-01   2.1390387e+00
   1.8051642e+00   4.6019383e+00   1.1373254e+01   2.0492738e+01   3.7943272e+00   5.8705955e-01
   3.9167258e+00   4.3443393e+00   2.1475449e+01   2.4603930e+01   3.6583161e+00   2.4209753e+00
   3.6569789e+00   8.7880134e-01   9.6309278e+00   5.5127882e+00   6.4739959e-02   2.2657023e+00
   3.1505489e+00   4.7287752e+00   1.9613165e+01   2.3386861e+01   3.8358287e+00   1.4734969e+00
   1.8069217e+00   4.8083090e+00   1.1789484e+01   1.9396241e+01   3.9958245e+00   5.9769205e-01
   8.9335450e-01   4.7589403e+00   5.5701905e+00   1.3151748e+01   3.6039198e+00   1.1388919e-01
   1.5073318e+00   1.9607023e+00   4.1380982e+00   4.4751612e+00   6.5155251e-01   3.5394259e-01
   4.4086385e+00   1.4004551e+00   1.1655472e+01   8.2842022e+00   3.0420190e-01   3.3895340e+00
   1.4092725e+00   2.0495880e+00   4.2070912e+00   5.0687107e+00   8.5577454e-01   3.1359974e-01
   6.5321012e-01   4.0161137e+00   4.6658045e+00   1.3025227e+01   2.6757409e+00   8.0271811e-02
   4.2448634e+00   4.3941139e+00   2.6459316e+01   2.4782378e+01   3.6702129e+00   2.7133074e+00
   1.0377933e+00   4.8137582e+00   7.8429390e+00   1.7722992e+01   3.7075597e+00   1.9210517e-01
   3.8869699e+00   1.5719737e+00   1.3435562e+01   7.6102902e+00   4.7225273e-01   2.2178359e+00
   3.7680912e+00   4.1933807e+00   2.1106457e+01   2.4389420e+01   3.2219002e+00   2.2430369e+00
   2.4806470e+00   3.9085681e+00   1.1003225e+01   1.4531439e+01   3.1997032e+00   7.9953304e-01
   2.1487943e+00   2.0647464e+00   5.3045394e+00   5.5659884e+00   8.5569781e-01   6.2747928e-01
   1.4176630e+00   2.6616186e+00   4.4998486e+00   6.2791747e+00   1.2787727e+00   2.9765051e-01
   4.2431515e+00   4.8401606e+00   2.5964106e+01   2.8651966e+01   4.6529026e+00   2.8306991e+00
   3.0104416e+00   8.7147905e-01   6.0980016e+00   3.3244891e+00   1.1328670e-01   1.4293934e+00
   4.6454119e+00   3.5217244e+00   2.3391135e+01   2.2115102e+01   2.0177205e+00   3.4747767e+00
   3.8990684e+00   2.2808491e+00   1.4439022e+01   1.1935992e+01   1.1246984e+00   2.4750389e+00
   4.1390313e+00   2.2671044e+00   1.6168509e+01   1.1383714e+01   8.6873486e-01   2.7630333e+00
   3.2752471e+00   4.9444712e+00   2.3536257e+01   2.6320471e+01   4.2824287e+00   1.5408628e+00
   3.5525215e+00   2.8330068e+00   1.1054770e+01   1.4818349e+01   1.2969728e+00   2.0994793e+00
   4.9409183e+00   3.4591047e+00   2.7201757e+01   2.1543617e+01   2.2917083e+00   4.0337904e+00
   5.6543785e-01   1.0507601e+00   5.5272230e-01   7.7583390e-01   1.6371265e-01   2.2882354e-02
   1.5377130e+00   3.3197916e+00   7.5541830e+00   1.1166247e+01   2.2138099e+00   3.2927287e-01
   1.9894365e+00   9.8229483e-01   3.0115857e+00   1.2229550e+00   1.3745951e-01   6.0511364e-01
   1.6132628e+00   6.6726227e-01   1.6355218e+00   2.1473472e+00   1.1040229e-01   4.7563253e-01
   2.5986783e+00   2.9916175e+00   9.5574077e+00   1.1258305e+01   1.6140865e+00   1.0034069e+00
   1.2720349e+00   1.2489312e+00   1.5398115e+00   2.4424320e+00   2.9175438e-01   2.6893864e-01
   4.7610296e+00   4.0501930e+00   2.9340491e+01   2.6148144e+01   2.8738068e+00   3.4953705e+00
   2.1302791e+00   1.1114231e+00   6.3040866e+00   3.4071648e+00   1.7440708e-01   8.1998925e-01
   8.8595589e-01   4.0204090e+00   6.0823033e+00   1.4714294e+01   2.9997537e+00   1.0800344e-01
   4.8539424e+00   2.3854822e+00   2.0764091e+01   1.6159807e+01   9.1681708e-01   3.7368290e+00
   1.6594150e+00   1.9211794e+00   4.7840322e+00   3.9335758e+00   6.2448081e-01   3.5116118e-01
   7.2072433e-01   2.2637455e+00   2.0770908e+00   6.4612781e+00   8.1964583e-01   2.1453909e-01
   9.3588423e-01   4.5513234e+00   5.9533741e+00   1.5697580e+01   3.3717649e+00   9.5671699e-02
   2.4870281e+00   3.4875424e+00   9.0044595e+00   1.4035573e+01   1.8187766e+00   1.1204436e+00
   3.2618353e+00   4.1474674e+00   1.9887257e+01   2.0397146e+01   3.2663349e+00   1.3855254e+00
   1.2036676e+00   4.3953999e+00   6.8820744e+00   1.6886775e+01   3.6053366e+00   3.0711199e-01
   2.5444993e+00   4.5564522e+00   1.6188365e+01   2.0215705e+01   3.9107386e+00   8.9037070e-01
   2.9888096e+00   4.7367259e+00   1.8546883e+01   2.3168536e+01   4.2370207e+00   1.3381201e+00
   4.3538752e+00   3.4282524e+00   2.1996151e+01   1.9440601e+01   2.0608167e+00   2.6039289e+00
   1.5739768e+00   2.2259381e+00   5.3878240e+00   4.8516243e+00   1.0259758e+00   4.0018744e-01
   2.1267819e+00   4.7224696e+00   1.1395920e+01   1.9996000e+01   3.7850979e+00   5.9250759e-01
   2.5282088e+00   1.4975986e+00   6.2909820e+00   4.4283988e+00   3.0357838e-01   9.5644739e-01
   4.5018698e+00   3.9347423e+00   2.5348409e+01   2.4180309e+01   2.7721101e+00   3.1152989e+00
   1.7643899e+00   4.5518726e+00   9.5970914e+00   2.1322990e+01   3.8822295e+00   5.5955675e-01
   1.9405363e+00   2.7009759e+00   5.7751171e+00   7.1933355e+00   1.2138765e+00   5.6858916e-01
   3.7280261e+00   2.1164321e+00   1.2335085e+01   1.0688435e+01   8.8129222e-01   1.8939384e+00
   3.0761271e+00   1.4961818e+00   6.9871338e+00   3.3100985e+00   3.9306542e-01   1.3393989e+00
   4.1249174e+00   1.5216142e+00   1.4918459e+01   8.5157678e+00   5.7551308e-01   2.6582384e+00
   3.0573759e+00   1.6269862e+00   9.1071248e+00   6.0503192e+00   4.4807161e-01   1.3574549e+00
   4.3621901e+00   2.8273928e+00   1.7532037e+01   1.7972395e+01   1.3996255e+00   2.9744499e+00
   2.6155985e+00   1.3035413e+00   6.9602459e+00   3.8209967e+00   2.5760307e-01   1.2993930e+00
   4.0192864e+00   3.4331355e+00   1.8989003e+01   1.8892898e+01   2.0435136e+00   2.5537343e+00
   4.9746580e+00   1.1846494e+00   1.7751977e+01   9.4608200e+00   3.0319706e-01   3.9150918e+00
   2.9663243e+00   2.3825329e+00   1.0720954e+01   8.1319734e+00   9.1280809e-01   1.6259864e+00
   2.5507029e+00   3.9504530e+00   1.4550544e+01   1.8985829e+01   3.0683662e+00   1.1144670e+00
   4.3756007e+00   1.6928145e+00   1.6959543e+01   1.0900415e+01   4.7793500e-01   3.3432183e+00
   3.8139549e+00   1.6153425e+00   1.4519445e+01   9.1225781e+00   6.2117373e-01   2.2437096e+00
   2.1435665e+00   3.9662852e+00   9.8779635e+00   1.6696182e+01   2.4290844e+00   9.1189036e-01
   4.7257638e+00   2.8203734e+00   2.3368354e+01   2.0637063e+01   1.4511384e+00   3.8720502e+00
   3.5582803e+00   4.7603494e+00   2.2853671e+01   2.5925525e+01   4.1842573e+00   2.1612572e+00
   7.8025696e-01   2.6605567e+00   4.1693495e+00   5.6945330e+00   1.6187413e+00   1.0509959e-01
   4.6359117e+00   2.0059961e+00   1.6974661e+01   1.2932846e+01   7.1078287e-01   3.1617104e+00
   1.3294980e+00   3.8507495e+00   6.2538524e+00   1.4619674e+01   2.4990143e+00   2.6952255e-01
   2.6096308e+00   3.2623594e+00   1.1578891e+01   1.4620357e+01   2.0818165e+00   1.0731430e+00
   2.1319474e+00   3.2904024e+00   7.7843163e+00   1.2728739e+01   1.9056916e+00   8.2218755e-01
   2.6623571e+00   3.2490098e+00   1.2292629e+01   1.1620133e+01   1.9463622e+00   1.0591694e+00
   6.0445565e-01   3.6477977e+00   3.3656892e+00   8.6506515e+00   2.0948461e+00   5.6157613e-02
   1.2557701e+00   3.2633764e+00   5.1764621e+00   9.1161683e+00   2.1729787e+00   2.8490637e-01
   4.0034760e+00   3.8438914e+00   2.4634663e+01   2.1803192e+01   3.0067197e+00   2.6189596e+00
   2.8461877e+00   3.4664170e+00   1.3110926e+01   1.3387094e+01   2.3143613e+00   1.2198814e+00
   3.6586916e+00   4.8311799e+00   2.1205558e+01   3.0277015e+01   4.2784593e+00   2.2834419e+00
   3.6108475e+00   2.7756427e+00   1.4002842e+01   1.3087329e+01   1.4312987e+00   1.7369390e+00
   4.0432854e+00   1.2239175e+00   1.3087508e+01   6.1778708e+00   2.9825498e-01   2.8143519e+00
   2.0909348e+00   2.3689700e+00   6.1051715e+00   8.0352735e+00   1.1099102e+00   5.2659255e-01
   1.4444946e+00   2.3499942e+00   3.6374284e+00   5.3774088e+00   8.9382811e-01   3.2360800e-01
   3.5030473e+00   1.0949982e+00   1.0529800e+01   5.7476773e+00   2.0112498e-01   1.8380317e+00
   3.4414466e+00   1.8666748e+00   1.2494986e+01   7.9448652e+00   6.3155931e-01   1.8308858e+00
   4.7445734e+00   3.5366222e+00   2.5879168e+01   1.9006027e+01   2.4804340e+00   3.4792062e+00
   3.2310184e+00   9.5154245e-01   7.7827939e+00   3.6683392e+00   2.8165090e-01   1.5747361e+00
   2.9453437e+00   4.5868158e+00   1.7259028e+01   2.1095963e+01   3.7035542e+00   1.4494114e+00
   3.1994626e+00   4.4555116e+00   1.8038347e+01   2.3828576e+01   3.4576234e+00   1.5456159e+00
   1.8095544e+00   1.0149360e+00   3.0133072e+00   2.5636452e+00   1.2857307e-01   5.9186433e-01
   2.6321944e+00   3.5932447e+00   1.6855507e+01   1.3398690e+01   2.4932790e+00   8.2939631e-01
   3.2460947e+00   2.5380155e+00   1.2968954e+01   1.2454243e+01   1.1303413e+00   1.6970268e+00
   3.9179526e+00   4.2968116e+00   2.3668126e+01   2.8099140e+01   3.5532691e+00   2.6043911e+00
   2.0773812e+00   1.3681686e+00   4.4371294e+00   2.9600700e+00   3.3260209e-01   6.3074857e-01
   4.7228311e+00   3.5108681e+00   2.6059844e+01   2.5640777e+01   2.3148687e+00   3.5597325e+00
   1.1410060e+00   2.9187012e+00   4.0928415e+00   7.8877283e+00   1.2792843e+00   3.0550188e-01
   2.0823771e+00   2.7035675e+00   6.8921259e+00   8.8030282e+00   1.3817763e+00   5.7204326e-01
   2.9902325e+00   1.8631443e+00   9.8338066e+00   7.2596399e+00   5.4999317e-01   1.4523052e+00
   4.7721512e+00   4.7593327e+00   2.8470059e+01   3.2598568e+01   4.1654471e+00   3.4865443e+00
   3.5565441e+00   8.3908672e-01   8.1512213e+00   4.9131646e+00   1.5447666e-01   2.1151547e+00
   1.4885400e+00   2.0216235e+00   4.1155998e+00   5.0018057e+00   6.9058571e-01   3.6641607e-01
   3.4482181e+00   2.8274611e+00   1.4110422e+01   1.1452357e+01   1.5506367e+00   2.0090264e+00
   3.5615408e+00   4.9954956e+00   2.2012370e+01   3.3762674e+01   4.0205469e+00   1.9032796e+00
   8.1115046e-01   1.2254794e+00   1.5249639e+00   1.2763385e+00   4.2403530e-01   9.4447770e-02
   9.8886978e-01   1.2706912e+00   1.8315084e+00   3.0328788e+00   2.2700117e-01   2.0843633e-01
   2.7676987e+00   1.2141157e+00   7.9369084e+00   2.9495011e+00   3.1128011e-01   1.2770172e+00
   3.2187281e+00   1.7478176e+00   8.6244477e+00   8.4629436e+00   6.2711518e-01   1.6858771e+00
   8.2654690e-01   3.7882985e+00   5.3868491e+00   1.2650353e+01   3.0595020e+00   1.4200102e-01
   3.3004964e+00   3.4919966e+00   1.5248867e+01   1.7993807e+01   2.1363995e+00   1.9669521e+00
   1.7993530e+00   1.2211090e+00   4.1273352e+00   2.9525849e+00   3.3513992e-01   4.8744646e-01
   6.7491633e-01   6.2869521e-01   5.6080553e-01   2.8728024e-01   4.3507840e-02   6.2460870e-02
   2.4566223e+00   4.6735665e+00   1.1879412e+01   2.3431226e+01   3.8647021e+00   9.4107479e-01
   1.2449359e+00   3.8501301e+00   6.2579914e+00   1.3537838e+01   2.5699674e+00   2.6991098e-01
   1.4509271e+00   3.2133012e+00   5.9339420e+00   1.2823110e+01   1.6753821e+00   4.5430143e-01
   3.5371808e+00   2.1183256e+00   1.0764376e+01   8.1441965e+00   8.2521819e-01   1.6576129e+00
   3.4637619e+00   3.3045197e+00   1.3845326e+01   1.7569889e+01   2.2150114e+00   1.8302752e+00
   2.9296753e+00   2.3173660e+00   8.8724158e+00   9.6063507e+00   1.0954490e+00   1.3221402e+00
   2.7102670e+00   3.4185852e+00   1.2408617e+01   1.7714983e+01   1.9893787e+00   1.1885908e+00
   5.8856258e-01   3.0244090e+00   4.9867447e+00   6.4957947e+00   1.6003118e+00   7.5108575e-02
   4.4683657e+00   1.3791585e+00   1.6463415e+01   1.0740282e+01   3.2951187e-01   3.1152043e+00
   1.9464229e+00   8.7132236e-01   3.5031681e+00   1.9277475e+00   1.8890653e-01   5.6187645e-01
   3.4199065e+00   3.7746520e+00   1.6336246e+01   1.9446262e+01   2.4563103e+00   1.9628561e+00
   4.1446929e+00   2.8465081e+00   1.8667074e+01   1.3087852e+01   1.3329939e+00   2.2648804e+00
   4.6467178e+00   2.8252493e+00   2.2505803e+01   1.8631946e+01   1.4970541e+00   3.4125805e+00
   4.1077319e+00   6.1519340e-01   1.0435070e+01   4.8358029e+00   2.7207597e-02   2.4751281e+00
   2.2017578e+00   2.5910699e+00   7.5537968e+00   1.1176764e+01   1.0235938e+00   8.0183432e-01
   4.1398415e+00   2.7421222e+00   1.8581409e+01   1.4665551e+01   1.3461652e+00   2.6142479e+00
   6.7630930e-01   1.6149559e+00   1.6245338e+00   2.3433774e+00   5.0944830e-01   4.6258949e-02
   1.4216558e+00   4.2738138e+00   6.6272690e+00   1.4193714e+01   3.1697065e+00   3.2279413e-01
   3.5663866e+00   4.6944125e+00   2.0688290e+01   2.6123565e+01   4.2668219e+00   1.9425575e+00
   3.2922095e+00   4.9401098e+00   2.2148500e+01   2.6150468e+01   4.7704051e+00   1.4775503e+00
   4.3811605e+00   3.4619327e+00   2.5266502e+01   2.0148689e+01   2.0846416e+00   2.8494164e+00
   2.5562369e+00   1.6021859e+00   6.7825645e+00   4.3717645e+00   5.1585895e-01   9.6170138e-01
   4.5596836e+00   2.7060394e+00   2.0566156e+01   1.4762862e+01   1.3478860e+00   3.3075203e+00
   1.1003508e+00   3.3579247e+00   4.2236392e+00   1.1333487e+01   1.6855550e+00   2.4791710e-01
   1.4194520e+00   7.5688945e-01   3.1409057e+00   1.3797677e+00   1.2130559e-01   3.1480510e-01
   4.4936344e+00   8.8849829e-01   1.2064643e+01   7.4404773e+00   1.2173537e-01   3.7690214e+00
   1.9731401e+00   1.3654258e+00   3.1768241e+00   3.7330808e+00   2.5972747e-01   5.5170263e-01
   1.3923511e+00   1.5796222e+00   2.6143432e+00   3.1517823e+00   3.3088712e-01   3.7653161e-01
   1.7117599e+00   3.9678883e+00   1.0000304e+01   1.3990025e+01   2.9649289e+00   4.5356619e-01
   2.9362270e+00   5.0447442e-01   5.6355451e+00   2.1611533e+00   3.6291267e-02   1.3577878e+00
   8.3113702e-01   7.2394139e-01   1.0138139e+00   1.6425049e+00   1.2978773e-01   1.4378497e-01
   3.6375735e+00   4.1719684e+00   1.7394843e+01   2.6153745e+01   2.9273217e+00   2.0316776e+00
   3.3755353e+00   1.1085703e+00   8.8373803e+00   5.3559730e+00   3.0072582e-01   1.8165717e+00
   3.4999457e+00   1.9401797e+00   1.0538718e+01   9.6887130e+00   6.9420679e-01   2.2044627e+00
   3.2153665e+00   1.4224850e+00   9.4659321e+00   6.1772972e+00   3.5850202e-01   1.8040416e+00
   2.1657810e+00   1.2994217e+00   4.8842294e+00   3.4246868e+00   2.2041831e-01   6.3349508e-01
   2.8984055e+00   1.3243012e+00   7.4960689e+00   5.1193096e+00   3.7494640e-01   1.5100543e+00
   1.9028835e+00   4.8096814e+00   1.2624903e+01   2.2689750e+01   4.1348014e+00   6.6458145e-01
   1.3473982e+00   3.0210283e+00   6.4490445e+00   9.7616057e+00   1.7518021e+00   3.2541660e-01
   4.3671427e+00   3.9815660e+00   2.1792719e+01   2.4716213e+01   2.7921950e+00   2.8912284e+00
   2.5336857e+00   4.3058111e+00   1.5695651e+01   2.0082975e+01   3.6492746e+00   1.1832584e+00
   3.0198345e+00   2.6496012e+00   1.3790075e+01   1.0194520e+01   1.6310119e+00   1.5461968e+00
   3.5995064e+00   6.0978790e-01   8.3598140e+00   4.1082409e+00   5.6685858e-02   2.0339254e+00
   4.0433056e+00   1.9618031e+00   1.3833561e+01   9.7537175e+00   4.8964493e-01   2.3369358e+00
   4.0977369e+00   1.4441002e+00   1.4440443e+01   6.5677962e+00   4.3231804e-01   2.5836166e+00
   4.7033520e+00   4.3999062e+00   3.1282721e+01   3.0692679e+01   3.6279512e+00   3.8303904e+00
   3.6534121e+00   2.1629039e+00   1.4233987e+01   1.0294319e+01   9.5007464e-01   2.0530341e+00
   3.7587854e+00   1.9559889e+00   1.3832281e+01   7.4306404e+00   4.4328987e-01   2.3896389e+00
   1.3753742e+00   2.9676722e+00   5.9065868e+00   8.0762970e+00   1.5018261e+00   2.4854209e-01
   4.4883758e+00   1.4464224e+00   1.3811334e+01   8.9655827e+00   4.1262757e-01   3.0178206e+00
   2.6122430e+00   9.6524277e-01   5.7143688e+00   2.8154917e+00   1.3807451e-01   1.1073687e+00
   4.5833487e+00   1.7259798e+00   1.7435213e+01   9.7949644e+00   6.5007892e-01   3.2684694e+00
   2.9358889e+00   2.2486084e+00   9.7225608e+00   9.7523523e+00   9.1133794e-01   1.1107194e+00
   1.1711287e+00   3.6734959e+00   7.0854038e+00   9.5504884e+00   2.4121693e+00   2.1562120e-01
   4.4050978e+00   2.4329740e+00   1.8960275e+01   1.3311607e+01   1.1860406e+00   2.7030517e+00
   3.8632926e+00   3.1724646e+00   1.9039016e+01   1.5237386e+01   1.7278517e+00   2.4466656e+00
   3.9658787e+00   1.9037189e+00   1.4848216e+01   8.3769210e+00   8.5783396e-01   2.7125334e+00
   1.5814895e+00   3.7746999e+00   6.8984955e+00   1.4384070e+01   2.4074695e+00   3.6903929e-01
   1.1139310e+00   2.0494213e+00   3.4276407e+00   3.7633346e+00   1.0285411e+00   1.8834369e-01
   4.0460205e+00   4.8814175e+00   2.5229395e+01   2.9896955e+01   4.1539697e+00   2.7719531e+00
   4.4939446e+00   2.3581147e+00   1.8692418e+01   1.1919409e+01   9.3367926e-01   3.0900713e+00
   2.0902015e+00   2.6581608e+00   7.1298873e+00   1.0129553e+01   1.4922628e+00   6.4232996e-01
   2.9209777e+00   3.3893169e+00   9.6242490e+00   1.4881783e+01   1.9364466e+00   1.3807552e+00
   2.3079171e+00   3.9723631e+00   1.0559502e+01   1.5451253e+01   3.0767011e+00   9.2073186e-01
   9.4032278e-01   1.6684381e+00   2.3457721e+00   2.2395753e+00   5.3002185e-01   1.3992626e-01
   4.0631827e+00   1.3206260e+00   1.1328931e+01   7.9393920e+00   4.3298474e-01   2.4047306e+00
   1.6177265e+00   4.9011906e+00   1.0390943e+01   2.0409574e+01   4.3217781e+00   3.0171097e-01
   2.5788576e+00   4.0981689e+00   1.4288170e+01   2.1157918e+01   3.0746394e+00   1.2853223e+00
   1.7843708e+00   1.9673451e+00   3.6500915e+00   4.6992812e+00   6.3323513e-01   5.8555968e-01
   9.5127765e-01   1.9985928e+00   3.7697671e+00   3.8268102e+00   7.8634484e-01   1.3375162e-01
   3.1366603e+00   1.4285957e+00   8.1294961e+00   5.6038111e+00   6.0099331e-01   1.6371436e+00
   5.2461913e-01   3.5643486e+00   3.4553387e+00   1.1192242e+01   2.3915334e+00   6.8027664e-02
   1.5684720e+00   1.3846693e+00   2.0963726e+00   2.8549000e+00   3.4081409e-01   5.1488398e-01
   4.9701854e+00   1.7478208e+00   1.9689211e+01   1.0195365e+01   5.4314559e-01   3.6929565e+00
   3.8623967e+00   3.3617491e+00   1.9216283e+01   1.7370659e+01   2.1453552e+00   2.1718504e+00
   9.0079582e-01   9.5892158e-01   1.6577835e+00   6.8103061e-01   1.5070119e-01   9.6070800e-02
   8.1082592e-01   8.6307695e-01   1.2238732e+00   1.0438759e+00   1.2302887e-01   1.5044617e-01
   4.0702524e+00   3.8421843e+00   2.0661509e+01   2.2193123e+01   2.5596374e+00   2.4432331e+00
   5.2015808e-01   2.0072323e+00   1.4748583e+00   3.8083037e+00   7.0407033e-01   3.3235436e-02
   1.4675334e+00   3.2731244e+00   6.1658816e+00   1.0567193e+01   1.6665679e+00   3.8139088e-01
   1.7308842e+00   2.6383207e+00   5.4571513e+00   9.1435491e+00   1.1648318e+00   5.3299725e-01
   3.6662472e+00   3.8723543e+00   1.6178556e+01   2.2929398e+01   2.2951236e+00   2.0293829e+00
   4.1274326e+00   3.3201864e+00   2.1142276e+01   2.0586321e+01   2.1472212e+00   2.7818275e+00
   3.4683209e+00   1.8525096e+00   1.2662763e+01   7.9211636e+00   6.1348860e-01   1.9517837e+00
   2.6123917e+00   4.6849438e+00   1.4283934e+01   1.8523709e+01   4.3497633e+00   1.0435708e+00
   3.9349431e+00   2.7043519e+00   1.7776566e+01   1.0958971e+01   1.4962007e+00   2.1356113e+00
   3.1533467e+00   9.9800202e-01   8.5873399e+00   5.2702777e+00   2.6157615e-01   1.5165360e+00
   3.8412514e+00   4.1738746e+00   2.2689553e+01   2.2952782e+01   3.0515829e+00   2.1889601e+00
   3.2706665e+00   4.5736821e+00   1.6208992e+01   2.0915429e+01   3.8416174e+00   1.4493874e+00
   1.7831806e+00   3.3455730e+00   7.0275337e+00   1.2362622e+01   2.0731333e+00   4.6997998e-01
   1.0519577e+00   2.0304070e+00   2.9785167e+00   2.8309281e+00   7.7261069e-01   1.7909015e-01
   2.6546463e+00   2.9656824e+00   7.9825365e+00   1.3610932e+01   1.3535551e+00   1.2007325e+00
   2.7652172e+00   8.6897421e-01   5.3966679e+00   2.7720012e+00   1.1182335e-01   1.1390967e+00
   1.5226056e+00   2.0691265e+00   3.1269878e+00   4.5721658e+00   6.9710714e-01   4.1549343e-01
   3.1088701e+00   4.6616356e+00   1.6720251e+01   2.3652231e+01   4.0179902e+00   1.3093861e+00
   1.6744750e+00   4.3069130e+00   1.1175150e+01   1.3358128e+01   3.3638889e+00   3.3173152e-01
   7.3525191e-01   1.3791029e+00   1.2281462e+00   1.6023399e+00   3.1108350e-01   5.9069484e-02
   1.7640703e+00   4.1466773e+00   9.6896203e+00   1.5782634e+01   3.0412778e+00   5.7687060e-01
   3.9468825e+00   1.7347149e+00   1.4927815e+01   9.5355847e+00   5.2400808e-01   2.5087693e+00
   2.1505104e+00   3.3858740e+00   7.9481418e+00   1.1692307e+01   1.8539577e+00   6.5698087e-01
   1.2739507e+00   2.9982940e+00   4.1189485e+00   7.6399054e+00   1.5918195e+00   3.3596576e-01
   2.7338474e+00   3.0473902e+00   1.0714516e+01   1.3780712e+01   1.7656390e+00   1.1757422e+00
   3.3697305e+00   4.3595447e+00   2.0561951e+01   2.3679263e+01   4.3269356e+00   1.9550686e+00
   2.0237595e+00   9.5383096e-01   4.0818523e+00   3.3999631e+00   1.5798238e-01   7.9679028e-01
   4.9883985e+00   4.4411556e+00   3.1616694e+01   3.0288106e+01   3.3185286e+00   3.7330598e+00
   4.4759272e+00   3.7827788e+00   2.3513479e+01   2.1769774e+01   2.4232301e+00   3.1084443e+00
   4.7547692e+00   2.4933275e+00   2.6508365e+01   1.4712007e+01   1.4008590e+00   3.4848521e+00
   4.7812528e+00   1.4315780e+00   1.7868532e+01   9.2274162e+00   4.5019404e-01   3.8055953e+00
   6.0402137e-01   1.1992260e+00   1.2823470e+00   2.5265903e+00   4.1562808e-01   5.1184301e-02
   2.5801699e+00   3.7815006e+00   1.3485558e+01   1.7473059e+01   2.3471873e+00   1.0278570e+00
   3.6894777e+00   1.8429529e+00   1.3140913e+01   9.7783892e+00   5.6075397e-01   1.9685008e+00
   4.4710735e+00   3.0423699e+00   1.8294992e+01   1.6869756e+01   1.5244105e+00   3.1289572e+00
   1.0743240e+00   2.9993508e+00   4.0266122e+00   9.0205082e+00   1.6631679e+00   2.1238358e-01
   1.9975503e+00   3.7070634e+00   8.0835215e+00   1.3194270e+01   2.4581337e+00   5.5181389e-01
   1.7832803e+00   4.9409323e+00   1.1552444e+01   2.2718393e+01   4.4322268e+00   6.1030700e-01
   1.5290120e+00   2.6807616e+00   4.5931209e+00   7.4386201e+00   1.2877283e+00   4.1730290e-01
   2.9998918e+00   3.8584681e+00   1.4920064e+01   1.6030016e+01   2.4536109e+00   1.4614190e+00
   2.6141822e+00   2.8988716e+00   1.0469956e+01   1.2349745e+01   1.5165944e+00   1.2610848e+00
   1.6905302e+00   4.9600298e+00   1.1053069e+01   1.7272349e+01   3.7886766e+00   3.6925561e-01
   4.7098275e+00   1.0522689e+00   1.6553631e+01   7.7424457e+00   1.8870048e-01   3.6347763e+00
   4.8599818e+00   4.7822282e+00   3.7616740e+01   3.2863355e+01   4.9999499e+00   3.7715861e+00
   1.4707546e+00   1.0956096e+00   2.7890267e+00   1.7743656e+00   2.2689781e-01   3.8101780e-01
   1.2286668e+00   1.0442743e+00   1.6386982e+00   1.6684350e+00   2.5483426e-01   2.3410451e-01
   2.5524030e+00   4.6116377e+00   1.5865668e+01   2.3168639e+01   3.7931031e+00   1.1079748e+00
   1.6466958e+00   4.7677603e+00   9.1417793e+00   1.8186349e+01   3.7920318e+00   3.8496348e-01
   1.6966986e+00   3.4898053e+00   7.6733543e+00   1.1132714e+01   2.0661076e+00   4.6802448e-01
   4.9585858e+00   3.0232354e+00   2.3179878e+01   1.7151331e+01   1.5247927e+00   3.5530355e+00
   3.0158157e+00   1.2075572e+00   8.1231779e+00   3.0164446e+00   2.6159680e-01   1.4351409e+00
   4.3151307e+00   3.6348872e+00   2.4119403e+01   2.2562673e+01   2.4625060e+00   3.2126863e+00
   1.9667119e+00   2.3550941e+00   4.4113483e+00   6.0171391e+00   8.7449190e-01   5.5706940e-01
   1.5592443e+00   3.1287264e+00   5.1457962e+00   1.0884597e+01   1.7831795e+00   3.8033212e-01
   3.7692850e+00   4.9483772e+00   2.3427314e+01   2.8042525e+01   3.9657724e+00   2.1764470e+00
   1.1196960e+00   5.7914329e-01   1.5298402e+00   6.8227419e-01   1.7915032e-01   1.9496528e-01
   3.1506128e+00   3.2981211e+00   1.3319056e+01   1.8087856e+01   1.9637826e+00   1.7007113e+00
   3.5841023e+00   1.1327051e+00   1.0657356e+01   4.5902809e+00   3.3701092e-01   1.9746251e+00
   4.7328720e+00   4.1163718e+00   2.9584629e+01   2.3801333e+01   3.4795602e+00   3.6376147e+00
   4.0592485e+00   8.6675192e-01   1.3806077e+01   4.7827930e+00   1.4768910e-01   2.3293457e+00
   1.1580279e+00   1.9843846e+00   2.8264683e+00   3.3561932e+00   6.8700955e-01   1.6825305e-01
   3.9146449e+00   1.6561335e+00   1.3495310e+01   8.9215369e+00   5.8398220e-01   2.2120831e+00
   2.3334504e+00   8.3287149e-01   4.5226520e+00   9.5417720e-01   1.1327036e-01   8.9434701e-01
   2.1297663e+00   1.7256675e+00   5.8257581e+00   6.9343546e+00   6.7394724e-01   8.3602657e-01
   4.5470939e+00   2.7947697e+00   2.0201808e+01   1.4688176e+01   1.4468388e+00   3.2953257e+00
   2.5580469e+00   2.2921426e+00   7.9097936e+00   9.5102953e+00   9.3657690e-01   1.1052105e+00
   1.2510439e+00   5.2052423e-01   2.6188420e+00   7.1429956e-01   5.6631721e-02   1.9296032e-01
   2.0500512e+00   1.0797830e+00   4.3384117e+00   2.8904110e+00   2.4834947e-01   7.1502694e-01
   7.2677752e-01   4.6329248e+00   5.7846343e+00   1.4830848e+01   4.0317673e+00   4.0982484e-02
   9.2113806e-01   1.7365026e+00   2.0628429e+00   2.8156020e+00   5.3088824e-01   1.2806851e-01
   1.2365637e+00   3.8837412e+00   5.5140300e+00   1.1499960e+01   2.9496913e+00   1.4350643e-01
   3.3431760e+00   4.9032495e+00   2.1837772e+01   3.1291850e+01   4.2587450e+00   1.8593807e+00
   3.8449276e+00   3.0800675e+00   1.3712679e+01   1.7383851e+01   1.4788605e+00   2.3721354e+00
   4.0064967e+00   2.6574698e+00   1.7096284e+01   1.4137274e+01   1.5124522e+00   2.8520164e+00
   2.8436375e+00   1.0346716e+00   6.8736552e+00   3.7264973e+00   1.7850775e-01   1.2841107e+00
   6.0089745e-01   2.9771188e+00   2.2656679e+00   6.0858488e+00   1.9700060e+00   2.5152610e-02
   3.1977230e+00   3.6493604e+00   1.7599831e+01   1.9203576e+01   2.4791340e+00   1.5579340e+00
   2.0217500e+00   3.6833972e+00   9.8940650e+00   1.8027896e+01   2.4253108e+00   8.2737709e-01
   4.0297257e+00   1.5888138e+00   1.4805076e+01   7.8874659e+00   6.0289540e-01   2.4071769e+00
   4.5314266e+00   2.7107080e+00   2.0360585e+01   1.6499172e+01   1.3473232e+00   3.5029884e+00
   2.4165791e+00   2.9899861e+00   9.6168587e+00   1.0577978e+01   1.4559378e+00   8.3258267e-01
   4.9916526e+00   2.4831240e+00   2.5198459e+01   1.7077859e+01   1.3449938e+00   3.7761142e+00
   4.2384583e+00   3.5073349e+00   1.9922664e+01   2.2781930e+01   2.1351448e+00   3.0652201e+00
   3.3297873e+00   4.7034659e+00   1.5814320e+01   2.6016095e+01   4.1676027e+00   1.7296116e+00
   4.0450671e+00   3.4350826e+00   1.8413596e+01   1.8284549e+01   2.2340453e+00   2.5035217e+00
   4.9227356e+00   1.2524158e+00   1.8850081e+01   9.4000668e+00   3.1211259e-01   3.7717239e+00
   1.3069493e+00   1.5802074e+00   2.7123291e+00   2.4795448e+00   6.3183286e-01   1.8843894e-01
   2.4498274e+00   2.2339817e+00   7.1323199e+00   6.9175785e+00   1.0500423e+00   8.7940885e-01
   2.3709024e+00   1.9430193e+00   6.0217857e+00   5.5600028e+00   7.6624698e-01   9.8482069e-01
   4.8376379e+00   3.0997991e+00   2.3316998e+01   2.1312126e+01   1.7326223e+00   3.8825631e+00
   9.8397762e-01   4.9424060e+00   7.6080963e+00   2.2106958e+01   4.5978251e+00   1.5049520e-01
   4.1506798e+00   1.7080034e+00   1.4185430e+01   7.5303993e+00   4.1965375e-01   2.4124420e+00
   2.5678673e+00   3.1013348e+00   8.0633761e+00   1.2040675e+01   2.0922400e+00   9.2873095e-01
   3.3152812e+00   1.8145872e+00   1.0228972e+01   6.9536143e+00   5.5721191e-01   1.8118922e+00
   4.0423787e+00   4.6325293e+00   2.4793542e+01   3.1043119e+01   3.5026909e+00   2.6545330e+00
   4.6611585e+00   1.0147387e+00   1.7284059e+01   6.3777079e+00   2.4355472e-01   3.2472541e+00
   4.6750122e+00   2.6346332e+00   2.1811777e+01   1.4865692e+01   1.1119835e+00   3.5211050e+00
   4.9553058e+00   4.0961635e+00   3.4440211e+01   2.9149141e+01   3.4967848e+00   4.3754582e+00
   4.6415255e+00   4.2162352e+00   2.8844554e+01   2.7357492e+01   3.7680444e+00   3.2644271e+00
   2.4400762e+00   2.1825668e+00   8.0975509e+00   7.0250583e+00   8.8093028e-01   7.7596939e-01
   3.9995189e+00   1.8122067e+00   1.3912160e+01   9.7231762e+00   5.6340505e-01   2.7225174e+00
   2.3865049e+00   2.1855302e+00   5.6908734e+00   7.2106609e+00   9.5226059e-01   1.0720806e+00
   3.4873372e+00   4.9402843e+00   2.2472949e+01   2.9756364e+01   4.4908027e+00   1.9382132e+00
   1.3794803e+00   2.4498627e+00   4.5669915e+00   5.1165173e+00   1.0381372e+00   2.9536466e-01
   1.2813421e+00   4.1694522e+00   6.6481836e+00   1.5380173e+01   3.1788432e+00   1.9390231e-01
   4.8040533e+00   7.8916799e-01   1.3214062e+01   5.0743237e+00   7.6316134e-02   3.5011314e+00
   4.9326648e+00   2.4249013e+00   2.1182569e+01   1.5214566e+01   9.5228131e-01   4.1376474e+00
   4.7362002e+00   5.8975403e-01   1.4133117e+01   6.2953966e+00   4.6390507e-02   3.3406502e+00
   1.8566297e+00   2.2168485e+00   5.4752382e+00   6.3862662e+00   9.2781963e-01   6.7371758e-01
   4.6697964e+00   2.3628866e+00   1.9118534e+01   1.4497094e+01   9.1330351e-01   3.1692540e+00
   2.8876287e+00   3.0191777e+00   1.2677175e+01   1.1017504e+01   1.7441666e+00   1.3605258e+00
   4.3712182e+00   4.4754079e+00   2.4705104e+01   3.0204013e+01   3.7314694e+00   2.7699890e+00
   1.7282522e+00   2.6894946e+00   4.2898791e+00   7.5492951e+00   1.2807757e+00   4.7518181e-01
   4.7415963e+00   3.9382708e+00   2.7039412e+01   2.8524603e+01   2.6596603e+00   3.5815996e+00
   2.8396171e+00   3.5187599e+00   1.2421907e+01   1.6065829e+01   2.0044846e+00   1.4026168e+00
   2.6667922e+00   4.1390844e+00   1.1851637e+01   1.7884640e+01   2.7439570e+00   1.2987274e+00
   1.7119232e+00   4.9657008e+00   1.2197299e+01   2.1661651e+01   4.5024735e+00   5.0362926e-01
   3.3067246e+00   4.2332496e+00   1.6528705e+01   2.1547417e+01   3.1636646e+00   1.8875776e+00
   4.7992679e+00   1.4330571e+00   1.7279295e+01   8.9293751e+00   4.3561909e-01   3.5287021e+00
   2.4698599e+00   4.4384502e+00   1.5281550e+01   2.0731341e+01   3.6768548e+00   9.0116803e-01
   4.4259032e+00   1.0964520e+00   1.6070052e+01   8.2412305e+00   2.0114628e-01   3.4121449e+00
   3.6563437e+00   2.2417419e+00   1.0969832e+01   8.4857232e+00   7.4601159e-01   1.7455414e+00
   2.6477706e+00   1.1098896e+00   6.3654546e+00   3.4064784e+00   1.5286077e-01   1.0898274e+00
   2.2522980e+00   4.8718306e+00   1.3485664e+01   2.4843920e+01   4.5528160e+00   9.2448452e-01
   2.2664752e+00   8.4601700e-01   6.1569115e+00   3.4245860e+00   1.7027830e-01   8.0130469e-01
   1.2499609e+00   3.9770859e+00   5.1803534e+00   1.2731493e+01   2.5456112e+00   2.3269542e-01
   2.2328454e+00   3.9764886e+00   1.1399946e+01   1.7035585e+01   2.9428520e+00   6.8450164e-01
   1.6019385e+00   1.9178535e+00   4.4373694e+00   3.4444040e+00   6.1109112e-01   4.5398664e-01
   4.1475480e+00   2.3399119e+00   1.7756424e+01   1.0025739e+01   9.4904751e-01   2.4962301e+00
   1.9273144e+00   2.9866178e+00   7.9358015e+00   1.1447025e+01   1.5160113e+00   5.0189469e-01
   3.0260371e+00   2.4573754e+00   9.8697721e+00   1.1881379e+01   1.0274709e+00   1.4261612e+00
   1.8173469e+00   1.0306570e+00   2.6295420e+00   2.8567225e+00   2.7004204e-01   5.3043785e-01
   4.1271397e+00   3.9411641e+00   1.9203836e+01   2.0748392e+01   2.6645571e+00   2.7234409e+00
   1.3304651e+00   3.4782456e+00   4.8230701e+00   1.0105802e+01   2.0529772e+00   2.6984783e-01
   5.9422648e-01   4.3677217e+00   4.2914713e+00   1.6004225e+01   3.2878686e+00   7.1287014e-02
   2.2147354e+00   4.7050935e+00   1.5533906e+01   2.1328146e+01   4.6232033e+00   6.9676425e-01
   1.0781362e+00   2.6142414e+00   3.8521669e+00   6.9370894e+00   1.5621954e+00   2.0012152e-01
   6.1547675e-01   4.2075143e+00   3.2799792e+00   1.4737701e+01   3.2244117e+00   8.6043138e-02
   2.3993378e+00   9.0202054e-01   5.5376861e+00   2.0655695e+00   1.3038160e-01   9.0818208e-01
   4.3358202e+00   1.8483440e+00   1.5940775e+01   1.1100083e+01   7.2454378e-01   3.0557204e+00
   1.2986002e+00   8.5640491e-01   1.6821889e+00   1.0371446e+00   9.7803790e-02   2.2791691e-01
   1.0092381e+00   2.0712380e+00   3.1720474e+00   4.2844167e+00   7.9997529e-01   1.0193929e-01
   1.1027857e+00   4.1415425e+00   6.2190070e+00   1.5231150e+01   2.8687873e+00   2.6664951e-01
   1.1877863e+00   3.6510914e+00   6.1671984e+00   9.0131665e+00   2.4582355e+00   1.4069402e-01
   2.8570247e+00   4.8897777e+00   1.6977600e+01   2.6186417e+01   4.1586891e+00   1.1186823e+00
   2.7429815e+00   4.6654763e+00   1.3983453e+01   2.5228996e+01   3.5839124e+00   1.6149986e+00
   3.0451898e+00   9.2269381e-01   5.9261309e+00   3.9036873e+00   9.3847170e-02   1.5148936e+00
   2.4936211e+00   1.1083687e+00   4.7414530e+00   4.3771648e+00   2.1794810e-01   9.7096828e-01
   2.3826823e+00   7.6156004e-01   5.4012497e+00   2.1171639e+00   1.4085234e-01   7.5324801e-01
   4.0920695e+00   3.2601030e+00   1.9907422e+01   1.9380839e+01   1.9865881e+00   2.6599784e+00
   2.2444513e+00   4.2361360e+00   1.1947942e+01   2.2528975e+01   3.0206200e+00   8.6710010e-01
   3.1003476e+00   3.1747057e+00   1.2539845e+01   1.4680854e+01   1.6662561e+00   1.5278500e+00
   2.0998767e+00   2.1181728e+00   6.3733781e+00   6.0900929e+00   7.8890386e-01   8.7091398e-01
   2.5499893e+00   4.8750609e+00   1.7903971e+01   2.3436453e+01   4.2772922e+00   1.1577315e+00
   2.2859917e+00   1.6836201e+00   5.7905908e+00   3.9294281e+00   5.4646759e-01   8.5045257e-01
   1.1660981e+00   4.8770367e+00   9.0824881e+00   1.7269089e+01   4.1702517e+00   2.0822977e-01
   1.2164734e+00   2.9777635e+00   5.2308418e+00   6.7095674e+00   1.7424462e+00   2.4041941e-01
   5.9331450e-01   2.5039937e+00   3.0685239e+00   8.0422669e+00   1.1211340e+00   3.4642565e-02
   2.5987233e+00   4.5429894e+00   1.4307547e+01   2.0372659e+01   4.1407399e+00   9.3518515e-01
   2.8887579e+00   2.7606537e+00   1.4577769e+01   9.3230138e+00   1.4362039e+00   1.0840785e+00
   2.9605091e+00   4.6351199e+00   1.5032882e+01   2.4881773e+01   3.6894790e+00   1.5869702e+00
   6.8977596e-01   4.6972048e+00   5.5945906e+00   1.5700851e+01   3.8537501e+00   3.2631502e-03
   4.1520204e+00   1.0172634e+00   1.3697587e+01   6.3387142e+00   1.8070441e-01   2.6568789e+00
   3.4418462e+00   3.8201032e+00   1.8980236e+01   1.7570293e+01   2.6114318e+00   2.0224201e+00
   3.1683161e+00   3.4782031e+00   1.3460592e+01   1.6678840e+01   2.1478797e+00   1.6493692e+00
   3.7432045e+00   3.9461424e+00   1.6868644e+01   2.3221952e+01   2.4793786e+00   2.3369928e+00
   2.2864091e+00   1.0878519e+00   4.2897808e+00   3.3677730e+00   1.3384061e-01   8.5375606e-01
   1.4672232e+00   4.9075923e+00   9.5439034e+00   2.0706218e+01   4.0259601e+00   4.6132530e-01
   3.3201590e+00   3.5229476e+00   1.7822893e+01   1.7625023e+01   2.4440310e+00   1.4644679e+00
   4.1904244e+00   4.4466124e+00   2.4746526e+01   2.9438434e+01   4.1149580e+00   2.8274855e+00
   3.0665703e+00   7.4352945e-01   6.4925858e+00   3.7209570e+00   7.5765124e-02   1.4245299e+00
   3.6701111e+00   2.7111646e+00   1.3186366e+01   1.3765248e+01   1.2951054e+00   2.3160280e+00
   3.7551586e+00   2.6958700e+00   1.6937408e+01   1.2316129e+01   1.1919681e+00   2.2213112e+00
   3.3758230e+00   3.1181186e+00   1.4628982e+01   1.3412595e+01   1.6561412e+00   1.8035080e+00
   2.9565310e+00   4.6023222e+00   1.5891566e+01   2.3716115e+01   3.2976365e+00   1.3610869e+00
   1.0738836e+00   3.8914435e+00   5.6065563e+00   1.1834776e+01   2.7427970e+00   1.7323238e-01
   5.7540875e-01   4.4866569e+00   5.6517830e+00   1.5044315e+01   3.5676592e+00   4.1633645e-02
   3.0849715e+00   1.2856392e+00   6.1694916e+00   5.0586752e+00   2.2299051e-01   1.3933776e+00
   2.3209061e+00   8.3277384e-01   4.4248390e+00   1.9025754e+00   1.7788492e-01   8.5449124e-01
   4.6306628e+00   1.7117781e+00   1.8370155e+01   1.0200210e+01   5.6180141e-01   3.2835687e+00
   1.0232988e+00   1.4571645e+00   1.8904808e+00   3.4852388e+00   4.8692151e-01   1.8649059e-01
   2.9867802e+00   1.9790331e+00   8.5481915e+00   7.1983349e+00   5.4712797e-01   1.5746217e+00
   1.6029123e+00   3.4736986e+00   7.4997315e+00   1.1987195e+01   2.4788515e+00   3.0008207e-01
   1.2921640e+00   2.6607307e+00   3.6525588e+00   6.2815243e+00   1.1859813e+00   1.9340313e-01
   4.6737917e+00   1.4522840e+00   1.6448051e+01   8.5148110e+00   3.3460612e-01   3.4248361e+00
   1.0559158e+00   4.2400883e+00   6.9144089e+00   1.2817098e+01   3.2305426e+00   1.3303845e-01
   4.1096193e+00   1.4940881e+00   1.3195897e+01   8.1834627e+00   3.9535522e-01   2.5443551e+00
   2.0292982e+00   3.7548206e+00   7.6896057e+00   1.4564623e+01   2.4701022e+00   6.6391814e-01
   9.7861193e-01   3.4768073e+00   5.3337932e+00   9.9160775e+00   2.0060512e+00   1.1038026e-01
   2.1030152e+00   1.5169357e+00   5.0439000e+00   3.3991357e+00   4.2202637e-01   5.9995654e-01
   4.3888017e+00   3.8382713e+00   2.4410071e+01   2.0964472e+01   2.5739884e+00   2.5921505e+00
   2.1210063e+00   4.5149958e+00   1.1653818e+01   1.9969874e+01   3.6758184e+00   7.2852673e-01
   4.6942145e+00   3.7469760e+00   2.9152630e+01   2.1425634e+01   2.4219314e+00   3.8689222e+00
   3.8877701e+00   2.3496445e+00   1.6258973e+01   1.3250699e+01   1.0510549e+00   2.5081324e+00
   3.3976918e+00   3.7199866e+00   1.5520591e+01   2.0264184e+01   2.1845578e+00   1.8737797e+00
   4.5856615e+00   4.7371223e+00   3.1657730e+01   3.2927298e+01   4.1397624e+00   3.4853232e+00
   2.0043674e+00   4.7093349e+00   1.2630714e+01   1.8930853e+01   4.3152155e+00   4.3808760e-01
   2.2972377e+00   3.0498990e+00   8.4577160e+00   1.2519668e+01   1.5964699e+00   8.3909990e-01
   3.6349783e+00   6.5903841e-01   9.9636737e+00   3.9050874e+00   7.5722033e-02   1.6351006e+00
   1.5987071e+00   7.7099297e-01   2.1608126e+00   1.6993633e+00   5.3493122e-02   4.7120615e-01
   1.9230386e+00   1.3481916e+00   3.3066351e+00   4.5841164e+00   2.7519922e-01   6.6566019e-01
   3.6828364e+00   2.1926440e+00   1.1986433e+01   1.1755592e+01   8.5134720e-01   2.1285565e+00
   2.8818263e+00   3.0590366e+00   9.8644477e+00   1.3359184e+01   1.7861979e+00   1.3089729e+00
   4.9102267e+00   3.5106445e+00   2.7609523e+01   2.4448169e+01   2.4711724e+00   3.8231770e+00
   2.1446601e+00   4.5724365e+00   1.5203679e+01   1.9703007e+01   3.7719706e+00   8.7209763e-01
   3.2892829e+00   4.0074344e+00   1.7524288e+01   2.0050643e+01   2.8367017e+00   1.4981823e+00
   4.4612063e+00   4.4874885e+00   3.0626610e+01   2.6144180e+01   3.8364789e+00   3.3710262e+00
   2.8982027e+00   3.4432085e+00   1.2731547e+01   1.2761901e+01   1.9949080e+00   1.4108607e+00
   1.0612150e+00   1.0684142e+00   1.3199617e+00   2.1542630e+00   2.5909160e-01   1.5833473e-01
   4.1466977e+00   5.0722847e-01   9.8555429e+00   4.3607369e+00   4.7244947e-02   2.6996736e+00
   2.4904405e+00   1.2827459e+00   7.3331799e+00   4.0424624e+00   4.2391659e-01   8.0977568e-01
   2.4305697e+00   3.3523810e+00   8.6673725e+00   1.4259107e+01   1.7805740e+00   8.3074700e-01
   1.1547066e+00   4.1811667e+00   6.0825526e+00   1.5181019e+01   3.1464940e+00   2.7352841e-01
   1.4961938e+00   2.5209401e+00   5.2329325e+00   7.1138370e+00   1.0273087e+00   3.0143497e-01
   2.2039279e+00   4.1401678e+00   1.0532677e+01   1.5302000e+01   2.7982510e+00   6.5322700e-01
   3.3293251e+00   6.2916833e-01   6.7780436e+00   3.5217395e+00   8.4064146e-02   1.6423704e+00
   3.6190379e+00   6.5763037e-01   7.6603749e+00   3.5536960e+00   7.0518779e-02   1.8944482e+00
   2.0613845e+00   2.2257166e+00   5.6004437e+00   8.0760731e+00   8.3695048e-01   8.2713535e-01
   3.7058388e+00   1.8803376e+00   1.3871424e+01   8.9460915e+00   6.6399432e-01   1.8892278e+00
   1.4718951e+00   1.9387927e+00   3.3028897e+00   4.6618534e+00   7.8409328e-01   3.7956474e-01
   3.2644191e+00   1.5373848e+00   9.6006281e+00   5.8400651e+00   3.4444516e-01   1.7043144e+00
   2.6395807e+00   4.4873334e+00   1.3774273e+01   2.0606424e+01   3.5077139e+00   1.2369936e+00
   2.0338027e+00   2.6927928e+00   7.8232633e+00   8.9290524e+00   1.3113492e+00   7.0230350e-01
   3.8519097e+00   6.8485405e-01   9.7721381e+00   3.5534836e+00   5.5801611e-02   2.2674504e+00
   3.5135345e+00   3.7036761e+00   1.9978993e+01   1.8601846e+01   2.5829294e+00   1.8816482e+00
   3.0071857e+00   3.3962541e+00   1.4876235e+01   1.5019300e+01   2.1384394e+00   1.2349542e+00
   3.7751582e+00   4.7933029e+00   2.5182906e+01   2.7128784e+01   4.5098979e+00   2.2449766e+00
   4.7085980e+00   3.4781315e+00   2.5199565e+01   1.9950544e+01   2.3158895e+00   3.2965097e+00
   1.6858245e+00   1.7672255e+00   5.7285612e+00   5.1801806e+00   7.8077717e-01   3.6598281e-01
   1.3517860e+00   4.0051900e+00   7.5612564e+00   1.2014298e+01   3.0909558e+00   2.5888447e-01
   1.7166644e+00   8.3267902e-01   2.5219727e+00   1.6795573e+00   1.5499186e-01   4.1634049e-01
   1.1672258e+00   1.8034863e+00   2.4618689e+00   4.8776579e+00   8.2451187e-01   2.7369573e-01
   1.2396251e+00   1.9909492e+00   2.9257428e+00   3.5581762e+00   7.0826941e-01   1.5489411e-01
   4.0971166e+00   1.4159372e+00   1.4036033e+01   6.2885239e+00   3.7780450e-01   2.8228693e+00
   1.5180933e+00   3.1379549e+00   5.9121735e+00   1.0878813e+01   1.7026008e+00   4.3855706e-01
   8.0081588e-01   3.0245719e+00   4.0282363e+00   8.7909351e+00   1.5648122e+00   7.3888258e-02
   1.4007032e+00   5.2168152e-01   1.2765518e+00   8.8214381e-01   8.0353905e-03   2.4457576e-01
   4.6272049e+00   3.6091132e+00   2.7195071e+01   2.2194200e+01   2.4136939e+00   3.4310821e+00
   1.8508969e+00   1.8361052e+00   4.6691194e+00   7.0944367e+00   5.7775182e-01   6.4506619e-01
   2.8379631e+00   2.7479537e+00   8.6737095e+00   1.2425174e+01   1.1488615e+00   1.1717033e+00
   4.9218915e+00   2.3149626e+00   2.4172463e+01   1.3810773e+01   1.0986003e+00   3.6222170e+00
   2.8449518e+00   3.3187182e+00   1.3621747e+01   1.4778584e+01   1.9340131e+00   1.3804350e+00
   3.0541366e+00   3.4369692e+00   1.2909297e+01   1.5972271e+01   2.0294742e+00   1.5009673e+00
   1.5036212e+00   7.8985886e-01   2.1291268e+00   1.5841882e+00   9.0191224e-02   3.0124975e-01
   2.1678843e+00   3.3243909e+00   9.1126022e+00   1.2460518e+01   1.9397585e+00   7.2734631e-01
   2.7762786e+00   2.7020164e+00   1.1403873e+01   1.1539869e+01   1.4771794e+00   1.3815885e+00
   2.5522781e+00   5.5228333e-01   3.6819409e+00   1.2134173e+00   1.9153945e-02   9.2920104e-01
   4.6716468e+00   5.2571745e-01   1.4399448e+01   4.0130650e+00   6.7152976e-02   3.2799609e+00
   3.7112254e+00   2.6917686e+00   1.7439085e+01   1.1597502e+01   1.4351364e+00   2.0637087e+00
   3.5192954e+00   4.1013061e+00   2.0111953e+01   2.0330779e+01   3.2207929e+00   1.8382792e+00
   1.2401298e+00   3.6786204e+00   6.6660081e+00   1.3835143e+01   2.1508946e+00   2.6947462e-01
   1.1359431e+00   1.5529617e+00   2.2556380e+00   2.8627696e+00   3.2078675e-01   2.5502658e-01
   2.0352741e+00   2.3232874e+00   4.9084081e+00   6.9916628e+00   1.1906942e+00   6.7983888e-01
   5.6522213e-01   3.6687914e+00   3.6941728e+00   9.3541788e+00   2.2775345e+00   5.4369203e-02
   2.9529358e+00   1.8282662e+00   1.0002337e+01   9.8337439e+00   5.8081940e-01   1.4688812e+00
   2.1740716e+00   4.4690137e+00   1.2603023e+01   1.9562176e+01   3.8450284e+00   6.0087242e-01
   4.7609028e+00   7.8592182e-01   1.5939654e+01   5.9449221e+00   1.3169022e-01   3.6884226e+00
   3.8446030e+00   3.3065811e+00   1.5337675e+01   1.6024871e+01   1.8241852e+00   2.3603640e+00
   1.0153459e+00   3.1849486e+00   4.7263556e+00   9.8360745e+00   1.9393539e+00   2.3995852e-01
   1.9603643e+00   4.0570348e+00   1.0002217e+01   1.6252935e+01   2.9540280e+00   6.3154824e-01
   3.2561203e+00   3.1977998e+00   1.3112747e+01   1.3734891e+01   1.9313865e+00   1.6438340e+00
   2.6636985e+00   4.3130203e+00   1.2800335e+01   2.2059673e+01   3.3644425e+00   1.0455731e+00
   1.3162528e+00   1.2133544e+00   1.7811860e+00   2.2586549e+00   2.6022322e-01   2.7210731e-01
   1.4481240e+00   4.7865034e+00   9.3326753e+00   1.8042219e+01   3.9099615e+00   2.8972805e-01
   1.3025030e+00   3.4877135e+00   4.8371595e+00   8.4761970e+00   2.1652721e+00   2.0480752e-01
   4.9507076e+00   4.4469564e+00   3.5361255e+01   2.6288564e+01   3.9587230e+00   4.0854676e+00
   2.8005429e+00   1.0290626e+00   5.6933764e+00   3.2385961e+00   1.0838916e-01   1.3160358e+00
   4.9996843e+00   3.9088697e+00   2.9302096e+01   2.5929369e+01   3.0761517e+00   4.2167636e+00
   1.5328150e+00   2.7207294e+00   5.8386404e+00   5.9667247e+00   1.4178646e+00   4.3109593e-01
   4.9780650e+00   1.5301016e+00   1.7341802e+01   8.1376086e+00   4.4679757e-01   3.4545710e+00
   4.1692232e+00   2.7949733e+00   1.8940987e+01   1.3021082e+01   1.5456095e+00   2.4782991e+00
   1.2619704e+00   1.1539471e+00   2.6809867e+00   1.2992150e+00   2.9813000e-01   1.7816512e-01
   4.0745199e+00   8.7840027e-01   9.6634442e+00   5.5646826e+00   1.4747273e-01   2.8127811e+00
   2.1934684e+00   2.7557805e+00   8.0344668e+00   9.1672185e+00   1.2620471e+00   7.9522209e-01
   2.7682076e+00   4.8654165e+00   1.4597891e+01   2.2698321e+01   4.3563464e+00   1.1649567e+00
   1.3513387e+00   1.0950232e+00   2.6427746e+00   3.0002270e+00   2.1432616e-01   4.0906023e-01
   3.5197611e+00   4.8566872e+00   2.0823955e+01   2.3895011e+01   4.7097289e+00   1.6659288e+00
   3.9941161e+00   4.0962276e+00   2.0590713e+01   2.2187073e+01   3.1016422e+00   2.5160675e+00
   1.1311219e+00   4.9032698e+00   1.0718317e+01   1.8133913e+01   4.5124867e+00   2.1286633e-01
   6.4350808e-01   4.6231313e+00   6.1017162e+00   1.7406951e+01   3.8108275e+00   9.6806024e-02
   3.0450225e+00   2.8810482e+00   1.3356951e+01   9.7846551e+00   1.6442030e+00   1.3105843e+00
   3.6273489e+00   4.8725049e+00   2.1425409e+01   3.1891466e+01   4.1264384e+00   1.9391299e+00
   3.8790163e+00   1.6893476e+00   1.3956157e+01   7.5610678e+00   4.8306051e-01   2.1780914e+00
   3.5884573e+00   2.7874562e+00   1.4821724e+01   1.3081227e+01   1.2529193e+00   1.9230204e+00
   2.7408055e+00   2.6889337e+00   9.0588220e+00   9.4371961e+00   1.3188386e+00   1.2411476e+00
   2.4837141e+00   2.7352318e+00   1.0812355e+01   1.0716128e+01   1.3640525e+00   9.0288621e-01
   4.6541710e+00   1.9509134e+00   1.5328620e+01   8.6203071e+00   6.7336659e-01   3.5338149e+00
   1.9793375e+00   3.6258724e+00   1.0414289e+01   1.2786474e+01   2.1903329e+00   5.2678703e-01
   2.9280612e+00   1.7455629e+00   8.6993195e+00   7.9805250e+00   5.4066988e-01   1.1532785e+00
   3.0428971e+00   2.5889479e+00   9.5313922e+00   1.2103256e+01   1.2134836e+00   1.4118999e+00
   2.0680727e+00   3.6075515e+00   8.8089582e+00   1.3465925e+01   2.2870019e+00   5.9135130e-01
   4.8462849e+00   1.4052188e+00   1.8190596e+01   8.8611343e+00   4.4867578e-01   3.8245058e+00
   2.7365695e+00   2.9238137e+00   1.1998246e+01   1.1350241e+01   1.4943958e+00   1.2363842e+00
   4.4668646e+00   2.2311148e+00   1.7077218e+01   1.3737621e+01   9.7727035e-01   3.0768111e+00
   2.7129483e+00   4.0821167e+00   1.2566887e+01   1.5615621e+01   2.6873801e+00   1.0474528e+00
   3.7113147e+00   1.2284174e+00   1.1985738e+01   6.3556234e+00   3.0885588e-01   2.0211768e+00
   2.2064249e+00   3.4968333e+00   9.7333082e+00   1.4521791e+01   2.2251505e+00   6.7830877e-01
   4.4890503e+00   1.9262366e+00   1.4004750e+01   1.1227798e+01   6.4205298e-01   3.0426997e+00
   3.8499991e+00   2.0112533e+00   1.0953864e+01   1.0028257e+01   7.3881392e-01   2.5423838e+00
   4.4058994e+00   2.7329242e+00   2.1462537e+01   1.5638780e+01   1.3113152e+00   3.1614650e+00
   1.6191310e+00   3.2601362e+00   6.7257770e+00   1.0722166e+01   2.0582758e+00   3.3985239e-01
   4.6970732e+00   1.8292376e+00   1.7870656e+01   1.0571609e+01   5.5090754e-01   3.0196950e+00
   6.0971167e-01   7.1237713e-01   9.0904168e-01   2.0458175e-01   1.4692368e-01   7.4788202e-02
   4.0257268e+00   4.1034937e+00   2.5928690e+01   2.4663009e+01   3.0234630e+00   2.3489103e+00
   1.1959676e+00   1.3985138e+00   2.6501272e+00   1.6303184e+00   3.5666470e-01   2.1040109e-01
   8.2964800e-01   2.4708851e+00   2.3325201e+00   6.3434669e+00   1.1589734e+00   1.0801822e-01
   4.3501573e+00   2.2273285e+00   1.5724741e+01   1.4867170e+01   8.2125447e-01   2.9970436e+00
   2.9402192e+00   2.9296309e+00   9.6419271e+00   1.0966379e+01   1.3694868e+00   1.2441305e+00
   2.8360162e+00   2.2762010e+00   8.4325735e+00   9.7576562e+00   1.0778614e+00   1.2151173e+00
   1.1370227e+00   2.4410772e+00   4.9233622e+00   4.2580884e+00   1.0879803e+00   2.1593038e-01
   8.0102922e-01   1.2207551e+00   1.3801791e+00   1.7440420e+00   2.0863503e-01   1.0464754e-01
   1.4371803e+00   1.4905543e+00   4.1830717e+00   2.3569420e+00   3.7476757e-01   2.2928408e-01
   2.0502807e+00   6.2217018e-01   3.4717420e+00   1.8267243e+00   1.5215306e-01   5.2645859e-01
   3.0696594e+00   2.8961777e+00   1.3228421e+01   1.3136478e+01   1.5378604e+00   1.5189025e+00
   4.2513977e+00   3.7238423e+00   2.1528822e+01   2.2166913e+01   2.0645905e+00   2.6489724e+00
   4.7661418e+00   5.1415016e-01   1.2623878e+01   5.8756257e+00   1.7843535e-02   3.4565495e+00
   2.9578699e+00   2.1934478e+00   9.8071091e+00   1.1054762e+01   9.5748699e-01   1.3002582e+00
   4.5177131e+00   1.5071190e+00   1.4497931e+01   8.6338146e+00   3.2784335e-01   3.2570210e+00
   4.1123973e+00   4.6737023e+00   2.6769798e+01   2.7868462e+01   4.2537195e+00   2.8498992e+00
   1.1451467e+00   2.1406049e+00   3.0343107e+00   3.8806757e+00   9.5870656e-01   1.8377966e-01
   2.3422814e+00   4.4715100e+00   1.2749901e+01   2.3310512e+01   3.6189620e+00   8.5608512e-01
   1.2884395e+00   9.6523272e-01   1.0435739e+00   1.1062980e+00   7.2707375e-02   1.3116718e-01
   2.8249798e+00   6.0564215e-01   4.5735040e+00   2.1043329e+00   4.8223105e-02   1.3748925e+00
   6.1500623e-01   6.2252097e-01   2.7446109e-01   8.7213711e-01   4.3849201e-02   7.8282841e-02
   4.0216836e+00   1.2202376e+00   9.6177047e+00   6.5909214e+00   2.2518133e-01   2.3953524e+00
   3.3704687e+00   3.3970272e+00   1.3562548e+01   1.8613478e+01   2.1379921e+00   1.8354356e+00
   2.8887018e+00   4.0391740e+00   1.5480652e+01   1.9083900e+01   2.7145921e+00   1.4439956e+00
   1.0987711e+00   2.1133940e+00   3.0973052e+00   4.1127032e+00   9.7295893e-01   1.4044828e-01
   1.7312898e+00   2.5359265e+00   4.9037224e+00   7.2136978e+00   9.4755733e-01   5.5535435e-01
   4.8493140e+00   2.2324480e+00   2.0524441e+01   1.3169248e+01   8.3267880e-01   3.8084867e+00
   2.8294800e+00   4.5369819e+00   1.9145497e+01   1.9832316e+01   3.9252638e+00   1.4046183e+00
   2.7416829e+00   4.7384543e+00   1.8896826e+01   2.5331628e+01   4.6928085e+00   1.0561850e+00
   1.7840574e+00   1.4947869e+00   4.1586089e+00   3.7571450e+00   3.6906508e-01   4.9985224e-01
   1.9436720e+00   4.0114935e+00   1.2107354e+01   1.5536185e+01   3.3102534e+00   6.4163825e-01
   4.6711714e+00   2.5392628e+00   2.1063297e+01   1.4481576e+01   1.1972589e+00   3.2985097e+00
   4.1712698e+00   2.8472716e+00   2.1128135e+01   1.5529387e+01   1.3957176e+00   3.0459456e+00
   4.2409695e+00   4.7701993e+00   2.4929452e+01   2.7627870e+01   4.2143869e+00   2.4443315e+00
   4.6732872e+00   1.2656901e+00   1.5685002e+01   8.4033486e+00   2.3639504e-01   3.5025548e+00
   3.9346139e+00   3.5947398e+00   1.9011828e+01   1.8383341e+01   2.3557095e+00   2.3916669e+00
   3.7037352e+00   2.1198711e+00   1.4775691e+01   7.7588904e+00   7.6565627e-01   1.6302931e+00
   5.5272698e-01   8.5276367e-01   6.8357384e-01   6.8992240e-01   1.2876880e-01   8.3819166e-02
   2.1910797e+00   1.8333526e+00   6.3152225e+00   4.9555677e+00   6.0725422e-01   8.3148798e-01
   4.7217399e+00   3.8877741e+00   2.6921346e+01   2.4816334e+01   3.2588457e+00   3.1059149e+00
   2.8026117e+00   4.0316385e+00   1.6588621e+01   1.7089043e+01   2.7415241e+00   9.2082320e-01
   2.1957865e+00   3.7095556e+00   1.0766063e+01   1.5535119e+01   2.6220413e+00   8.1198073e-01
   3.1176277e+00   9.4425256e-01   6.3365946e+00   4.1428968e+00   1.5246812e-01   1.5762153e+00
   8.4682856e-01   2.4037611e+00   2.8499735e+00   5.6219210e+00   1.0862391e+00   1.1669774e-01
   2.4059709e+00   4.6150257e+00   1.2119011e+01   2.1194259e+01   3.2440835e+00   7.8721685e-01
   3.8892860e+00   2.4056544e+00   1.4801980e+01   1.2563292e+01   8.9563860e-01   2.3455029e+00
   3.0009546e+00   1.0413102e+00   5.9862226e+00   4.0321352e+00   1.7168236e-01   1.2700418e+00
   1.1580373e+00   1.7300420e+00   1.9848328e+00   5.1903888e+00   6.0093137e-01   2.9453697e-01
   1.3754673e+00   3.4889328e+00   7.7064304e+00   9.6624702e+00   2.5262379e+00   2.8598266e-01
   4.7546015e+00   4.2572685e+00   2.9823039e+01   2.3324410e+01   3.0636236e+00   3.4562386e+00
   3.9807143e+00   2.1509452e+00   1.4530443e+01   1.2172766e+01   8.4376693e-01   2.3712496e+00
   4.0048942e+00   4.7396409e+00   2.4498060e+01   3.0198674e+01   4.0549006e+00   2.6181563e+00
   2.9694960e+00   1.2040539e+00   7.7576613e+00   3.9787873e+00   3.9500407e-01   1.6499778e+00
   3.6095789e+00   4.1726913e+00   2.1570252e+01   2.3748501e+01   3.1800858e+00   2.1240324e+00
   2.3776723e+00   3.6477696e+00   9.5272241e+00   1.5621116e+01   2.6894905e+00   8.8082841e-01
   3.6871883e+00   3.3977699e+00   2.1199518e+01   1.5998134e+01   2.2813397e+00   1.8276875e+00
   3.4836554e+00   3.0692994e+00   1.5011109e+01   1.8298511e+01   1.4048116e+00   2.1708441e+00
   7.4264703e-01   5.0562594e-01   3.8881009e-01   4.3501296e-01   3.1675854e-02   6.3916480e-02
   4.0530659e+00   4.3206487e+00   2.4179712e+01   2.4853943e+01   3.2602154e+00   2.2630265e+00
   1.8079601e+00   3.8902860e+00   9.4285508e+00   1.2711183e+01   2.9390430e+00   3.2789523e-01
   9.9551337e-01   9.8808227e-01   1.6572821e+00   1.6298655e+00   2.6899232e-01   1.4374039e-01
   4.4806689e+00   4.5086474e+00   2.6115416e+01   2.7676233e+01   3.4464442e+00   3.1018688e+00
   3.1189335e+00   2.1068551e+00   1.0258513e+01   7.9781379e+00   8.4007391e-01   1.5690699e+00
   3.3116202e+00   1.1776597e+00   8.8195960e+00   4.9412897e+00   2.8427492e-01   1.8063451e+00
   1.0230450e+00   4.0567161e+00   7.5747890e+00   1.4800513e+01   3.1356016e+00   1.6867806e-01
   1.5661457e+00   2.9011978e+00   4.4066748e+00   7.5309597e+00   1.7364090e+00   2.1158839e-01
   4.9675311e+00   1.8810615e+00   1.8407577e+01   9.8182698e+00   7.1360935e-01   3.8407579e+00
   4.3448018e+00   2.3653326e+00   1.5671782e+01   1.3664193e+01   1.1200838e+00   3.2286494e+00
   4.5960445e+00   3.7952599e+00   2.9551236e+01   2.4106856e+01   3.0307615e+00   3.3221494e+00
   3.5081648e+00   2.2050953e+00   1.1594156e+01   1.0074256e+01   9.6926462e-01   1.9628432e+00
   4.0170563e+00   1.9937174e+00   1.4105542e+01   1.0050285e+01   7.1996621e-01   2.4005403e+00
   4.6052517e+00   1.2418347e+00   1.8614049e+01   8.8724656e+00   3.9503238e-01   3.4205809e+00
   1.3903243e+00   2.1932969e+00   2.7507548e+00   7.7113212e+00   7.5705541e-01   3.9544271e-01
   3.7264943e+00   3.1520626e+00   1.7038294e+01   1.5907964e+01   1.9000533e+00   1.9923184e+00
   1.4602952e+00   2.0462998e+00   2.1287664e+00   4.1354377e+00   5.1841550e-01   3.7931497e-01
   3.6947735e+00   1.7265010e+00   1.0656574e+01   7.7101196e+00   3.8245610e-01   1.8645991e+00
   3.7915157e+00   1.6280676e+00   1.3259476e+01   6.0754013e+00   4.9054247e-01   2.0160684e+00
   2.5004547e+00   4.3551550e+00   1.5919847e+01   2.1406215e+01   4.0083712e+00   1.2253906e+00
   4.3960991e+00   2.8972678e+00   2.2853747e+01   1.6722192e+01   1.8127915e+00   3.0517695e+00
   3.9759061e+00   3.4448439e+00   1.9771236e+01   1.8809645e+01   2.2685928e+00   2.2750555e+00
   1.3742974e+00   1.6873934e+00   2.8802651e+00   4.6964142e+00   6.3398291e-01   3.4622309e-01
   2.4306672e+00   4.5299530e+00   1.2166938e+01   1.9796661e+01   3.3750185e+00   1.0379823e+00
   8.4319023e-01   4.8531868e+00   6.5809525e+00   1.8966240e+01   4.4524072e+00   1.1965780e-01
   1.2762925e+00   2.4688141e+00   4.1485197e+00   7.7434911e+00   1.0917131e+00   1.8550157e-01
   3.1293652e+00   4.4478584e+00   1.6177194e+01   2.5535425e+01   3.6945628e+00   1.4920293e+00
   1.9721157e+00   4.3513989e+00   1.0989981e+01   1.4715957e+01   3.1476257e+00   4.5827904e-01
   4.2129038e+00   1.2431323e+00   1.4422414e+01   7.3131605e+00   2.4063402e-01   2.6499501e+00
   3.8419434e+00   5.8320356e-01   7.9594988e+00   4.3049542e+00   8.6769389e-02   2.1264016e+00
   5.3381520e-01   2.3052572e+00   2.1741131e+00   3.3645384e+00   9.9913826e-01   6.3192376e-02
   3.9596680e+00   2.0433747e+00   1.1381426e+01   9.5847487e+00   4.9939568e-01   2.1594078e+00
   1.2162094e+00   3.8805836e+00   7.1158244e+00   1.2443436e+01   2.7309914e+00   1.9927312e-01
   3.1280738e+00   1.0758045e+00   5.7077845e+00   4.1508345e+00   1.3900237e-01   1.2350193e+00
   4.9365015e+00   4.8214926e+00   3.2026078e+01   3.5733456e+01   4.5187999e+00   3.4617848e+00
   5.4425961e-01   1.4149947e+00   8.3932631e-01   1.7775888e+00   3.5706413e-01   1.1669163e-02
   2.4351641e+00   2.8315535e+00   8.6950041e+00   1.1648472e+01   1.4337907e+00   1.0022522e+00
   2.5222493e+00   3.6429902e+00   1.2124544e+01   1.6497147e+01   2.6536181e+00   1.1676917e+00
   8.2312849e-01   3.9755811e+00   4.5779286e+00   1.2625588e+01   2.4168287e+00   1.7013016e-01
   2.7007430e+00   3.4886732e+00   1.1836334e+01   1.5756547e+01   2.0958711e+00   1.2870422e+00
   8.9151998e-01   1.8187415e+00   2.3999350e+00   3.0669814e+00   6.3666836e-01   7.3184967e-02
   3.7816508e+00   4.8386423e+00   2.5064804e+01   2.8154026e+01   4.4178176e+00   2.1432808e+00
   1.9953863e+00   2.1332292e+00   5.7899558e+00   6.5135913e+00   8.6257491e-01   5.0782978e-01
   2.5552905e+00   1.3152905e+00   7.1187979e+00   5.1311177e+00   3.5478406e-01   9.8279802e-01
   2.6391480e+00   3.1668090e+00   9.4053482e+00   1.0129230e+01   2.0606144e+00   1.2044791e+00
   2.6464836e+00   2.6967753e+00   1.0778409e+01   8.0416853e+00   1.3163305e+00   1.1338449e+00
   2.1996819e+00   1.6079595e+00   5.7454605e+00   4.0552012e+00   5.0109439e-01   7.2807251e-01
   4.9967999e+00   4.7423133e+00   3.4491904e+01   3.1352002e+01   4.4133475e+00   3.8988304e+00
   3.4223399e+00   2.6862442e+00   1.3085998e+01   9.9163595e+00   1.3645680e+00   1.8172430e+00
   7.6977794e-01   4.6077255e+00   4.4534822e+00   1.5130255e+01   3.4807362e+00   4.5012936e-02
   1.3133430e+00   1.0948155e+00   1.9155883e+00   2.0951639e+00   1.5026744e-01   2.9983894e-01
   2.2213746e+00   1.8899999e+00   5.1221693e+00   6.4059148e+00   5.4055255e-01   7.8024825e-01
   2.7766724e+00   2.3722335e+00   7.9329917e+00   9.0022076e+00   1.0234619e+00   1.2227244e+00
   4.5319694e+00   2.3241924e+00   2.0831094e+01   1.5946523e+01   1.0137762e+00   3.4550669e+00
   1.7807421e+00   4.8468164e+00   1.1549596e+01   1.9165276e+01   4.0400088e+00   5.8354101e-01
   3.1053238e+00   1.3356730e+00   8.4950298e+00   4.9970054e+00   4.2020917e-01   1.5361625e+00
   4.9671638e+00   3.9046853e+00   3.0402647e+01   2.5058693e+01   2.9421650e+00   3.8880640e+00
   4.7019232e+00   4.7633992e+00   3.2312260e+01   3.2376478e+01   4.0789445e+00   3.3620451e+00
   2.9378780e+00   3.0591366e+00   1.1748308e+01   1.0845438e+01   1.5656325e+00   1.1222404e+00
   3.8004892e+00   8.5639508e-01   1.0241412e+01   4.9511571e+00   9.3672948e-02   2.2606415e+00
   4.5842889e+00   7.7699600e-01   1.3586697e+01   5.5060256e+00   8.6705143e-02   3.2624916e+00
   4.6931639e+00   3.3344401e+00   2.5454425e+01   2.0255075e+01   1.8052918e+00   3.4381404e+00
   1.7623405e+00   1.4006923e+00   3.8619035e+00   2.8914450e+00   3.2258515e-01   3.7824830e-01
   3.8134379e+00   3.8841335e+00   2.1338859e+01   2.1132460e+01   2.8767973e+00   2.2892465e+00
   2.2623983e+00   1.9774339e+00   6.7587201e+00   6.1274989e+00   6.4603801e-01   7.8919322e-01
   4.0221783e+00   2.5686965e+00   1.5631530e+01   1.0956662e+01   1.1547152e+00   2.4080415e+00
   5.9605301e-01   2.5682692e+00   1.6818578e+00   5.6427475e+00   1.2677566e+00   7.0021060e-02
   8.8245229e-01   2.0046474e+00   2.2796832e+00   3.5431650e+00   7.2713231e-01   1.0365392e-01
   1.5923701e+00   3.6195585e+00   8.0228242e+00   1.4308856e+01   2.5228910e+00   4.3937978e-01
   1.7625090e+00   3.3221806e+00   9.1044432e+00   1.1667068e+01   2.4093764e+00   5.1564277e-01
   1.7615150e+00   1.0239343e+00   3.1049450e+00   1.6508937e+00   2.4886001e-01   4.5050589e-01
   1.9723885e+00   7.5656427e-01   2.8416808e+00   2.0287876e+00   9.9956524e-02   6.1986665e-01
   3.6426778e+00   2.4422995e+00   1.3931534e+01   1.2374169e+01   1.1370628e+00   2.2416379e+00
   1.9193880e+00   4.6948930e+00   1.2767538e+01   2.0512715e+01   3.6815495e+00   6.6986619e-01
   4.5387801e+00   9.8049622e-01   1.4117928e+01   8.4471570e+00   3.0016902e-01   3.2049589e+00
   3.2470309e+00   5.9700941e-01   5.8725073e+00   3.5398644e+00   9.0090529e-02   1.7398018e+00
   1.4245107e+00   3.5672854e+00   6.6444384e+00   1.2598065e+01   2.2460922e+00   3.1792133e-01
   4.7633769e+00   3.8053999e+00   2.7396650e+01   2.2568167e+01   2.6724468e+00   3.2402300e+00
   3.0895658e+00   1.5916845e+00   7.2699724e+00   6.1029027e+00   4.1275920e-01   1.3167813e+00
   1.1360514e+00   4.4675469e+00   6.9627557e+00   1.5692615e+01   3.7888701e+00   1.7367936e-01
   1.9706177e+00   3.1717048e+00   6.7770953e+00   9.8188760e+00   1.7721288e+00   5.7111648e-01
   2.0867445e+00   3.1480342e+00   7.8623336e+00   1.1930955e+01   1.7121048e+00   7.2913518e-01
   3.0721499e+00   2.3641737e+00   1.0267109e+01   7.2426423e+00   1.0567708e+00   1.2071115e+00
   3.6217598e+00   8.5259497e-01   9.3247624e+00   5.2076088e+00   8.1634045e-02   1.9616834e+00
   2.5632952e+00   3.7733658e+00   1.5100082e+01   1.7358213e+01   2.5139878e+00   1.0324170e+00
   1.8296809e+00   4.3437155e+00   8.9278740e+00   1.7141871e+01   3.3663159e+00   6.6157866e-01
   3.9070325e+00   2.0468084e+00   1.1757076e+01   8.6130695e+00   7.0554124e-01   2.5412293e+00
   4.9296459e+00   4.4318263e+00   3.6114044e+01   2.8705683e+01   3.8481929e+00   3.9900519e+00
   2.5311231e+00   4.1997848e+00   1.5649813e+01   1.6742249e+01   2.8729937e+00   9.9737819e-01
   1.4553480e+00   1.3640445e+00   2.8203439e+00   2.4021296e+00   3.1799691e-01   3.9980349e-01
   3.4635490e+00   3.4749656e+00   1.4240509e+01   1.6769684e+01   2.1684971e+00   1.9403943e+00
   1.2241517e+00   8.8246528e-01   1.2311266e+00   1.4816475e+00   5.8237941e-02   2.1285238e-01
   3.6619108e+00   3.3910555e+00   1.6917795e+01   1.6243326e+01   2.2219348e+00   1.7415347e+00
   3.0998262e+00   3.0308793e+00   1.2170728e+01   1.4584728e+01   1.9480270e+00   1.6260053e+00
   1.7794766e+00   4.6001476e+00   1.3691261e+01   1.9184535e+01   4.2093275e+00   3.9530790e-01
   6.5388811e-01   4.2201323e+00   5.1157437e+00   1.2550200e+01   2.8163345e+00   4.8215716e-02
   1.6029291e+00   2.1086839e+00   4.1880574e+00   5.2328023e+00   7.0299739e-01   4.8794698e-01
   3.4564162e+00   3.9398107e+00   2.0450752e+01   2.0257439e+01   2.6871590e+00   1.6883079e+00
   1.6363342e+00   3.8039474e+00   5.8527010e+00   1.2341796e+01   2.2754353e+00   3.0753222e-01
   2.6040504e+00   8.6138875e-01   6.3573282e+00   2.6932577e+00   2.1259711e-01   9.3137027e-01
   4.1585049e+00   2.7885670e+00   1.7803357e+01   1.4542576e+01   1.3672327e+00   2.7538714e+00
   1.9018264e+00   1.8716334e+00   4.9710566e+00   5.5665542e+00   7.2835977e-01   6.3757007e-01
   1.3286768e+00   3.1895385e+00   5.4349132e+00   9.2471042e+00   1.8477935e+00   2.5886611e-01
   3.0196439e+00   2.7747170e+00   1.5710598e+01   1.2606192e+01   1.5918141e+00   1.4953833e+00
   1.4924316e+00   1.2606019e+00   1.8418761e+00   2.0362190e+00   2.3254184e-01   3.3299869e-01
   1.3781851e+00   4.1430947e+00   8.2475150e+00   1.7009817e+01   3.0951482e+00   3.3734471e-01
   1.9014121e+00   3.4358468e+00   9.4255761e+00   1.3510912e+01   2.2184364e+00   4.5718830e-01
   3.4375134e+00   2.9144933e+00   1.3764562e+01   1.5666797e+01   1.4731311e+00   2.1263358e+00
   2.1818741e+00   4.5068448e+00   1.5549005e+01   1.8194085e+01   4.2970018e+00   6.6985614e-01
   4.2143446e+00   7.4577649e-01   1.3014561e+01   6.4752126e+00   4.8523631e-02   2.7043119e+00
   2.6806577e+00   1.8094785e+00   7.4479877e+00   6.3347186e+00   4.9523819e-01   1.1930559e+00
   4.4104498e+00   3.0760267e+00   2.0496692e+01   1.8852592e+01   1.9582734e+00   3.1918505e+00
   3.2397005e+00   2.7561305e+00   1.2308975e+01   1.1952262e+01   1.7461029e+00   1.5038201e+00
   4.3069093e+00   3.7801829e+00   2.5186002e+01   2.1469919e+01   2.6117589e+00   3.1039522e+00
   6.6223104e-01   2.6241280e+00   2.5904613e+00   5.3283086e+00   1.2511912e+00   7.0810669e-02
   2.4619219e+00   4.6774734e+00   1.6416709e+01   2.1564583e+01   4.0921595e+00   9.7565888e-01
   4.5192645e+00   4.8012053e+00   2.7145934e+01   3.0045556e+01   3.8730354e+00   3.2084856e+00
   1.8628802e+00   3.5172470e+00   8.4217059e+00   1.1793728e+01   1.9359594e+00   4.2443862e-01
   2.0187294e+00   2.8077078e+00   5.8778299e+00   8.2857745e+00   1.4774590e+00   6.0676444e-01
   2.7466834e+00   4.1082706e+00   1.2129982e+01   1.8886465e+01   3.0884516e+00   1.3603840e+00
   1.8633578e+00   1.5026729e+00   4.9050564e+00   2.6393074e+00   3.7630820e-01   4.8088050e-01
   1.3523056e+00   4.4809669e+00   9.3773680e+00   1.8385080e+01   3.6205307e+00   2.4467375e-01
   3.3748344e+00   3.7319372e+00   1.6525363e+01   1.8675028e+01   2.6432089e+00   1.8392433e+00
   3.4093155e+00   4.2156911e+00   1.6771243e+01   1.9741254e+01   3.2925949e+00   1.7717835e+00
   6.3558585e-01   1.0000199e+00   3.6024736e-01   1.6288199e+00   1.6434016e-01   1.0347980e-01
   3.1446957e+00   3.0324988e+00   1.2668631e+01   1.3958952e+01   1.7311997e+00   1.5867353e+00
   3.4646932e+00   4.4341925e+00   2.1855829e+01   2.4506607e+01   3.4748976e+00   1.8978094e+00
   8.1824918e-01   4.1773365e+00   6.5463886e+00   1.3107560e+01   3.1363428e+00   1.0836800e-01
   4.4703222e+00   8.1100082e-01   1.1620325e+01   5.1918488e+00   8.7045066e-02   3.3844257e+00
   3.6901772e+00   2.9603675e+00   1.6994199e+01   1.2659479e+01   1.4792226e+00   1.9432783e+00
   2.7935648e+00   4.9424267e+00   1.6571240e+01   2.6935374e+01   4.6667580e+00   1.3789597e+00
   4.1814783e+00   4.0506089e+00   2.4960334e+01   2.5330818e+01   3.0692708e+00   2.9313225e+00
   7.5568971e-01   1.5636886e+00   7.9214894e-01   3.6663298e+00   4.3665333e-01   1.2646942e-01
   1.6910601e+00   2.2555023e+00   5.4840342e+00   8.2381849e+00   7.8011110e-01   3.4633999e-01
   1.5777590e+00   1.0754783e+00   1.9295892e+00   2.7409763e+00   2.9463648e-01   5.0212599e-01
   4.0599660e+00   9.7122355e-01   1.0761533e+01   6.5158270e+00   1.9182622e-01   2.4376436e+00
   1.3729777e+00   1.9924909e+00   3.7073573e+00   4.4038912e+00   7.5952161e-01   3.2472823e-01
   4.3334191e+00   3.8534965e+00   2.2086312e+01   2.2713911e+01   2.5773471e+00   3.0238739e+00
   4.9960383e+00   2.3551153e+00   2.0309940e+01   1.6145227e+01   1.2193584e+00   4.1266329e+00
   3.0252672e+00   4.3570204e+00   1.5768842e+01   2.2156461e+01   3.5361697e+00   1.4664119e+00
   2.1753525e+00   3.1589155e+00   8.1285842e+00   1.0265198e+01   1.7241602e+00   7.8029166e-01
   4.9739870e+00   3.5517904e+00   2.8463999e+01   2.1828554e+01   2.6284127e+00   3.8442911e+00
   3.3751453e+00   2.9079694e+00   1.2283014e+01   1.1543749e+01   1.4586355e+00   1.7106580e+00
   2.5256773e+00   9.1538842e-01   6.9254920e+00   3.6818956e+00   2.6639261e-01   1.2035286e+00
   3.8492573e+00   2.2598757e+00   1.3424219e+01   1.1658055e+01   7.2730814e-01   2.5974519e+00
   1.6156174e+00   2.5123959e+00   4.8195497e+00   7.0680577e+00   1.1596171e+00   4.3575113e-01
   4.1561945e+00   7.6418588e-01   1.1344432e+01   6.4564169e+00   1.3369121e-01   3.0642181e+00
   2.5710637e+00   3.7261512e+00   1.2625821e+01   1.5874061e+01   2.7304917e+00   1.0133845e+00
   3.8252270e+00   1.8432488e+00   1.3343085e+01   8.7182693e+00   7.2600190e-01   2.2974929e+00
   2.9683950e+00   4.9816703e+00   1.9934127e+01   2.4628984e+01   4.6443544e+00   1.3391023e+00
   3.0533763e+00   8.8059159e-01   8.2624956e+00   4.0150899e+00   1.4789588e-01   1.5628270e+00
   4.4967035e+00   5.6844403e-01   1.5991135e+01   6.3292674e+00   7.3593801e-02   3.2027051e+00
   1.4751265e+00   1.3985600e+00   3.1597128e+00   3.1853333e+00   3.2764008e-01   3.4328137e-01
   3.2560825e+00   4.1322522e+00   1.7661607e+01   1.7036601e+01   3.3513399e+00   1.4435608e+00
   1.4847475e+00   2.6158410e+00   4.4361113e+00   8.0990421e+00   1.3790686e+00   3.1462611e-01
   3.9418446e+00   1.9063162e+00   1.1370559e+01   7.8067352e+00   5.4131258e-01   2.3476672e+00
   3.7878657e+00   1.7862764e+00   9.1840623e+00   9.2823599e+00   5.4094372e-01   2.2217483e+00
   3.5456716e+00   4.9111485e+00   2.1524555e+01   2.8910761e+01   4.3586576e+00   2.0555598e+00
   2.5999581e+00   3.9123309e+00   1.5859157e+01   1.3746014e+01   2.8941199e+00   8.9839587e-01
   1.6423258e+00   1.0869759e+00   3.7596983e+00   2.1620199e+00   1.4768320e-01   3.6379753e-01
   1.4288190e+00   3.3224252e+00   6.1485555e+00   8.1763404e+00   2.2787236e+00   2.1735827e-01
   3.0181555e+00   2.5584702e+00   1.1002090e+01   8.3484403e+00   1.2569775e+00   1.3586063e+00
   3.9759597e+00   3.5433507e+00   2.1836728e+01   1.7511945e+01   2.2998025e+00   2.3579124e+00
   3.0605629e+00   3.6823421e+00   1.4295201e+01   1.9062174e+01   2.8204434e+00   1.6109086e+00
   2.7821164e+00   1.2813009e+00   8.7712249e+00   4.8897666e+00   3.3529489e-01   1.2615711e+00
   4.7092198e+00   2.7708465e+00   2.0668558e+01   1.8054958e+01   1.3206164e+00   3.5417277e+00
   2.4625833e+00   2.8934676e+00   1.0244875e+01   1.0619754e+01   1.3506860e+00   8.8693358e-01
   3.9052036e+00   2.9127151e+00   1.4740979e+01   1.5071582e+01   1.3745803e+00   2.1438395e+00
   2.3622015e+00   2.3708754e+00   9.0824214e+00   6.3944114e+00   1.1332480e+00   8.9421788e-01
   3.9973283e+00   3.0017763e+00   1.7583082e+01   1.4214113e+01   1.5149858e+00   2.4922176e+00
   2.3330059e+00   3.5402804e+00   1.2291123e+01   1.2232064e+01   2.3826017e+00   7.5642976e-01
   2.0797106e+00   2.8019416e+00   8.2558364e+00   9.8851675e+00   1.4302856e+00   8.8962316e-01
   4.5000080e+00   3.0421284e+00   2.0577796e+01   1.9805137e+01   1.6281040e+00   3.0986717e+00
   7.2671251e-01   9.2396337e-01   9.8145717e-01   5.6682335e-01   1.4552704e-01   7.7186222e-02
   2.6804076e+00   2.6155410e+00   9.6662196e+00   1.0762384e+01   9.1399353e-01   1.1992622e+00
   4.1448697e+00   1.2560810e+00   1.2790412e+01   7.8348581e+00   2.4349769e-01   3.0143436e+00
   2.5010336e+00   3.7447058e+00   1.1221457e+01   1.6771194e+01   2.1479874e+00   8.9176766e-01
   2.9481913e+00   4.9196765e+00   1.9212329e+01   2.5189511e+01   4.3855024e+00   1.2604949e+00
   2.6034341e+00   4.6351340e+00   1.5332691e+01   1.9776532e+01   4.1739024e+00   1.0364145e+00
   1.0597795e+00   2.3285324e+00   4.2339140e+00   6.1398266e+00   1.0103157e+00   2.0405410e-01
   1.6253960e+00   3.8591814e+00   7.8895027e+00   1.2076682e+01   2.5070533e+00   4.0223046e-01
   2.5058074e+00   2.4753290e+00   8.9542762e+00   8.8315157e+00   1.3370219e+00   9.7978695e-01
   1.3481752e+00   4.3179030e+00   8.4973008e+00   1.5510239e+01   3.4229776e+00   3.2367907e-01
   3.4091795e+00   2.5043236e+00   1.1743139e+01   1.0095596e+01   9.4468193e-01   1.6844539e+00
   1.5481928e+00   3.7228542e+00   6.5159735e+00   1.2662397e+01   2.2932589e+00   4.5024233e-01
   1.1223751e+00   3.4559790e+00   5.3357957e+00   1.1066977e+01   2.1496646e+00   1.6134633e-01
   7.3279107e-01   8.0284983e-01   5.9189169e-01   1.3681258e+00   6.5062739e-02   6.4355369e-02
   3.9754021e+00   3.2610714e+00   1.7305929e+01   1.7875276e+01   2.2112678e+00   2.4148203e+00
   3.6816045e+00   1.5627144e+00   1.3236144e+01   7.1438274e+00   4.9733408e-01   2.1117593e+00
   3.2803415e+00   2.8976671e+00   1.1427646e+01   1.4935574e+01   1.2924749e+00   1.8806613e+00
   2.9477026e+00   1.3220850e+00   7.6262563e+00   3.9197560e+00   2.7062034e-01   1.4155464e+00
   6.4510899e-01   4.9280873e+00   6.3998937e+00   1.5593816e+01   4.3572340e+00   4.6478100e-02
   3.0715764e+00   3.6146216e+00   1.3713900e+01   1.7375518e+01   2.2435172e+00   1.6380246e+00
   4.8181894e+00   1.8070102e+00   1.5742473e+01   1.0721643e+01   5.2045162e-01   3.6122351e+00
   4.2338136e+00   3.5172312e+00   2.0696451e+01   2.1160714e+01   2.2466448e+00   2.6680273e+00
   2.2642220e+00   3.0832195e+00   1.0231656e+01   1.1407413e+01   2.0332663e+00   8.6618860e-01
   4.1514253e+00   4.1791937e+00   2.4527719e+01   2.5557401e+01   3.1413389e+00   2.7553578e+00
   4.5991389e+00   1.6270395e+00   1.6719547e+01   9.3351529e+00   5.6655889e-01   3.5694356e+00
   4.1474810e+00   1.5516337e+00   1.5339599e+01   7.7468895e+00   5.9576318e-01   2.6342383e+00
   1.9500778e+00   1.7128868e+00   4.8188286e+00   5.4952400e+00   6.1653062e-01   7.1004760e-01
   3.4586033e+00   1.4643890e+00   9.7780897e+00   7.6465424e+00   3.2327463e-01   2.0572395e+00
   9.9479416e-01   4.8725911e+00   7.9248853e+00   1.6521011e+01   4.4584913e+00   2.2335171e-01
   4.2226750e+00   4.7479208e+00   2.7861754e+01   3.0003772e+01   3.9822498e+00   2.4695134e+00
   3.0731612e+00   4.5148315e+00   1.9216456e+01   2.2240923e+01   3.8514436e+00   1.4417066e+00
   1.7292008e+00   6.5246193e-01   1.7770618e+00   1.6748907e+00   7.2951677e-02   4.0115001e-01
   9.2757339e-01   1.8504274e+00   3.1636217e+00   2.7300790e+00   7.4366602e-01   1.0235027e-01
   1.5124898e+00   2.0428279e+00   3.5998994e+00   5.5441903e+00   1.0657950e+00   3.9307533e-01
   1.1205728e+00   1.4636866e+00   2.3899791e+00   2.4959568e+00   4.3133129e-01   1.9883392e-01
   1.3455331e+00   4.9286376e+00   8.5806109e+00   1.9609335e+01   4.1693792e+00   3.1053070e-01
   1.1879166e+00   1.8782219e+00   2.4772846e+00   4.3737306e+00   5.8618299e-01   2.6486002e-01
   1.7505580e+00   3.6656900e+00   1.0337317e+01   1.5403895e+01   2.9619354e+00   6.4616771e-01
   3.5207341e+00   2.5353606e+00   1.3321274e+01   1.0105106e+01   1.1501944e+00   1.9334923e+00
   9.8064484e-01   4.7343874e+00   7.1999911e+00   1.5899032e+01   3.8969763e+00   1.3289999e-01
   2.7220610e+00   2.2060541e+00   8.7444377e+00   6.8147658e+00   9.8929232e-01   9.6238149e-01
   7.8254697e-01   4.5049280e+00   8.0899470e+00   1.3807138e+01   3.6814587e+00   7.2193340e-02
   2.9038732e+00   1.5992286e+00   7.9983923e+00   5.8352236e+00   4.0128453e-01   1.1264861e+00
   2.9723692e+00   9.3321857e-01   6.9267153e+00   4.0874713e+00   1.8219549e-01   1.5911708e+00
   4.2606581e+00   1.4607332e+00   1.2629524e+01   7.7925267e+00   3.4698425e-01   3.3054044e+00
   2.5564804e+00   2.5825792e+00   7.9136059e+00   9.7891220e+00   1.0646355e+00   1.0953830e+00
   3.4466430e+00   4.1468385e+00   2.0714278e+01   2.3544744e+01   3.2405959e+00   1.7975232e+00
   4.8876146e+00   3.3835641e+00   2.5403570e+01   2.1031875e+01   1.7273980e+00   3.9141740e+00
   3.7488402e+00   3.0134739e+00   1.6741459e+01   1.3750920e+01   1.5196906e+00   1.9347547e+00
   3.4099494e+00   3.5587064e+00   1.4423547e+01   1.9325177e+01   2.2547831e+00   1.7773059e+00
   6.9586782e-01   1.9693253e+00   1.9071232e+00   3.9383756e+00   7.0012822e-01   6.6634364e-02
   3.1872559e+00   2.5429786e+00   1.0727710e+01   1.1991469e+01   1.0709577e+00   1.7119693e+00
   2.7128148e+00   3.4943400e+00   1.2385230e+01   1.5494597e+01   2.3414591e+00   1.2178740e+00
   1.3200927e+00   1.9576499e+00   3.8936132e+00   5.9870219e+00   8.7619549e-01   2.9993849e-01
   4.5220885e+00   2.1601811e+00   1.8497947e+01   1.1573975e+01   7.5421540e-01   3.1401332e+00
   1.1890363e+00   3.6241531e+00   6.4459388e+00   1.1723592e+01   2.6152712e+00   1.9952378e-01
   2.5665112e+00   2.2534334e+00   7.8757082e+00   7.0022014e+00   9.4456886e-01   1.1379226e+00
   4.7791090e+00   2.4244782e+00   2.1333216e+01   1.1684328e+01   9.3129748e-01   3.3064006e+00
   3.1678602e+00   1.4984095e+00   1.0003539e+01   5.4964727e+00   5.4047217e-01   1.3217528e+00
   1.6353302e+00   3.8861944e+00   7.7425823e+00   1.5440722e+01   2.7380530e+00   4.1652411e-01
   3.9661466e+00   3.9871094e+00   2.1221370e+01   2.6826483e+01   2.8234628e+00   2.5688846e+00
   4.6079783e+00   2.4609932e+00   1.9064183e+01   1.5876158e+01   1.0476745e+00   3.0784102e+00
   2.3092764e+00   8.2152191e-01   5.2039534e+00   2.0882837e+00   1.2068647e-01   7.4598034e-01
   4.6927388e+00   3.4901706e+00   2.3602643e+01   1.9230463e+01   2.1080477e+00   3.3423613e+00
   3.5263168e+00   2.4406457e+00   1.4276604e+01   1.1380097e+01   1.1281503e+00   2.1066646e+00
   4.6851456e+00   4.6773077e+00   2.8218866e+01   3.0104123e+01   4.2662996e+00   3.1349419e+00
   3.7844352e+00   3.8590014e+00   2.1177811e+01   2.4297438e+01   2.9190265e+00   2.2246222e+00
   3.1631575e+00   2.1193613e+00   1.0066323e+01   8.5831054e+00   8.4942554e-01   1.4523023e+00
   9.9794723e-01   2.1940670e+00   3.8567661e+00   5.2307155e+00   8.5685291e-01   1.5594220e-01
   4.0360143e+00   1.1902718e+00   9.6122529e+00   8.6694567e+00   1.9560279e-01   2.8751878e+00
   3.2598798e+00   3.4886885e+00   1.3062680e+01   1.7817449e+01   2.2019601e+00   1.7699653e+00
   2.0866855e+00   1.3048468e+00   4.4644344e+00   3.2274012e+00   3.5073346e-01   8.0567321e-01
   3.3049283e+00   4.4716910e+00   2.0389969e+01   2.2355895e+01   3.2101909e+00   1.6920763e+00
   2.6351829e+00   5.5471738e-01   6.2599919e+00   2.5487415e+00   5.5366756e-02   1.1122075e+00
   3.3167405e+00   7.5914901e-01   7.2633869e+00   3.1677332e+00   1.3293367e-01   1.7249866e+00
   3.3855880e+00   3.9638762e+00   2.2393459e+01   2.1979176e+01   3.2115816e+00   2.0084093e+00
   4.4945770e+00   7.0824840e-01   1.2172878e+01   6.2800240e+00   7.6216296e-02   3.5445267e+00
   8.3407039e-01   4.4434507e+00   5.1392462e+00   1.4598188e+01   3.3182865e+00   6.3662454e-02
   3.4176913e+00   3.9596028e+00   1.7420333e+01   2.1060791e+01   2.7817147e+00   1.7505852e+00
   3.2857601e+00   9.3939805e-01   9.4555099e+00   4.9724622e+00   1.0830274e-01   1.7730173e+00
   2.4367232e+00   2.5050080e+00   8.4800880e+00   7.7545446e+00   1.3522593e+00   6.7159956e-01
   1.4315318e+00   3.1129248e+00   5.7606435e+00   1.1857217e+01   1.6262140e+00   3.7350462e-01
   3.3800400e+00   3.2310093e+00   1.3461794e+01   1.5863487e+01   1.6221316e+00   1.5706790e+00
   7.5176570e-01   1.4297230e+00   1.1758265e+00   2.5319193e+00   4.6357893e-01   6.6734930e-02
   3.7321428e+00   1.1909392e+00   9.7049911e+00   6.1622425e+00   3.5994686e-01   1.9806754e+00
   3.6072082e+00   2.7766085e+00   1.4535645e+01   1.3936070e+01   1.3623349e+00   1.9851056e+00
   7.7759581e-01   2.6769895e+00   3.2325833e+00   6.2619622e+00   1.0604456e+00   7.5384350e-02
   3.3127119e+00   1.0532567e+00   1.1221653e+01   4.2204762e+00   2.6245027e-01   1.7707056e+00
   4.0226198e+00   1.8496079e+00   1.4966659e+01   8.2349388e+00   7.1841888e-01   2.4165107e+00
   2.5266271e+00   1.1125059e+00   7.7754821e+00   2.9301641e+00   2.3188290e-01   9.3687158e-01
   1.2115879e+00   7.3623731e-01   1.3204106e+00   1.3286910e+00   4.9660698e-02   2.3107286e-01
   4.6581461e+00   2.2294597e+00   2.0390477e+01   1.2162424e+01   1.0335884e+00   3.5292239e+00
   4.7826768e+00   3.8281876e+00   2.8583717e+01   2.4555031e+01   2.6357489e+00   3.2444434e+00
   2.2378562e+00   3.4514523e+00   9.6671151e+00   1.1453644e+01   2.2007290e+00   7.3216446e-01
   4.4172346e+00   4.8118326e+00   2.9822579e+01   3.0814879e+01   4.8108120e+00   2.9263706e+00
   3.8250163e+00   2.7736777e+00   1.7061728e+01   1.3881776e+01   1.2135999e+00   2.5029461e+00
   4.8249341e+00   3.3615318e+00   2.1540497e+01   2.2012085e+01   1.8697473e+00   3.7021071e+00
   4.2555599e+00   2.0570768e+00   2.0042746e+01   1.3930553e+01   8.3741080e-01   2.9538836e+00
   2.3048836e+00   1.6075066e+00   5.7509358e+00   4.2759142e+00   5.4876091e-01   7.3257821e-01
   2.7735840e+00   4.7804837e+00   1.6547998e+01   2.7896578e+01   4.1705663e+00   1.1465400e+00
   3.4087145e+00   1.2442787e+00   7.1111675e+00   5.1601216e+00   2.5488135e-01   1.7526379e+00
   3.9828462e+00   2.8737002e+00   1.7432204e+01   1.4461443e+01   1.7038038e+00   2.2828194e+00
   4.6121073e+00   4.9863410e+00   3.0158793e+01   3.4712307e+01   4.2005031e+00   3.6924039e+00
   3.6639827e+00   4.5919322e+00   2.4166046e+01   2.6773138e+01   3.7573522e+00   1.9176140e+00
   3.3060734e+00   3.4331878e+00   1.6118215e+01   1.6587962e+01   2.1503135e+00   1.5007160e+00
   4.8564983e+00   1.0915139e+00   1.9244027e+01   6.3331560e+00   2.3935294e-01   3.6277410e+00
   8.5472220e-01   3.7596991e+00   2.8241840e+00   1.1633582e+01   2.3794672e+00   1.5658462e-01
   1.3785678e+00   3.3499420e+00   6.4261000e+00   8.5425620e+00   1.9573907e+00   3.0833018e-01
   3.8866458e+00   4.0888536e+00   2.1126651e+01   2.5513734e+01   2.8204809e+00   2.3719866e+00
   2.8875600e+00   3.8668143e+00   1.5104772e+01   1.5842215e+01   2.9593117e+00   1.1240602e+00
   4.5599041e+00   6.5395396e-01   1.4379551e+01   4.4610272e+00   9.6283735e-02   3.0540878e+00
   2.6805359e+00   2.7625584e+00   9.7497684e+00   8.0685100e+00   1.1705553e+00   1.0435882e+00
   4.8949937e+00   2.1914555e+00   2.1063810e+01   1.3359174e+01   8.6707186e-01   3.5507085e+00
   1.5189721e+00   4.5195239e+00   8.3251081e+00   1.4239744e+01   3.4026486e+00   1.9645624e-01
   3.7207839e+00   1.3228506e+00   1.1341118e+01   6.1444832e+00   3.3416095e-01   1.9616719e+00
   3.2601618e+00   1.0211941e+00   8.5215959e+00   5.3575031e+00   1.9961181e-01   2.0647033e+00
   2.8144278e+00   2.3105860e+00   7.9788318e+00   8.9502375e+00   8.0577884e-01   1.4089228e+00
   3.5169393e+00   3.5655912e+00   1.9451924e+01   1.6532751e+01   2.2825990e+00   2.2755613e+00
   4.6400985e+00   3.8767448e+00   2.6654468e+01   2.4728032e+01   2.8600897e+00   3.5210291e+00
   1.2452923e+00   3.7296883e+00   5.2169108e+00   1.1698645e+01   2.4178998e+00   1.6349622e-01
   1.5482599e+00   3.7981091e+00   6.4493392e+00   1.2790807e+01   2.5577824e+00   2.9777614e-01
   4.0290196e+00   1.9197309e+00   1.5795035e+01   9.1659668e+00   7.9620787e-01   2.7100765e+00
   1.7200016e+00   3.5172810e+00   7.4315173e+00   1.3201632e+01   2.2906132e+00   4.5003893e-01
   3.7383825e+00   1.0133111e+00   1.0186046e+01   5.2449692e+00   1.1933656e-01   2.3425646e+00
   3.1186475e+00   4.7714461e+00   1.9589668e+01   2.4201202e+01   4.2075777e+00   1.5283495e+00
   4.5214565e+00   2.6518212e+00   1.7627156e+01   1.1336931e+01   1.2479319e+00   2.6965654e+00
   3.2587531e+00   3.1791389e+00   1.4628700e+01   1.2154040e+01   1.8879813e+00   1.4753143e+00
   4.2531977e+00   3.2021555e+00   1.8491424e+01   1.9319117e+01   1.8555899e+00   2.6123518e+00
   3.9412263e+00   2.2831825e+00   1.5176852e+01   1.0810100e+01   8.9078453e-01   2.3722665e+00
   1.8045155e+00   8.8240103e-01   1.5227232e+00   1.3261194e+00   8.3839777e-02   5.5349845e-01
   3.9561819e+00   1.6767741e+00   1.2797543e+01   8.1655142e+00   4.3836247e-01   2.1458719e+00
   1.4049002e+00   1.6927810e+00   3.3150155e+00   4.7289996e+00   5.0596602e-01   3.9003285e-01
   4.4020159e+00   2.7675036e+00   1.9608189e+01   1.7040203e+01   1.2831835e+00   2.9056859e+00
   3.2103071e+00   1.4581888e+00   9.5592088e+00   7.3862884e+00   3.9816618e-01   1.7851616e+00
   2.4491819e+00   2.0930893e+00   6.8447889e+00   5.5768449e+00   6.5762934e-01   1.0195604e+00
   2.0503592e+00   1.3765487e+00   4.9345898e+00   3.7382198e+00   3.2251981e-01   7.0599926e-01
   7.4036912e-01   2.7923133e+00   2.3210640e+00   6.4266594e+00   1.2250319e+00   9.9438381e-02
   1.9338054e+00   3.5995627e+00   7.7785788e+00   1.3969861e+01   2.6360097e+00   6.5287207e-01
   1.8649342e+00   2.5369444e+00   5.4384267e+00   7.6788115e+00   1.1224873e+00   7.9441991e-01
   3.9731759e+00   4.8468132e+00   2.8627530e+01   3.0371542e+01   4.3219913e+00   2.5441912e+00
   4.8599574e+00   3.9283168e+00   3.1464497e+01   2.5252117e+01   2.7331606e+00   3.3590288e+00
   9.5258383e-01   5.6011878e-01   1.5706899e+00   7.3779029e-01   6.8709419e-02   1.7913650e-01
   4.7931272e+00   4.5575697e+00   2.7521851e+01   3.3621271e+01   3.8718489e+00   4.0311892e+00
   4.4515897e+00   2.8127571e+00   2.0779135e+01   1.5146786e+01   1.8543460e+00   3.1690556e+00
   3.0274341e+00   3.3220075e+00   1.3503944e+01   1.6242449e+01   1.8012831e+00   1.5600212e+00
   1.1578510e+00   3.7406489e+00   7.3034934e+00   9.9097989e+00   2.7258185e+00   1.3116165e-01
   3.7543166e+00   6.1086898e-01   8.8878829e+00   4.1989030e+00   1.9593452e-02   2.1624037e+00
   9.3093829e-01   3.5141211e+00   3.9729692e+00   1.0624972e+01   2.2896377e+00   1.3575315e-01
   2.8594357e+00   3.9268238e+00   1.3483223e+01   1.6973343e+01   2.6104731e+00   1.2578021e+00
   5.8227014e-01   1.0699567e+00   4.6829762e-01   4.3396974e-01   1.4082822e-01   3.8752622e-02
   1.0504907e+00   3.5786122e+00   4.1335000e+00   1.1517073e+01   2.2091585e+00   2.0393984e-01
   9.4289720e-01   3.6893069e+00   4.5007807e+00   1.0849178e+01   2.4204017e+00   1.5899980e-01
   1.1506033e+00   3.7646826e+00   5.0517901e+00   1.3389125e+01   2.0780201e+00   2.3460423e-01
   1.9504515e+00   4.2463703e+00   1.2899237e+01   1.7604028e+01   3.2809988e+00   5.8282449e-01
   4.1062466e+00   3.2016111e+00   2.0883179e+01   1.8284863e+01   2.0159685e+00   2.8667409e+00
   4.8838109e+00   4.8902916e+00   2.9200370e+01   3.5125648e+01   4.0916454e+00   3.7265439e+00
   2.1531433e+00   4.5748183e+00   1.2977040e+01   2.0879404e+01   4.3094565e+00   7.5643640e-01
   4.5995681e+00   7.7337583e-01   1.1917049e+01   5.6722771e+00   5.5043994e-02   3.2188156e+00
   3.3832216e+00   3.8876064e+00   1.6144165e+01   2.3145348e+01   2.6601022e+00   1.8524422e+00
   8.8749350e-01   2.7719030e+00   3.9681189e+00   5.3108652e+00   1.3407947e+00   5.8721020e-02
   2.8550295e+00   1.3130266e+00   6.4186534e+00   5.0301265e+00   3.6446834e-01   1.2277095e+00
   1.0759786e+00   5.9515548e-01   8.5730235e-01   8.4775506e-01   6.9513123e-02   1.7214906e-01
   7.1624464e-01   4.8759564e+00   7.4961193e+00   1.6118505e+01   4.2643242e+00   8.3723693e-02
   1.4993136e+00   7.9230637e-01   3.4937266e+00   2.0112938e+00   1.1392524e-01   3.2327247e-01
   1.4664825e+00   3.5842399e+00   5.5700499e+00   1.2114538e+01   2.1627456e+00   3.2376753e-01
   3.0715440e+00   4.6185984e+00   1.3914969e+01   2.5360505e+01   3.8490538e+00   1.5000973e+00
   2.4436677e+00   3.7979198e+00   1.1398493e+01   1.8198336e+01   2.5923505e+00   9.9792054e-01
   1.4860091e+00   4.2767812e+00   8.8397304e+00   1.5940754e+01   3.3967323e+00   3.0097409e-01
   2.6846377e+00   4.1042056e+00   1.5656007e+01   1.5316248e+01   3.1263746e+00   1.0914818e+00
   1.7708832e+00   9.7745267e-01   3.1279780e+00   1.9388411e+00   1.5462448e-01   3.4842515e-01
   2.6602364e+00   3.7173846e+00   1.1583909e+01   1.5717171e+01   2.2359704e+00   1.0667070e+00
   3.5787502e+00   4.8956477e+00   2.2534259e+01   2.9941777e+01   4.3251888e+00   1.9910652e+00
   1.3911432e+00   9.1001553e-01   1.5865557e+00   2.7933573e+00   9.4958884e-02   3.7022307e-01
   1.2168071e+00   4.2336117e+00   6.8818123e+00   1.5367484e+01   3.2843744e+00   2.4126526e-01
   4.4376719e+00   1.7591234e+00   1.4880001e+01   1.0717236e+01   4.8101245e-01   2.9007970e+00
   3.4136906e+00   7.2100045e-01   8.6882253e+00   2.6484019e+00   1.2808293e-01   1.6354201e+00
   3.0986490e+00   2.9489952e+00   1.2309027e+01   1.1106908e+01   1.5834279e+00   1.3338060e+00
   3.0860851e+00   4.0770383e+00   1.5582082e+01   2.3636690e+01   2.8893306e+00   1.4051798e+00
   2.2016290e+00   2.9341917e+00   1.1377677e+01   1.0074707e+01   1.3811446e+00   5.2231978e-01
   3.9377371e+00   1.4435452e+00   1.2028444e+01   8.4464751e+00   3.8053161e-01   2.4269346e+00
   7.4922842e-01   1.8496600e+00   2.2862206e+00   2.8657143e+00   7.0220455e-01   9.5719572e-02
   2.2204741e+00   3.1792049e+00   9.4103679e+00   1.2160149e+01   1.6775531e+00   7.6373197e-01
   3.0975610e+00   3.5479842e+00   1.4770884e+01   1.4008944e+01   2.6740792e+00   1.5979459e+00
   3.6177296e+00   3.1854694e+00   1.5927005e+01   1.5020598e+01   1.7424608e+00   2.0831957e+00
   3.0579185e+00   1.9178354e+00   9.0744569e+00   6.8117777e+00   7.6084460e-01   1.4133883e+00
   2.3510783e+00   4.4610718e+00   1.1120072e+01   2.0337709e+01   3.4829778e+00   9.3714791e-01
   1.7975599e+00   4.8568426e+00   1.2757360e+01   1.9277318e+01   4.6708725e+00   5.5278816e-01
   3.7366913e+00   4.6422628e+00   2.0098387e+01   2.7945688e+01   3.8045306e+00   2.3613556e+00
   4.0514973e+00   2.0850094e+00   1.4835895e+01   8.4740824e+00   9.3245151e-01   2.3685649e+00
   4.4541005e+00   1.0642434e+00   1.3894248e+01   5.6302493e+00   2.0683656e-01   2.5853282e+00
   3.5089173e+00   1.5849167e+00   8.8914206e+00   7.5831126e+00   4.7382874e-01   1.9321581e+00
   1.9168423e+00   2.6706748e+00   4.6606138e+00   8.7545916e+00   1.0212590e+00   5.1318583e-01
   2.1566637e+00   4.6306937e+00   1.2767942e+01   2.0958565e+01   3.8564954e+00   7.3968694e-01
   2.5332191e+00   1.7492348e+00   7.5244516e+00   4.9117805e+00   4.6738112e-01   1.1183486e+00
   4.6174325e+00   3.3523138e+00   2.3874570e+01   1.7855588e+01   2.0534446e+00   3.0109627e+00
   3.5927312e+00   3.1580890e+00   1.6859306e+01   1.6442420e+01   1.6941425e+00   2.0776492e+00
   4.0547482e+00   2.4574313e+00   1.8963947e+01   1.2811943e+01   1.1449461e+00   2.7037119e+00
   3.4980469e+00   4.2438262e+00   2.1445739e+01   2.6627397e+01   3.5329442e+00   2.2142863e+00
   7.5657436e-01   1.0293548e+00   1.2132995e+00   1.5375774e+00   1.6945150e-01   1.1551622e-01
   7.9052603e-01   2.5999939e+00   1.5209398e+00   6.2045700e+00   9.7711454e-01   7.0105020e-02
   1.4273757e+00   1.9729152e+00   3.1246950e+00   4.0138718e+00   5.2164419e-01   3.7324940e-01
   2.8306526e+00   1.3913167e+00   8.7790223e+00   4.5110911e+00   4.1452576e-01   1.5908792e+00
   8.9862505e-01   4.1392944e+00   7.4291168e+00   1.2599845e+01   3.3163423e+00   1.9051022e-01
   3.1476725e+00   4.2835854e+00   1.6823882e+01   2.0783809e+01   2.8858645e+00   1.4125574e+00
   3.4330042e+00   3.8614885e+00   1.7951316e+01   1.7215731e+01   2.8773279e+00   1.9421301e+00
   2.1220904e+00   4.0574586e+00   1.1078802e+01   1.6347460e+01   3.0902782e+00   5.9134509e-01
   3.5000607e+00   4.6906557e+00   2.1903047e+01   2.9457853e+01   3.7630646e+00   2.0480170e+00
   2.4243787e+00   4.1005395e+00   1.2039033e+01   1.7100629e+01   2.9693421e+00   8.5169446e-01
   4.3029897e+00   3.7678242e+00   2.2476348e+01   1.9955364e+01   2.4659857e+00   2.9088164e+00
   5.6884445e-01   3.3273009e+00   4.2195711e+00   7.5948357e+00   1.8377666e+00   3.4741770e-02
   3.8754391e+00   6.2587565e-01   7.7576386e+00   3.6880246e+00   4.7759462e-02   2.4211393e+00
   4.1899001e+00   2.2511609e+00   1.8348631e+01   1.0417721e+01   1.1258440e+00   2.2197358e+00
   1.0029260e+00   1.2305933e+00   1.0533129e+00   2.1769790e+00   3.3833037e-01   1.9653160e-01
   4.8205039e+00   1.8265619e+00   2.0780067e+01   1.1624311e+01   5.2043398e-01   3.2628752e+00
   2.3863957e+00   3.5133778e+00   1.0563813e+01   1.3616372e+01   2.2108604e+00   6.7722313e-01
   2.9139737e+00   4.4613127e+00   1.5537689e+01   2.4109328e+01   3.0901991e+00   1.2216279e+00
   2.6014604e+00   8.1357970e-01   6.3933588e+00   1.7392326e+00   1.4724548e-01   9.9431520e-01
   1.7600857e+00   1.1013742e+00   3.4982792e+00   3.5782124e+00   2.6927182e-01   4.7311829e-01
   3.8517751e+00   2.9971958e+00   1.7658113e+01   1.4812848e+01   1.6200939e+00   2.3379713e+00
   7.0824990e-01   4.5424053e+00   5.9265730e+00   1.5401655e+01   4.0007881e+00   1.0135769e-01
   2.8282994e+00   5.4978203e-01   4.9043805e+00   1.5895206e+00   4.1171752e-02   1.1229932e+00
   1.2407870e+00   2.7223084e+00   3.7402118e+00   7.8874963e+00   1.3567829e+00   1.3736407e-01
   4.1947382e+00   2.5502534e+00   1.5115700e+01   1.4944207e+01   1.2130977e+00   2.8621012e+00
   3.9489935e+00   4.3399442e+00   2.5479149e+01   2.3752268e+01   3.3586644e+00   2.2781221e+00
   1.1905868e+00   3.4064225e+00   4.5477295e+00   9.3737137e+00   2.1870900e+00   2.7719087e-01
   4.3241348e+00   1.8839670e+00   1.5676603e+01   7.9891170e+00   7.1835200e-01   2.5228421e+00
   1.8131307e+00   7.5965274e-01   2.2446805e+00   1.1102249e+00   7.5275571e-02   4.9329218e-01
   3.7535919e+00   1.0579759e+00   1.2267304e+01   6.1656754e+00   1.7821046e-01   2.2064421e+00
   2.7669274e+00   4.7370838e+00   1.4575191e+01   2.2886066e+01   4.1071733e+00   1.1038826e+00
   3.8398836e+00   4.4179992e+00   2.0948897e+01   2.7383892e+01   3.2128075e+00   2.5192531e+00
   1.3942101e+00   2.3956508e+00   5.7110524e+00   5.5018110e+00   1.0746448e+00   3.0280084e-01
   4.1491070e+00   6.6789668e-01   1.0874565e+01   4.0551192e+00   6.5639607e-02   2.8257794e+00
   4.3170201e+00   4.0014710e+00   2.5451589e+01   2.2635965e+01   2.9348263e+00   3.0278602e+00
   1.2014670e+00   1.9462157e+00   3.3314792e+00   4.3072674e+00   4.8809170e-01   1.9013790e-01
   3.6284654e+00   3.3382466e+00   1.5662665e+01   1.6605286e+01   1.9414167e+00   2.2389810e+00
   3.3062425e+00   3.6879632e+00   1.6511101e+01   2.0940898e+01   2.5551180e+00   1.6737535e+00
   5.0202262e-01   4.5023311e+00   5.7510186e+00   1.3454944e+01   3.5534623e+00   3.6252723e-02
   2.7295132e+00   2.4457854e+00   7.6744696e+00   8.4168503e+00   9.6066168e-01   1.0646960e+00
   2.3642005e+00   4.8350339e+00   1.3587701e+01   2.0220399e+01   4.1091285e+00   8.7558896e-01
   7.4659130e-01   2.9598224e+00   4.2794840e+00   8.3441008e+00   1.5487374e+00   8.0370399e-02
   3.0583537e+00   3.5873451e+00   1.5466717e+01   1.6724079e+01   2.1162096e+00   1.4099422e+00
   4.4009534e+00   2.7964367e+00   1.9173116e+01   1.4531004e+01   1.3799101e+00   3.3738277e+00
   4.7980706e+00   7.7295113e-01   1.6264530e+01   7.4639436e+00   1.1212915e-01   3.6082710e+00
   2.8585585e+00   1.9455649e+00   1.0005886e+01   6.6122782e+00   7.2147549e-01   1.1754824e+00
   4.0155036e+00   2.0297733e+00   1.2349074e+01   1.0007683e+01   7.6836522e-01   2.7162290e+00
   6.7076918e-01   3.0631396e+00   3.5220222e+00   6.0998783e+00   1.8383340e+00   7.0774833e-02
   1.1200304e+00   1.4979772e+00   1.6233498e+00   2.3603557e+00   3.1278558e-01   2.1147831e-01
   6.2908598e-01   2.8215180e+00   3.3296622e+00   6.5308266e+00   1.5538786e+00   6.5271667e-02
   4.1584973e+00   4.5294139e+00   2.6333052e+01   2.6222746e+01   4.1427185e+00   2.4931843e+00
   1.9630107e+00   1.4909471e+00   4.9618636e+00   5.0508874e+00   4.7228606e-01   7.0016697e-01
   4.5948798e+00   2.5101089e+00   1.9914066e+01   1.4309171e+01   1.1385785e+00   3.5600833e+00
   4.6609543e+00   2.6911991e+00   2.1050182e+01   1.5203067e+01   1.0207193e+00   3.4319550e+00
   4.7391182e+00   4.1437097e+00   3.2757947e+01   2.8702713e+01   3.5315299e+00   3.6904521e+00
   2.5402869e+00   4.9840359e+00   1.4041052e+01   2.3460910e+01   4.5907885e+00   9.1345540e-01
   1.3682007e+00   2.3750516e+00   4.2574210e+00   5.1969625e+00   1.0802528e+00   3.8182451e-01
   1.1221136e+00   7.4300500e-01   9.7700018e-01   1.2036760e+00   1.2521133e-01   1.9438238e-01
   2.6625912e+00   4.5179602e+00   1.4798337e+01   1.9980014e+01   3.6651821e+00   1.0221535e+00
   7.9211543e-01   4.5757932e+00   6.1617512e+00   1.4458512e+01   3.3529284e+00   1.9266317e-01
   4.3994328e+00   1.0601682e+00   1.2966489e+01   6.2830676e+00   1.8996049e-01   2.8299993e+00
   1.2336213e+00   1.4494246e+00   3.2391397e+00   3.4287373e+00   3.4716660e-01   2.7661182e-01
   2.3052025e+00   2.9261186e+00   1.0159768e+01   9.6049795e+00   1.8080449e+00   8.7785289e-01
   3.6830811e+00   2.7858248e+00   1.7115639e+01   1.2929426e+01   1.5005959e+00   1.8719087e+00
   2.3296151e+00   2.9776848e+00   9.8423515e+00   8.4829454e+00   1.3601727e+00   8.5840848e-01
   3.9014754e+00   5.8440902e-01   9.2405762e+00   4.3019435e+00   9.3417033e-02   2.5395558e+00
   4.3651528e+00   3.9028022e+00   2.5287194e+01   2.5143433e+01   2.9439115e+00   3.1586819e+00
   4.2734738e+00   2.4833558e+00   1.9404916e+01   1.5037175e+01   1.2121502e+00   2.9969673e+00
   3.5431646e+00   2.0755920e+00   1.2571771e+01   9.2726022e+00   7.9030780e-01   1.9319322e+00
   2.8429431e+00   4.4774150e+00   1.9221010e+01   2.7016408e+01   3.4745679e+00   1.3709124e+00
   4.7851364e+00   4.8194018e+00   3.0863934e+01   3.3071640e+01   4.4127130e+00   3.7508976e+00
   3.8491635e+00   3.1104658e+00   1.8403287e+01   1.4068446e+01   1.4595015e+00   2.5440687e+00
   3.7508173e+00   2.8039521e+00   1.6357235e+01   1.4501619e+01   1.6844033e+00   2.1294175e+00
   1.0654177e+00   1.9169010e+00   2.2317456e+00   4.0737457e+00   6.2989978e-01   2.6773640e-01
   3.1461562e+00   1.9591886e+00   9.0479605e+00   6.7396405e+00   7.2196753e-01   1.5443463e+00
   1.4750813e+00   8.2462523e-01   2.0409592e+00   1.4734370e+00   2.0187477e-01   3.2928834e-01
   6.5517622e-01   2.4551821e+00   3.7025381e+00   4.5001797e+00   1.3020971e+00   6.9068281e-02
   4.9946512e+00   3.1719173e+00   2.9345055e+01   2.1046143e+01   2.1303828e+00   3.8523795e+00
   2.1993622e+00   2.0547635e+00   6.9526160e+00   6.6141783e+00   8.2757111e-01   6.0376443e-01
   4.8191335e+00   2.7365505e+00   2.0353567e+01   1.6653046e+01   1.1535367e+00   2.8693993e+00
   2.4058443e+00   2.3469741e+00   6.5506967e+00   9.4322455e+00   8.6337631e-01   1.0223227e+00
   1.2414267e+00   1.7515165e+00   2.8389393e+00   3.3735066e+00   5.7459575e-01   1.4233718e-01
   1.6772938e+00   4.2958173e+00   8.5847943e+00   1.5614669e+01   3.4057178e+00   4.7419337e-01
   1.9077251e+00   7.2879521e-01   3.5733834e+00   1.2187558e+00   1.4868811e-01   6.0369771e-01
   1.3756443e+00   3.7973787e+00   7.8067528e+00   1.3841824e+01   2.4666572e+00   4.3725087e-01
   1.0254864e+00   4.7770336e+00   1.1081680e+01   1.5455175e+01   4.2548935e+00   1.5177727e-01
   4.7572799e+00   1.9588011e+00   1.8640732e+01   1.2495232e+01   5.6397779e-01   3.6388185e+00
   2.4804828e+00   4.3955745e+00   1.2846753e+01   1.9662404e+01   3.1320690e+00   9.9418105e-01
   4.9863388e+00   1.9308551e+00   2.0429964e+01   1.2181402e+01   7.2153543e-01   4.1637117e+00
   2.3663077e+00   1.5910839e+00   5.2316225e+00   4.8841372e+00   3.6425135e-01   9.4085479e-01
   2.8070953e+00   1.5640072e+00   8.2984052e+00   5.6705633e+00   5.1646646e-01   1.2312109e+00
   1.1834032e+00   2.1004596e+00   4.1791093e+00   5.2986443e+00   9.9807284e-01   2.1444636e-01
   2.5421188e+00   1.3294522e+00   5.1304987e+00   3.3272923e+00   2.9193633e-01   1.0665394e+00
   4.8325176e+00   3.0393652e+00   2.5155340e+01   1.5598628e+01   1.9171149e+00   3.1917114e+00
   6.1147839e-01   4.2950219e+00   5.4940211e+00   1.7369386e+01   3.3558388e+00   9.8941416e-02
   5.0516228e-01   2.5182716e+00   2.1145472e+00   4.2529776e+00   1.0990627e+00   3.0436246e-02
   2.8923001e+00   2.8213009e+00   1.2243474e+01   9.9239647e+00   1.2987387e+00   1.4154068e+00
   4.0443514e+00   3.7426873e+00   2.1316849e+01   2.2092186e+01   2.3134245e+00   2.5711907e+00
   1.5943974e+00   3.7348605e+00   6.5869899e+00   1.2583020e+01   2.7890762e+00   4.1064246e-01
   4.6251769e+00   7.5044356e-01   1.2744720e+01   5.5843816e+00   9.0008004e-02   3.1788949e+00
   3.1034339e+00   2.3059728e+00   1.1584760e+01   1.0261543e+01   7.7116536e-01   1.7339178e+00
   4.2829779e+00   4.5103430e+00   2.4730354e+01   2.6691760e+01   3.6547531e+00   2.5906496e+00
   5.1969941e-01   2.9796439e+00   3.1690257e+00   8.9246240e+00   1.5029202e+00   7.7299042e-02
   3.4276654e+00   2.2979873e+00   1.3311821e+01   8.9271025e+00   1.0383907e+00   1.5920205e+00
   1.6682303e+00   4.9365540e+00   1.0141847e+01   2.0600934e+01   4.0703779e+00   4.4042326e-01
   3.7822501e+00   4.0030079e+00   1.9543477e+01   1.9478726e+01   2.7754941e+00   2.0511292e+00
   2.0263482e+00   4.7802209e+00   1.3668515e+01   2.3724333e+01   4.3447815e+00   7.5940987e-01
   1.1702216e+00   3.2271623e+00   5.6396689e+00   7.9282781e+00   1.6998366e+00   1.8784475e-01
   2.1234618e+00   1.5900533e+00   7.7347983e+00   5.8623810e+00   5.0380819e-01   8.8067742e-01
   5.5740408e-01   3.0725255e+00   2.9377161e+00   6.8646206e+00   1.6654869e+00   5.9898062e-02
   5.4010991e-01   3.7212806e+00   4.4045094e+00   9.8079055e+00   2.4774026e+00   5.2221905e-02
   2.2485258e+00   2.9983416e+00   8.0229360e+00   9.7498725e+00   1.5428959e+00   8.9712497e-01
   4.4913857e+00   2.2506638e+00   2.5068594e+01   1.1689038e+01   1.1373340e+00   3.2965466e+00
   4.7421197e+00   3.6739871e+00   2.6965838e+01   2.0529342e+01   2.5347883e+00   3.2009749e+00
   1.9891764e+00   4.0046567e+00   1.1972872e+01   1.7278468e+01   3.0809456e+00   6.1130350e-01
   2.2279198e+00   1.9603805e+00   7.0386936e+00   5.8080241e+00   7.6492646e-01   5.6433397e-01
   2.6941152e+00   4.7755102e+00   1.6682853e+01   2.6300312e+01   4.0596124e+00   1.0029043e+00
   3.2698245e+00   6.0867678e-01   8.1653731e+00   2.4564581e+00   9.3297501e-02   1.4838200e+00
   1.0105648e+00   1.9863833e+00   2.2132618e+00   3.9830778e+00   5.9881048e-01   1.7895939e-01
   1.8837492e+00   1.8463684e+00   4.6698071e+00   5.7571676e+00   5.4247967e-01   4.0037533e-01
   4.0782791e+00   3.7133611e+00   2.1776049e+01   2.1323215e+01   2.6442027e+00   2.6981651e+00
   2.6303585e+00   2.3537662e+00   9.8463067e+00   9.3004338e+00   1.0323524e+00   1.1591038e+00
   1.6477807e+00   4.6085554e+00   1.1717476e+01   1.7199151e+01   3.6208302e+00   3.8833064e-01
   2.9991963e+00   3.3684936e+00   1.4760222e+01   1.6204464e+01   1.8871870e+00   1.3234218e+00
   4.8346713e+00   2.4913040e+00   2.5197571e+01   2.0356550e+01   9.8455826e-01   4.1673677e+00
   1.2320859e+00   2.5456835e+00   4.1841528e+00   6.8100629e+00   1.0460696e+00   2.5967751e-01
   3.0625394e+00   4.4422276e+00   1.6424524e+01   2.4267708e+01   3.7600793e+00   1.4861976e+00
   3.6520617e+00   2.2042798e+00   1.4644512e+01   9.2356901e+00   7.3595729e-01   2.0287828e+00
   3.6115388e+00   3.6807398e+00   1.6489716e+01   1.9058473e+01   2.4872048e+00   2.1115352e+00
   4.4116140e+00   1.2018073e+00   1.5012842e+01   6.8546676e+00   2.0404297e-01   3.1045290e+00
   6.4281588e-01   4.6353239e+00   6.7001846e+00   1.5697814e+01   3.8340028e+00   1.3500493e-01
   7.7205467e-01   1.1625613e+00   6.0515501e-01   1.6376313e+00   2.0102477e-01   7.2662699e-02
   2.8659057e+00   1.9811371e+00   9.6378085e+00   7.4001968e+00   7.9463179e-01   1.2623431e+00
   2.1380167e+00   2.0249500e+00   5.0854079e+00   5.6599842e+00   7.0267429e-01   7.5740584e-01
   2.9058691e+00   4.6281907e+00   1.6551413e+01   2.2892152e+01   4.2402864e+00   1.1423654e+00
   3.6557189e+00   1.5905219e+00   1.0377271e+01   6.5609648e+00   3.5714787e-01   1.9844451e+00
   2.0223222e+00   3.9601444e+00   9.3183596e+00   1.8330636e+01   2.7798483e+00   6.5893609e-01
   4.8946068e+00   1.0544671e+00   1.7323201e+01   7.7732895e+00   2.9124251e-01   3.4818855e+00
   3.4234286e+00   3.4265846e+00   1.6195649e+01   1.7679600e+01   2.0209577e+00   1.9135358e+00
   4.7561788e+00   2.1580732e+00   2.0035319e+01   1.4801658e+01   7.9820908e-01   3.4384917e+00
   3.3787160e+00   4.8303191e+00   2.5810755e+01   2.6639718e+01   4.7930210e+00   1.9588271e+00
   7.6068298e-01   2.2055600e+00   2.7517900e+00   3.8368101e+00   9.9674578e-01   1.4887486e-01
   2.4143462e+00   3.1453466e+00   9.8009974e+00   1.1069551e+01   1.8443762e+00   9.4591207e-01
   2.6276225e+00   2.4130154e+00   1.1034868e+01   7.4669818e+00   1.0036892e+00   1.2031073e+00
   4.8014049e+00   6.3265036e-01   1.6225226e+01   5.7561543e+00   1.3801146e-01   3.4674369e+00
   3.0712501e+00   1.7029350e+00   9.7876072e+00   6.1641141e+00   5.9308609e-01   1.3270860e+00
   6.6532603e-01   2.0744379e+00   2.1603516e+00   4.2535889e+00   7.9009413e-01   7.9723198e-02
   4.1157028e+00   4.2370145e+00   2.3238829e+01   2.4440456e+01   3.4165413e+00   2.0650023e+00
   2.0164253e+00   2.1959393e+00   5.5989518e+00   6.4826556e+00   8.1269710e-01   5.3911355e-01
   1.8976632e+00   4.6887242e+00   1.1749125e+01   2.3451963e+01   4.2284914e+00   6.0366004e-01
   2.8442820e+00   2.9055388e+00   1.2538326e+01   1.1760809e+01   1.4565067e+00   1.0998709e+00
   3.1174253e+00   3.7291314e+00   1.6395890e+01   1.7096896e+01   2.4337235e+00   1.6091953e+00
   3.3844491e+00   2.3601887e+00   1.2407557e+01   1.1715693e+01   1.2156918e+00   1.7759826e+00
   2.9869708e+00   2.7031452e+00   9.3627718e+00   1.2790967e+01   1.3340487e+00   1.4762735e+00
   6.0710378e-01   3.0194035e+00   2.0286124e+00   7.9384850e+00   1.5386960e+00   1.2365572e-01
   2.4672860e+00   2.8941055e+00   9.8656088e+00   9.8151498e+00   1.3276810e+00   1.0588319e+00
   1.4938685e+00   2.7520431e+00   5.3758275e+00   7.8624717e+00   1.4936579e+00   3.0043624e-01
   3.6189416e+00   7.0506354e-01   9.9155098e+00   3.0301520e+00   9.8027918e-02   1.8574054e+00
   3.4103716e+00   4.2890987e+00   2.1392576e+01   2.5384293e+01   3.6190207e+00   2.1076723e+00
   2.3868946e+00   4.1254071e+00   1.2905719e+01   1.6752308e+01   3.1615240e+00   1.1302296e+00
   4.4994716e+00   7.3681384e-01   1.6853189e+01   6.0156775e+00   1.4729592e-01   3.1899899e+00
   3.0863613e+00   4.5158367e+00   1.6318267e+01   2.4050782e+01   3.7393085e+00   1.3792725e+00
   1.6225032e+00   3.8810224e+00   7.7625107e+00   1.5860075e+01   2.6060152e+00   6.3203832e-01
   2.4742576e+00   4.6252167e+00   1.4382538e+01   2.0694168e+01   4.3147955e+00   8.9430313e-01
   2.3033061e+00   6.9211626e-01   2.9399474e+00   3.1873559e+00   1.1347069e-01   9.9501452e-01
   2.7240215e+00   2.8039385e+00   9.2807030e+00   1.1580985e+01   1.2529034e+00   1.2877165e+00
   2.3362777e+00   3.1798109e+00   9.6660129e+00   1.1506514e+01   1.6289803e+00   9.6620651e-01
   4.3758173e+00   6.6297587e-01   1.1004092e+01   4.9639867e+00   6.4404576e-02   2.9241884e+00
   4.5896535e+00   9.1981897e-01   1.2024002e+01   6.1205463e+00   1.8954620e-01   3.4946805e+00
   3.5426441e+00   4.8711095e+00   2.1970947e+01   3.0996204e+01   4.1133909e+00   2.0386052e+00
   2.2256264e+00   1.9190962e+00   5.7805628e+00   5.3419181e+00   4.7821836e-01   7.3200056e-01
   4.4226350e+00   3.1007915e+00   2.0752425e+01   1.8992517e+01   1.7730136e+00   3.3565197e+00
   1.3006301e+00   1.2289971e+00   3.0809344e+00   1.0358975e+00   2.1126394e-01   2.3313737e-01
   9.7477019e-01   3.7362048e+00   5.1574208e+00   1.1576553e+01   2.6819852e+00   2.7584562e-01
   1.1542049e+00   6.0804037e-01   1.2939703e+00   9.8442254e-01   4.3270270e-02   2.8135631e-01
   1.9772192e+00   2.0418498e+00   4.8247269e+00   5.3573839e+00   7.1185328e-01   6.3279658e-01
   4.1727116e+00   2.6807245e+00   1.7080731e+01   1.0612911e+01   1.4346138e+00   2.2883055e+00
   3.4720886e+00   4.9258213e+00   2.0124977e+01   2.8811206e+01   3.9333560e+00   2.0380992e+00
   1.5669931e+00   2.8931658e+00   6.2259622e+00   6.8204701e+00   1.7710918e+00   3.4789362e-01
   3.6716300e+00   3.3711887e+00   1.8357195e+01   1.7576798e+01   2.4563259e+00   2.1712892e+00
   3.9480189e+00   2.0830014e+00   1.5039920e+01   8.3630147e+00   7.9385776e-01   2.4626438e+00
   2.9184929e+00   4.9241823e+00   1.9651255e+01   2.3033944e+01   4.4037242e+00   1.3827023e+00
   1.2062627e+00   1.0862320e+00   1.2866398e+00   1.6024703e+00   1.9935478e-01   2.7400626e-01
   1.5674011e+00   1.7337459e+00   1.9286970e+00   5.3620220e+00   3.6962606e-01   3.7259451e-01
   1.3684744e+00   3.7840279e+00   6.4128468e+00   1.2286841e+01   2.7041122e+00   3.4874071e-01
   4.0053962e+00   2.5632627e+00   1.6212170e+01   1.1789496e+01   1.4475070e+00   2.0909658e+00
   4.8661969e+00   4.3116995e+00   3.3018196e+01   2.5092523e+01   3.5887236e+00   3.7427341e+00
   2.1138167e+00   4.9425963e+00   1.0564867e+01   2.3133259e+01   3.8497795e+00   5.9139381e-01
   4.4318265e+00   4.4317148e+00   3.0011238e+01   2.3905814e+01   3.7660431e+00   2.9090774e+00
   1.2114172e+00   2.3186331e+00   2.8591047e+00   6.1730175e+00   8.7721437e-01   2.1944895e-01
   4.1678250e+00   1.8911822e+00   1.5529569e+01   9.9016234e+00   6.9784556e-01   2.7083518e+00
   1.7983214e+00   3.1503629e+00   6.0703915e+00   1.1675655e+01   1.6252233e+00   4.5256226e-01
   7.3305246e-01   4.1070818e+00   4.5645414e+00   1.5207361e+01   3.0617998e+00   5.4619219e-02
   1.3477054e+00   3.2389660e+00   6.1870461e+00   9.6449965e+00   1.9053037e+00   2.8023706e-01
   3.5400787e+00   4.3935574e+00   2.0947403e+01   2.3482752e+01   3.5450628e+00   1.9863818e+00
   3.5325848e+00   4.7625979e+00   2.2231181e+01   2.7665794e+01   4.3012079e+00   2.1308405e+00
   3.1195212e+00   1.9571070e+00   1.1142126e+01   7.2003601e+00   7.4642305e-01   1.3990905e+00
   1.0967051e+00   4.8511212e+00   7.7601951e+00   1.9307435e+01   3.8736991e+00   2.1816932e-01
   3.6085071e+00   2.8399889e+00   1.2333674e+01   1.1910579e+01   1.2590310e+00   2.0979227e+00
   5.8521849e-01   3.7983345e+00   4.3594951e+00   1.0939986e+01   2.4293874e+00   4.6096831e-02
   1.0029460e+00   3.4091060e+00   5.3338310e+00   1.0992729e+01   2.2032164e+00   1.5185733e-01
   4.7772604e+00   3.5867186e+00   2.4791340e+01   1.8519790e+01   2.4256446e+00   3.2076657e+00
   1.6500102e+00   2.1686504e+00   4.8513120e+00   5.9439894e+00   1.0618815e+00   4.0535724e-01
   4.7901371e+00   3.6905308e+00   2.5004567e+01   2.4888382e+01   2.3973973e+00   3.7317987e+00
   2.7836222e+00   2.9761326e+00   1.0634054e+01   1.3954177e+01   1.6796236e+00   1.2180759e+00
   2.4726137e+00   2.5390356e+00   1.0455324e+01   9.6897883e+00   1.2880743e+00   1.0529018e+00
   1.6093560e+00   3.6713174e+00   7.1424707e+00   1.2832410e+01   2.3277360e+00   3.3442996e-01
   4.4038186e+00   3.7507196e+00   2.5658375e+01   1.9647663e+01   2.6831554e+00   3.1371802e+00
   2.2520472e+00   1.3458177e+00   5.5102022e+00   3.6496259e+00   3.7967492e-01   7.8581852e-01
   9.0846350e-01   4.5079559e+00   7.0683296e+00   1.5286522e+01   3.6512017e+00   1.1281102e-01
   1.9912274e+00   1.5731261e+00   4.5342167e+00   4.6076444e+00   4.7929715e-01   6.8270181e-01
   3.9933064e+00   1.2136550e+00   1.3740652e+01   6.2228874e+00   2.7830686e-01   2.5630939e+00
   4.2252346e+00   6.7203934e-01   9.9472818e+00   4.7186064e+00   7.9857392e-02   2.6242300e+00
   7.5188936e-01   3.2521891e+00   5.0487148e+00   6.5676454e+00   1.8868142e+00   1.5010442e-01
   1.8758752e+00   2.4190486e+00   4.4577530e+00   6.5573558e+00   1.0434270e+00   5.2719897e-01
   4.1967439e+00   4.4949097e+00   2.7233269e+01   2.5835990e+01   3.7056222e+00   2.7810541e+00
   2.8411465e+00   3.0105650e+00   1.1390701e+01   1.6878811e+01   1.5589044e+00   1.4704121e+00
   3.8117453e+00   2.1356223e+00   1.4831711e+01   1.1139574e+01   1.1027879e+00   2.2226979e+00
   2.3651667e+00   2.1795055e+00   8.3674735e+00   6.4610666e+00   1.1033285e+00   1.1182239e+00
   1.5504341e+00   2.9151930e+00   4.6412725e+00   9.6414466e+00   1.7384252e+00   4.7956237e-01
   1.1528493e+00   7.7959192e-01   1.7457873e+00   9.8189044e-01   1.2545975e-01   1.6010670e-01
   1.7529233e+00   3.2165043e+00   7.2616460e+00   1.1391221e+01   1.8235318e+00   4.8059078e-01
   1.7661295e+00   9.9831234e-01   3.0409766e+00   1.7458064e+00   2.1317321e-01   3.7062255e-01
   2.3825941e+00   1.3270728e+00   4.3039622e+00   2.5285913e+00   3.2457577e-01   7.6422415e-01
   6.4271417e-01   2.7847125e+00   2.2907032e+00   7.1238567e+00   1.2481120e+00   4.7728474e-02
   2.4210106e+00   2.7675083e+00   7.8283626e+00   9.8861669e+00   1.4227697e+00   1.1560950e+00
   7.4054281e-01   2.3374937e+00   2.3701073e+00   3.8304939e+00   9.5090402e-01   8.9948933e-02
   4.7191553e+00   3.3465889e+00   2.3924143e+01   1.8618169e+01   1.8813098e+00   3.4727998e+00
   4.7462364e+00   3.9133007e+00   2.8434996e+01   2.3087279e+01   3.0664208e+00   3.2788038e+00
   3.0718218e+00   3.3951383e+00   1.5867261e+01   1.4288572e+01   2.5998134e+00   1.5165747e+00
   3.9673871e+00   3.8398463e+00   2.1718991e+01   2.0782437e+01   2.5356186e+00   2.3626626e+00
   1.8090466e+00   2.1464001e+00   5.6420957e+00   5.8002425e+00   8.0076934e-01   6.5711577e-01
   9.1992873e-01   2.2902131e+00   2.9443312e+00   4.4063614e+00   8.0232368e-01   1.0219321e-01
   4.4215207e+00   3.0758784e+00   2.2737536e+01   1.6453034e+01   1.9586788e+00   2.8881225e+00
   2.0740780e+00   9.0174031e-01   4.2856459e+00   2.6970153e+00   1.8488148e-01   7.3174814e-01
   3.4793643e+00   4.2398587e+00   2.2017758e+01   1.8665554e+01   2.9923114e+00   1.8071290e+00
   2.1166483e+00   7.9055071e-01   3.6907312e+00   2.6039413e+00   1.6630213e-01   6.7073888e-01
   1.2424815e+00   3.1552958e+00   4.4441669e+00   9.8153079e+00   2.0773669e+00   2.3259984e-01
   3.2578994e+00   2.9823808e+00   1.4337437e+01   1.3757870e+01   1.9057064e+00   1.6647877e+00
   8.6559229e-01   4.5900922e+00   7.7267559e+00   1.4057499e+01   3.9983642e+00   1.2368196e-01
   4.7653032e+00   1.4688321e+00   1.6679390e+01   9.4446659e+00   4.1178523e-01   3.5373724e+00
   3.3143275e+00   1.8226608e+00   9.7425377e+00   8.1607273e+00   6.3321873e-01   1.9791912e+00
   1.7580824e+00   4.3770663e+00   9.4111348e+00   1.7155522e+01   3.6822554e+00   4.8560310e-01
   2.7479216e+00   4.5687960e+00   1.5274086e+01   2.4008064e+01   4.1892937e+00   9.7698675e-01
   3.6468370e+00   8.4167660e-01   9.9407987e+00   2.9464113e+00   2.3473770e-01   1.9091460e+00
   4.0705190e+00   4.4017203e+00   2.5009354e+01   2.5741384e+01   3.7750810e+00   2.4309257e+00
   2.7969916e+00   4.6502347e+00   1.7327529e+01   2.2380930e+01   3.7586552e+00   9.5698418e-01
   8.8909501e-01   4.5369821e+00   5.5461889e+00   1.6405542e+01   4.0635508e+00   2.0437658e-01
   3.5218457e+00   3.5205019e+00   1.6879014e+01   1.8869840e+01   2.1879157e+00   1.8047306e+00
   1.8706174e+00   2.2103927e+00   5.8234704e+00   6.5030246e+00   8.2310655e-01   5.3231956e-01
   4.7809387e+00   1.4840080e+00   1.5737820e+01   1.2239614e+01   3.1620186e-01   3.5603656e+00
   2.9356640e+00   2.1851182e+00   9.7935211e+00   8.2931590e+00   8.4838843e-01   1.2228606e+00
   1.1323655e+00   3.1267270e+00   5.2407018e+00   6.9729633e+00   1.5117714e+00   1.1924460e-01
   4.6109601e+00   1.6017975e+00   1.8969876e+01   8.6774487e+00   4.8790942e-01   3.0166508e+00
   7.5758582e-01   4.7090557e+00   5.3956838e+00   1.9147963e+01   3.9525411e+00   5.1120322e-02
   1.9083091e+00   2.3871214e+00   6.0465940e+00   8.9896318e+00   8.3501197e-01   7.0233805e-01
   1.5273104e+00   3.4272561e+00   6.7490056e+00   1.1388213e+01   2.1225438e+00   3.5571187e-01
   4.3989127e+00   7.0502465e-01   1.4936935e+01   4.8963588e+00   1.4455431e-01   3.0519449e+00
   4.4205056e+00   2.0647124e+00   1.6428610e+01   1.2120391e+01   7.5374324e-01   2.9290864e+00
   4.3797822e+00   1.8242017e+00   1.5059577e+01   1.1853427e+01   6.7379624e-01   3.2509844e+00
   1.5570058e+00   1.8867082e+00   4.5648146e+00   4.2558149e+00   5.9431827e-01   2.2895839e-01
   2.1158411e+00   9.7897641e-01   2.7282895e+00   3.8205222e+00   1.3543781e-01   8.8410898e-01
   2.7565301e+00   4.3628499e+00   1.1927097e+01   2.3558545e+01   3.2284772e+00   1.2401497e+00
   2.9650668e+00   6.1882589e-01   5.9847819e+00   2.1930836e+00   1.2189109e-01   1.3275207e+00
   2.6603497e+00   1.0886504e+00   5.3727056e+00   3.2443259e+00   2.2337149e-01   8.7003910e-01
   4.2625314e+00   4.1031112e+00   2.1584774e+01   2.7778984e+01   3.1070778e+00   3.1164419e+00
   1.3916417e+00   2.3748356e+00   3.7526901e+00   7.2702609e+00   1.0613406e+00   3.6730466e-01
   1.1134810e+00   4.8037094e+00   1.0103069e+01   1.8569107e+01   4.4950007e+00   2.2506214e-01
   6.5064829e-01   2.8749128e+00   3.1711812e+00   6.3851861e+00   1.4761710e+00   4.0667351e-02
   4.0272208e+00   4.9516910e+00   2.6821457e+01   3.0728822e+01   4.3835470e+00   2.0177304e+00
   4.0724528e+00   4.8022611e+00   2.4070049e+01   2.7327737e+01   4.1486547e+00   2.9516487e+00
   3.4398799e+00   3.0860186e+00   1.3609429e+01   1.5974201e+01   1.8094137e+00   1.9325527e+00
   3.6140847e+00   1.9540671e+00   1.1557897e+01   8.6155430e+00   7.3742025e-01   2.0056068e+00
   6.8966294e-01   4.6226229e+00   6.5085086e+00   1.5024449e+01   4.2203689e+00   9.1941545e-02
   4.7058416e+00   4.2501023e+00   2.8827854e+01   2.6789832e+01   3.8163605e+00   3.2164891e+00
   3.1943966e+00   1.7138747e+00   9.3095592e+00   5.9680733e+00   4.1593293e-01   1.6127880e+00
   1.1273812e+00   4.5909741e+00   8.4483155e+00   1.6836880e+01   3.8460927e+00   1.8692704e-01
   3.9518933e+00   3.9915531e+00   2.1791546e+01   2.2222993e+01   3.0591672e+00   2.0980428e+00
   3.2716089e+00   2.3854430e+00   1.2293713e+01   9.9539117e+00   1.1005403e+00   1.9012378e+00
   3.0982552e+00   4.2022154e+00   1.6985909e+01   1.9631059e+01   3.3337094e+00   1.2767784e+00
   2.7814349e+00   2.2341093e+00   9.1500658e+00   8.9677344e+00   8.1869680e-01   1.1499356e+00
   4.2411381e+00   2.8908054e+00   1.8987851e+01   1.6362582e+01   1.7502695e+00   2.8829521e+00
   2.0400463e+00   7.0007377e-01   2.8718024e+00   1.5164515e+00   5.7447914e-02   6.4872959e-01
   4.4532756e+00   4.9608286e+00   2.9013810e+01   3.5803254e+01   4.4659894e+00   3.1245948e+00
   1.8954730e+00   2.6396595e+00   5.8344842e+00   8.0162265e+00   1.2941248e+00   4.3352473e-01
   3.5726802e+00   4.6781441e+00   1.9420545e+01   2.8036280e+01   3.5039292e+00   1.8933715e+00
   5.2234521e-01   3.5666470e+00   2.9012263e+00   1.0416990e+01   2.0604790e+00   5.9152798e-02
   2.0166657e+00   2.5478436e+00   4.9480130e+00   7.9331782e+00   8.2878970e-01   7.5498709e-01
   2.5582389e+00   9.1607577e-01   4.4890596e+00   2.0268496e+00   1.5384874e-01   8.7233985e-01
   1.8027016e+00   4.9093268e+00   1.0551953e+01   2.0577731e+01   4.3295065e+00   3.5522015e-01
   3.9605747e+00   1.8088410e+00   1.4861730e+01   8.3208323e+00   4.7164624e-01   2.0275215e+00
   1.1076644e+00   1.9317333e+00   2.3279698e+00   4.7529760e+00   6.2307788e-01   2.2503272e-01
   4.3341758e+00   3.1802758e+00   2.3830358e+01   1.8662781e+01   1.8754908e+00   3.0257914e+00
   4.0476848e+00   4.5912689e+00   2.7206109e+01   2.9298102e+01   4.1359629e+00   2.5467160e+00
   3.5688564e+00   2.1327961e+00   1.0434022e+01   1.0320870e+01   6.0294015e-01   1.8674224e+00
   2.2488440e+00   1.7438318e+00   7.1306144e+00   5.1832134e+00   7.6922767e-01   7.7937358e-01
   4.4024246e+00   2.7500051e+00   2.2009529e+01   1.5503521e+01   1.3112222e+00   3.2734736e+00
   1.3161219e+00   2.9497433e+00   5.3761901e+00   7.0400114e+00   2.0572721e+00   3.8665219e-01
   1.4564161e+00   4.9810913e+00   1.0729495e+01   2.1293693e+01   4.1282723e+00   3.2493496e-01
   4.8308276e+00   3.6949388e+00   2.7966011e+01   2.0794995e+01   2.6494692e+00   3.2683265e+00
   2.4520016e+00   3.9589755e+00   1.3408940e+01   1.7547522e+01   3.2999868e+00   1.0082447e+00
   3.1800136e+00   3.6834291e+00   1.5907445e+01   1.5711479e+01   2.5142805e+00   1.5416234e+00
   3.8954664e+00   3.7406369e+00   2.0356361e+01   1.9711747e+01   2.7334565e+00   2.6232631e+00
   3.6153506e+00   3.6998714e+00   1.8531477e+01   2.3818850e+01   2.3624809e+00   2.1421240e+00
   2.4976666e+00   4.3450485e+00   1.2257419e+01   1.7595968e+01   3.2172408e+00   7.9980802e-01
   3.2708761e+00   1.8229262e+00   9.5280523e+00   6.5507788e+00   5.5260824e-01   1.6777691e+00
   1.2524004e+00   4.2942895e+00   7.3560050e+00   1.5021649e+01   3.0885919e+00   2.7815061e-01
   3.4194855e+00   4.8908334e+00   2.4066420e+01   2.5221529e+01   4.6039726e+00   1.7934828e+00
   1.6152999e+00   3.4805323e+00   8.3305858e+00   1.3078674e+01   2.3209216e+00   3.5157773e-01
   2.8205049e+00   2.3493868e+00   9.0764969e+00   8.2149647e+00   1.1320323e+00   1.1014168e+00
   3.0484720e+00   1.2739237e+00   7.3952413e+00   5.5822484e+00   2.9170049e-01   1.4015491e+00
   3.7473996e+00   2.5368991e+00   1.6585072e+01   1.3906981e+01   1.1059507e+00   2.7794887e+00
   1.9905606e+00   4.5781800e+00   1.2330461e+01   2.2315791e+01   3.7049594e+00   6.2194029e-01
   4.9576600e+00   2.8445211e+00   2.2621139e+01   1.8303784e+01   1.3673639e+00   3.6772692e+00
   1.9334982e+00   4.3454467e+00   9.1631959e+00   1.7244182e+01   2.9988513e+00   5.6619007e-01
   1.2716980e+00   1.9616686e+00   3.7498412e+00   4.5459427e+00   7.2731772e-01   2.2704569e-01
   4.0637794e+00   4.3846307e+00   2.5201184e+01   2.6498041e+01   3.6268354e+00   2.7045305e+00
   7.3379582e-01   2.8467633e+00   2.8827496e+00   7.9071425e+00   1.3982386e+00   1.0613529e-01
   4.0635607e+00   4.6149822e+00   2.3390806e+01   2.9789040e+01   3.4956106e+00   2.5397889e+00
   4.3773682e+00   1.7544536e+00   1.7133846e+01   9.1156290e+00   4.8214282e-01   2.7746606e+00
   9.7891899e-01   4.6680422e+00   7.0196281e+00   1.8358188e+01   4.2342659e+00   1.7653404e-01
   1.2824108e+00   4.3744408e+00   8.8699305e+00   1.7326428e+01   3.3691912e+00   3.2936107e-01
   5.6675684e-01   1.9123551e+00   1.2096131e+00   3.1084203e+00   6.4114122e-01   5.1698370e-02
   1.7853915e+00   1.0623159e+00   3.5221883e+00   2.3443134e+00   1.2953249e-01   4.8494778e-01
   5.3315589e-01   3.5111944e+00   4.3560841e+00   1.2111795e+01   1.9269285e+00   6.7338089e-02
   3.9290499e+00   4.0265397e+00   2.2634704e+01   2.4893588e+01   3.0739293e+00   2.1842561e+00
   4.4596679e+00   2.2362145e+00   1.8867022e+01   1.0582185e+01   9.1384423e-01   3.0893015e+00
   4.0793558e+00   2.2417839e+00   1.9591727e+01   1.2225989e+01   1.0241509e+00   2.7133957e+00
   1.6954300e+00   4.3325240e+00   9.2843049e+00   1.6184303e+01   3.3739197e+00   4.8398349e-01
   3.3052373e+00   2.5208329e+00   1.3497209e+01   9.6643212e+00   1.0541032e+00   1.5428754e+00
   7.3704836e-01   4.2286235e+00   5.3374019e+00   1.4335245e+01   3.2707326e+00   5.9255846e-02
   3.8171629e+00   4.2601541e+00   2.2960584e+01   2.1803986e+01   3.2599655e+00   2.2139776e+00
   2.0190225e+00   4.5166790e+00   1.1054119e+01   1.7790784e+01   3.4189241e+00   6.4338184e-01
   3.5682951e+00   3.8814969e+00   2.2224495e+01   1.8571865e+01   3.2986575e+00   2.0714818e+00
   1.9489528e+00   3.5358150e+00   7.6989412e+00   9.5114264e+00   2.3382410e+00   3.5591002e-01
   1.4617893e+00   1.0412561e+00   2.3841129e+00   1.9943857e+00   2.3134324e-01   3.4606865e-01
   3.4819303e+00   6.3285654e-01   7.0382842e+00   3.5227388e+00   3.6679243e-02   2.1268111e+00
   5.0525976e-01   3.2611115e+00   2.7350842e+00   9.2123007e+00   2.0397926e+00   9.3466164e-02
   3.8827093e+00   3.7939846e+00   2.0076516e+01   2.0308910e+01   2.3817780e+00   2.5012177e+00
   3.8172388e+00   4.7861986e+00   2.6819359e+01   2.5603900e+01   4.3228022e+00   2.4873726e+00
   2.9955140e+00   3.3187178e+00   1.2335399e+01   1.3919646e+01   2.0401367e+00   1.2219543e+00
   4.9823596e+00   2.6097536e+00   2.2449549e+01   1.6488183e+01   1.2189370e+00   3.8694078e+00
   2.2180239e+00   2.6875686e+00   8.5881322e+00   8.5335663e+00   1.4776717e+00   6.5802655e-01
   4.3321492e+00   4.3983782e+00   2.7790646e+01   2.8242658e+01   3.4800036e+00   3.0706176e+00
   4.8035762e+00   4.1797517e+00   2.7586710e+01   3.0011363e+01   2.9920197e+00   3.4064301e+00
   1.3287549e+00   3.2377306e+00   6.7425113e+00   9.3496539e+00   2.1887734e+00   3.1828114e-01
   1.7466187e+00   3.0569607e+00   5.6548645e+00   8.5838351e+00   1.3646636e+00   4.0933463e-01
   1.3168362e+00   2.7812892e+00   3.8889470e+00   5.7224160e+00   1.4383624e+00   1.3157645e-01
   4.7104621e+00   4.3924741e+00   2.7301085e+01   2.8692807e+01   3.7560409e+00   3.3091098e+00
   3.5568846e+00   3.5247777e+00   1.8248267e+01   1.8604000e+01   2.6154087e+00   2.2515906e+00
   2.0473447e+00   1.7986259e+00   4.5470723e+00   4.1036344e+00   5.6926845e-01   4.7659754e-01
   2.6634374e+00   4.5763232e+00   1.4553883e+01   2.6609127e+01   3.6384593e+00   9.3369981e-01
   2.7245353e+00   7.6755415e-01   4.4838720e+00   3.1687571e+00   1.9239863e-01   1.3005790e+00
   2.2014696e+00   2.8782425e+00   8.1307461e+00   9.2536059e+00   1.2783058e+00   6.1410416e-01
   2.4500988e+00   2.7870875e+00   8.6687021e+00   1.0818186e+01   1.1710174e+00   9.8064989e-01
   4.5394799e+00   2.6958512e+00   2.1228474e+01   1.5580497e+01   1.4424797e+00   3.5422094e+00
   1.9238892e+00   4.3237698e+00   1.2469960e+01   1.8583013e+01   3.3906840e+00   5.6085058e-01
   3.6941239e+00   4.4770413e+00   2.2246704e+01   2.3992701e+01   3.9404832e+00   1.8692799e+00
   4.0923960e+00   4.6916181e+00   2.2070176e+01   2.5735178e+01   3.9852049e+00   2.4082258e+00
   4.8655207e+00   1.1772022e+00   1.5912572e+01   7.5474905e+00   2.4479975e-01   3.8861441e+00
   2.8934490e+00   6.4068136e-01   6.9585092e+00   2.8896494e+00   1.4850504e-01   1.4203948e+00
   2.3047094e+00   1.3816588e+00   4.2404366e+00   1.9197560e+00   3.2541000e-01   7.9080971e-01
   4.2829975e+00   3.3663811e+00   2.2571461e+01   1.5620255e+01   2.3359483e+00   2.5814241e+00
   1.2481341e+00   3.8787654e+00   6.1742528e+00   1.2372027e+01   2.5208527e+00   3.3689153e-01
   2.6341517e+00   1.8897539e+00   8.1564976e+00   7.1049403e+00   6.4974579e-01   1.1073462e+00
   1.2557834e+00   2.4155262e+00   3.7872761e+00   6.1661093e+00   1.3555205e+00   3.3558565e-01
   1.4611395e+00   3.3231547e+00   6.2855388e+00   1.1881152e+01   1.9824345e+00   3.6854280e-01
   2.5036339e+00   3.3070157e+00   1.1493185e+01   1.3247938e+01   2.1850040e+00   9.6536084e-01
   2.7025392e+00   3.1466824e+00   1.2004076e+01   1.3288033e+01   1.9713799e+00   1.0708647e+00
   4.8776475e+00   1.8836234e+00   2.2795131e+01   1.0659299e+01   9.0024297e-01   3.5083863e+00
   3.4085149e+00   1.9637234e+00   1.0493150e+01   8.9716377e+00   7.9465948e-01   1.6299418e+00
   4.8309349e+00   4.7497846e+00   3.6544550e+01   3.2566208e+01   4.5301966e+00   3.6468440e+00
   3.9747393e+00   4.4054424e+00   2.4415414e+01   2.5050660e+01   3.2555414e+00   2.5774255e+00
   4.5721668e+00   3.3491156e+00   2.1696409e+01   1.9618073e+01   1.6803550e+00   2.8544045e+00
   6.1122803e-01   3.0042969e+00   2.5221276e+00   6.2038480e+00   1.3943419e+00   3.7368090e-02
   4.6925060e+00   2.1639513e+00   2.1246412e+01   1.2237388e+01   8.5865732e-01   3.4201829e+00
   1.5818301e+00   2.8903462e+00   4.4803670e+00   6.8694903e+00   1.3045053e+00   3.6382625e-01
   1.2256950e+00   3.6294314e+00   6.9318057e+00   1.2610742e+01   2.6121846e+00   3.2933277e-01
   4.8259225e+00   3.8095521e+00   2.4485828e+01   2.4290589e+01   2.4956418e+00   3.7242275e+00
   2.5869594e+00   3.3922372e+00   1.2609254e+01   1.2103503e+01   2.1320323e+00   1.2268562e+00
   8.6640171e-01   3.9682345e+00   7.6861148e+00   1.2276378e+01   3.3346250e+00   1.5681434e-01
   4.3801237e+00   1.5106901e+00   1.4976007e+01   9.4854488e+00   4.4015462e-01   2.7323776e+00
   6.1849260e-01   2.4432351e+00   2.0710123e+00   5.2051016e+00   1.0373412e+00   5.6165874e-02
   4.5049773e+00   1.7624959e+00   1.7489161e+01   9.2652968e+00   4.3990769e-01   3.2242063e+00
   4.1268313e+00   4.2120600e+00   2.4877741e+01   2.5579812e+01   3.0590628e+00   2.8350543e+00
   2.2391800e+00   3.0544520e+00   9.3624057e+00   8.9064893e+00   1.8552062e+00   6.4488141e-01
   3.4556147e+00   3.9997201e+00   1.5375930e+01   2.0702729e+01   2.4832548e+00   1.9900394e+00
   2.0387969e+00   2.3113837e+00   5.3247527e+00   9.5990891e+00   8.2803073e-01   6.6271330e-01
   1.4790956e+00   3.5850795e+00   6.4644642e+00   1.0736090e+01   2.2138093e+00   1.7913178e-01
   4.3180815e+00   4.2358840e+00   2.4286325e+01   2.2286910e+01   3.2874258e+00   2.9583302e+00
   8.8757121e-01   4.1491475e+00   4.5517297e+00   1.6253464e+01   3.0497080e+00   9.6743982e-02
   4.5622997e+00   4.2942623e+00   2.7129069e+01   2.7086503e+01   3.4160879e+00   3.5251046e+00
   3.4999421e+00   2.0676764e+00   1.1287983e+01   9.9576319e+00   8.7956000e-01   2.0770314e+00
   1.2939605e+00   4.7245508e+00   8.0800652e+00   1.9387263e+01   3.7712793e+00   2.8921998e-01
   3.2516776e+00   8.2688749e-01   6.6498571e+00   3.6989953e+00   3.7208977e-02   1.5162944e+00
   4.9734941e+00   1.3617192e+00   1.8359093e+01   9.1909600e+00   3.4884411e-01   3.7054306e+00
   2.0005120e+00   2.9718840e+00   7.5200347e+00   1.1319405e+01   1.6069242e+00   6.4414391e-01
   2.5165797e+00   2.6288061e+00   7.9486485e+00   7.4328130e+00   1.3665384e+00   8.1154323e-01
   2.7648556e+00   8.4185831e-01   6.1445778e+00   3.5849818e+00   1.1196709e-01   1.0465044e+00
   7.4731726e-01   6.2451117e-01   5.0106275e-01   7.6734438e-01   6.6610390e-02   1.2511681e-01
   2.9846407e+00   7.3243128e-01   5.8791324e+00   3.9993198e+00   1.6684693e-01   1.6186912e+00
   2.5126587e+00   2.2743201e+00   8.7653357e+00   7.4245927e+00   1.0397042e+00   1.0464467e+00
   1.3324972e+00   4.8752621e+00   7.6550337e+00   1.8977735e+01   4.4041261e+00   2.6760688e-01
   1.0193795e+00   2.1106939e+00   3.0923632e+00   3.2316735e+00   7.3618755e-01   1.0723250e-01
   1.1098010e+00   2.8841147e+00   3.1803853e+00   7.5165584e+00   1.4687235e+00   2.4265394e-01
   4.7721205e+00   3.8947012e+00   2.8455778e+01   2.6181882e+01   2.9137983e+00   3.7765828e+00
   2.9656044e+00   2.1253638e+00   9.6679709e+00   1.0422758e+01   1.1974611e+00   1.4455917e+00
   9.0512187e-01   1.4703741e+00   1.5808599e+00   1.9372258e+00   3.9667180e-01   8.1259333e-02
   4.2193543e+00   5.6569842e-01   1.3225452e+01   4.2650077e+00   8.4382769e-02   2.8509962e+00
   2.6422020e+00   3.5229053e+00   1.3491769e+01   1.4454268e+01   2.1721207e+00   9.6734197e-01
   4.5900180e+00   1.3253358e+00   1.6062492e+01   9.1669110e+00   3.3950646e-01   3.3548715e+00
   1.3774361e+00   2.9132918e+00   7.4829807e+00   8.5373077e+00   1.6721866e+00   2.5754140e-01
   2.4580763e+00   1.6832480e+00   7.7744034e+00   5.0551399e+00   4.6696196e-01   9.2879574e-01
   3.5975629e+00   1.9715459e+00   1.2216191e+01   9.1070895e+00   5.2103479e-01   2.0893020e+00
   4.4725888e+00   4.9012581e+00   2.9332278e+01   3.0345264e+01   4.4878409e+00   2.8482629e+00
   2.5957016e+00   1.3975208e+00   5.8404783e+00   4.6083216e+00   4.6525247e-01   1.0082206e+00
   8.6781863e-01   4.1112138e+00   4.7524454e+00   1.1330196e+01   2.9093836e+00   9.9979228e-02
   3.5629886e+00   2.5586239e+00   1.4535227e+01   9.9334041e+00   1.3188884e+00   1.9851601e+00
   9.0999239e-01   3.0760669e+00   3.4141067e+00   8.6160366e+00   1.7066554e+00   1.5725401e-01
   7.5286891e-01   1.3362254e+00   7.2032605e-01   1.6612124e+00   4.3351908e-01   9.4609120e-02
   4.9449138e+00   1.0371871e+00   1.5953086e+01   7.8345028e+00   2.6607478e-01   3.7789517e+00
   1.5521668e+00   1.6731690e+00   2.7528394e+00   3.7951786e+00   4.7671842e-01   4.0001052e-01
   4.1552864e+00   3.2810034e+00   2.0339618e+01   2.1162451e+01   2.1154304e+00   2.7265923e+00
   1.1376828e+00   2.7365400e+00   3.1159672e+00   5.0888680e+00   1.1001649e+00   1.8174927e-01
   4.0462056e+00   4.9469225e+00   2.6448184e+01   3.1023874e+01   4.8399166e+00   2.3930199e+00
   2.9176016e+00   1.1437986e+00   9.1518536e+00   4.5033994e+00   4.0871911e-01   1.4897048e+00
   1.5602187e+00   2.0929803e+00   4.1365852e+00   4.7808228e+00   7.9395177e-01   3.9146813e-01
   2.3412714e+00   2.8800123e+00   1.0977100e+01   1.2322707e+01   1.8383255e+00   8.3119722e-01
   1.2354414e+00   3.5827871e+00   6.8100189e+00   1.1174882e+01   2.3800340e+00   2.3461264e-01
   2.4848501e+00   2.8212111e+00   8.9544514e+00   9.2248634e+00   1.3845488e+00   9.4310069e-01
   2.4207366e+00   9.0834901e-01   4.0663233e+00   3.1178877e+00   1.1695230e-01   1.1314748e+00
   1.9134846e+00   4.8150175e+00   1.2988278e+01   1.7692365e+01   4.2999811e+00   4.1581065e-01
   4.7384620e+00   2.5083099e+00   2.0720461e+01   1.4372479e+01   1.1934046e+00   3.2748839e+00
   1.6078047e+00   1.9719083e+00   4.9570040e+00   4.7115014e+00   7.4252035e-01   3.0263400e-01
   4.9915667e+00   6.6321499e-01   1.6355360e+01   6.2697376e+00   1.3014608e-01   4.2405839e+00
   7.5302335e-01   2.8099542e+00   2.7405163e+00   6.6857788e+00   1.2305994e+00   1.1939186e-01
   4.3862258e+00   4.1238920e+00   2.5062939e+01   2.8426312e+01   3.0011364e+00   2.6801734e+00
   3.1377021e+00   4.7119380e+00   1.7275444e+01   2.7687461e+01   3.5537328e+00   1.7674675e+00
   3.1404549e+00   2.6813629e+00   1.0941877e+01   1.1148774e+01   1.0627074e+00   1.5645816e+00
   2.2720337e+00   2.6143244e+00   8.0501178e+00   9.9247682e+00   1.7756207e+00   8.9001888e-01
   2.6845917e+00   4.2993815e+00   1.5065644e+01   2.0887903e+01   3.4023639e+00   1.1176062e+00
   2.7356839e+00   1.0456100e+00   5.3929418e+00   3.9207340e+00   9.9239637e-02   1.0696903e+00
   4.1055364e+00   1.1806845e+00   1.0850322e+01   6.7979503e+00   2.1342870e-01   2.4054136e+00
   2.4303707e+00   3.4905639e+00   1.3106234e+01   1.2760248e+01   2.3564629e+00   1.0772002e+00
   3.2271189e+00   4.1782345e+00   1.5841841e+01   2.2001502e+01   3.2527065e+00   1.7597545e+00
   3.3468173e+00   4.1598931e+00   1.8979748e+01   2.4054145e+01   3.3198670e+00   1.7859248e+00
   2.8656168e+00   4.4263220e+00   1.6531939e+01   2.2438031e+01   3.3997899e+00   1.0932938e+00
   2.3182578e+00   2.3505090e+00   7.2416490e+00   6.8821378e+00   9.7725549e-01   8.9456505e-01
   3.6031289e+00   1.0232427e+00   1.0783872e+01   4.9085801e+00   2.7713047e-01   1.9635781e+00
   2.4135453e+00   6.1683425e-01   3.5233963e+00   2.5647310e+00   4.1053750e-02   8.9024790e-01
   1.5741569e+00   1.1311919e+00   2.6325544e+00   2.4020540e+00   2.2739797e-01   3.5543990e-01
   3.9849708e+00   3.5461797e+00   1.9903746e+01   1.8306461e+01   2.1197784e+00   2.4613227e+00
   1.3997163e+00   4.2861351e+00   1.0209603e+01   1.4959479e+01   3.8492829e+00   2.8566259e-01
   2.0002551e+00   3.2195465e+00   7.1694543e+00   1.0243075e+01   1.9375651e+00   4.4158352e-01
   2.0573358e+00   1.2661398e+00   3.6698151e+00   4.3021683e+00   2.7305439e-01   6.0221022e-01
   2.4767597e+00   3.0553201e+00   1.0865523e+01   1.2424090e+01   1.8719683e+00   9.8414213e-01
   4.2822263e+00   4.3016670e+00   2.3916124e+01   2.3579190e+01   2.9837431e+00   2.5940787e+00
   4.0915753e+00   2.2443702e+00   1.7413777e+01   1.2314027e+01   9.2278013e-01   2.7068578e+00
   3.4959462e+00   3.2645113e+00   1.4503951e+01   1.6645134e+01   1.9534582e+00   1.9184645e+00
   1.6400937e+00   2.8014838e+00   4.1614509e+00   9.1632943e+00   1.3779944e+00   3.0087986e-01
   2.0716496e+00   2.3993119e+00   6.3420866e+00   6.4292404e+00   9.3007222e-01   5.4767930e-01
   2.5484431e+00   9.5134541e-01   6.6344745e+00   3.6987589e+00   2.2308799e-01   1.0097137e+00
   3.6802580e+00   3.9911367e+00   2.0886785e+01   2.1471401e+01   3.0738059e+00   2.2584712e+00
   2.7457812e+00   1.6749816e+00   8.0242108e+00   4.9909015e+00   4.9305913e-01   8.4422647e-01
   2.0678415e+00   7.5119424e-01   2.5973416e+00   1.4874262e+00   1.2470702e-01   7.1520805e-01
   4.1291180e+00   2.1307271e+00   1.4555350e+01   8.9876090e+00   8.3900131e-01   2.7486287e+00
   1.2790620e+00   1.4213075e+00   2.9992111e+00   1.5713354e+00   2.7475791e-01   3.4974259e-01
   1.4670849e+00   3.5774346e+00   8.5602459e+00   1.3178751e+01   2.2651390e+00   4.3674536e-01
   4.3042122e+00   1.0462375e+00   1.2426481e+01   5.9491645e+00   1.4239904e-01   3.2834880e+00
   2.4495130e+00   2.7342985e+00   7.5805980e+00   1.0433659e+01   1.1897050e+00   9.5532850e-01
   4.7301603e+00   3.4424701e+00   2.4262044e+01   2.1380313e+01   1.9981101e+00   3.7103486e+00
   4.0207419e+00   2.8911647e+00   1.7363997e+01   1.2867641e+01   1.5564619e+00   2.4164303e+00
   4.2263680e+00   4.7969288e+00   2.6659492e+01   3.1042943e+01   4.4059988e+00   3.0545934e+00
   1.7388173e+00   3.7015281e+00   1.0001100e+01   1.0959229e+01   2.3691090e+00   3.4899117e-01
   2.2466784e+00   4.3199257e+00   1.1229956e+01   1.7677318e+01   3.0828654e+00   8.0792513e-01
   4.7011845e+00   2.5905711e+00   2.0713341e+01   1.4345043e+01   1.1034504e+00   3.3952901e+00
   2.5067095e+00   4.2436263e+00   1.1633732e+01   1.8238020e+01   3.3001918e+00   8.5674729e-01
   1.6842773e+00   2.9841636e+00   7.9108328e+00   9.2234289e+00   1.7890603e+00   5.1812507e-01
   3.8169543e+00   2.1361550e+00   1.4133810e+01   9.2563906e+00   9.6301841e-01   2.3420331e+00
   2.9998001e+00   3.5466038e+00   1.1230584e+01   1.4832943e+01   1.8139113e+00   1.2903332e+00
   2.7847487e+00   3.9454870e+00   1.2342800e+01   2.2064504e+01   2.6861175e+00   1.3531056e+00
   2.0600030e+00   2.5803573e+00   7.4547012e+00   7.5973630e+00   1.1267429e+00   6.4288847e-01
   5.2028392e-01   3.2759898e+00   3.3303904e+00   8.3333376e+00   1.7318899e+00   6.3666891e-02
   1.7721611e+00   1.3787680e+00   4.0033047e+00   2.8194070e+00   2.5691810e-01   5.7436395e-01
   4.3036641e+00   3.5441773e+00   2.1538356e+01   1.9492403e+01   2.2597516e+00   3.1656566e+00
   1.9166682e+00   1.3844641e+00   4.1534089e+00   3.4780297e+00   3.7789480e-01   4.6515774e-01
   4.7359399e+00   3.0479118e+00   2.2525204e+01   1.9871118e+01   1.7942816e+00   3.7052780e+00
   3.5071951e+00   4.7793922e+00   1.9030072e+01   2.6105858e+01   3.9590305e+00   1.9143900e+00
   5.4615171e-01   4.8306095e+00   5.4028594e+00   1.4468388e+01   4.6067280e+00   4.3166716e-02
   3.8147428e+00   4.0139233e+00   2.1806032e+01   2.6168722e+01   2.8138961e+00   2.2628035e+00
   2.2133827e+00   3.9713634e+00   1.3610515e+01   1.3380086e+01   2.9648993e+00   7.2325666e-01
   4.9954630e+00   2.7450572e+00   2.5407693e+01   1.6159708e+01   1.4152598e+00   3.7576817e+00
   1.4120646e+00   1.0028209e+00   2.4134345e+00   2.1863134e+00   1.8521340e-01   4.9034867e-01
   1.1739272e+00   4.6194116e+00   9.7150303e+00   1.6871819e+01   4.0052734e+00   1.8881421e-01
   4.1049853e+00   4.3487499e+00   2.3857655e+01   2.5020460e+01   3.5430845e+00   2.7366528e+00
   4.8442100e+00   1.3768935e+00   1.7417948e+01   8.9118092e+00   3.3375856e-01   3.6543318e+00
   4.6462418e+00   2.2059373e+00   2.1374108e+01   1.6823517e+01   7.9056379e-01   3.5005053e+00
   3.9611365e+00   1.3980075e+00   1.5842580e+01   6.4692165e+00   4.4018840e-01   2.5557327e+00
   2.4489131e+00   3.3494315e+00   1.0102266e+01   1.4334623e+01   1.7818218e+00   8.5146653e-01
   7.3799050e-01   9.9941184e-01   1.2125581e+00   1.0280075e+00   2.2934136e-01   3.3275529e-02
   4.8201380e+00   4.8690132e+00   2.8352199e+01   3.0363817e+01   3.8551053e+00   3.6896226e+00
   1.2011610e+00   4.7449241e+00   9.3141443e+00   1.5258987e+01   3.7552565e+00   2.2983850e-01
   1.1319600e+00   3.3973882e+00   5.8862140e+00   1.1300721e+01   2.4673589e+00   1.8801960e-01
   3.7178082e+00   2.4284176e+00   1.3855115e+01   1.1307004e+01   1.1432069e+00   2.1215574e+00
   4.7552091e+00   4.2626276e+00   2.7818977e+01   2.6112430e+01   3.0778353e+00   3.4261387e+00
   3.8521542e+00   1.1507381e+00   1.1209073e+01   6.3903908e+00   1.9157567e-01   2.4755003e+00
   3.0251058e+00   1.2479630e+00   6.0006247e+00   4.7786070e+00   1.8243857e-01   1.4232323e+00
   1.1541235e+00   4.6151474e+00   1.0244061e+01   1.6127556e+01   3.8401264e+00   2.5738940e-01
   3.3534031e+00   2.6663897e+00   1.3498160e+01   1.1248193e+01   1.4970676e+00   1.7844026e+00
   3.3240522e+00   2.2962590e+00   1.4458653e+01   1.2413475e+01   8.3753278e-01   1.8241286e+00
   4.3172254e+00   2.8399957e+00   2.1835362e+01   1.6005350e+01   1.4491604e+00   2.8036270e+00
   4.5625795e+00   4.6265883e+00   2.6651352e+01   2.7708714e+01   4.0076803e+00   3.1514738e+00
   1.0462796e+00   3.4968124e+00   4.4665916e+00   1.0130107e+01   2.0943785e+00   1.7244464e-01
   8.5841310e-01   9.5027779e-01   1.9573503e+00   9.0276621e-01   2.1932345e-01   4.5754262e-02
   2.9369913e+00   4.6803046e+00   1.5616298e+01   2.4219139e+01   4.1462782e+00   1.2243506e+00
   4.2955145e+00   1.5168562e+00   1.5957695e+01   7.8799257e+00   4.0144921e-01   3.0073114e+00
   7.4715776e-01   4.2262306e+00   6.0071328e+00   1.2932458e+01   3.6377129e+00   1.9426661e-01
   4.0894440e+00   4.6603518e+00   2.6570884e+01   2.5016709e+01   4.1867105e+00   2.7639044e+00
   5.5342741e-01   4.1473544e+00   4.3359443e+00   1.0337838e+01   2.9416742e+00   3.2602863e-02
   1.8292246e+00   3.7528093e+00   8.1279848e+00   1.2341780e+01   2.4879351e+00   4.4960803e-01
   1.4890288e+00   1.1418203e+00   1.1488999e+00   1.6995998e+00   1.5250889e-01   4.4122574e-01
   4.9103884e+00   3.7641508e+00   2.8787548e+01   2.5707532e+01   2.8509720e+00   3.9678919e+00
   9.1695745e-01   3.9722170e+00   5.5501452e+00   1.2578045e+01   2.7108480e+00   1.5143608e-01
   3.7474118e+00   3.5859775e+00   1.7484177e+01   1.8090817e+01   2.0325929e+00   2.4165955e+00
   4.1259353e+00   4.7600305e+00   2.6879377e+01   3.0177147e+01   4.0883141e+00   2.6208236e+00
   2.0499536e+00   3.7176969e+00   1.0145107e+01   1.5125450e+01   2.2851922e+00   7.0743534e-01
   4.8246690e+00   1.6044645e+00   2.1006622e+01   1.0349702e+01   4.3715242e-01   3.4902488e+00
   4.0438833e+00   1.3331494e+00   1.3624953e+01   9.1051567e+00   2.7545082e-01   2.7178526e+00
   2.5845538e+00   1.6739340e+00   6.5735822e+00   4.7272473e+00   5.3793958e-01   9.2721602e-01
   2.3557614e+00   8.5336195e-01   3.7410539e+00   2.6220638e+00   3.5520297e-02   8.1228854e-01
   5.4929474e-01   6.3965281e-01   6.9416599e-01   6.6445985e-01   7.9050110e-02   1.0057614e-01
   2.2187184e+00   2.6778915e+00   8.5243719e+00   1.0508256e+01   1.4164562e+00   7.7682930e-01
   7.0198905e-01   2.3320808e+00   1.9987960e+00   3.5553764e+00   1.1841185e+00   6.3941666e-02
   4.2913866e+00   2.6090099e+00   1.7786638e+01   1.4721885e+01   1.2506364e+00   2.7969740e+00
   7.7254459e-01   3.3257539e+00   5.0414647e+00   6.5507958e+00   1.9077157e+00   6.2265214e-02
   1.2787655e+00   1.8171581e+00   3.7029553e+00   5.2804765e+00   8.0072170e-01   2.4026968e-01
   4.9495377e+00   9.7454377e-01   1.5202275e+01   8.6638693e+00   9.8428582e-02   3.7829177e+00
   2.0390718e+00   2.8971506e+00   6.9002748e+00   9.1124061e+00   1.2984055e+00   5.6432533e-01
   2.9025768e+00   4.6157481e+00   1.8049380e+01   2.1972213e+01   3.7246964e+00   1.2047980e+00
   4.7334411e+00   3.2509739e+00   2.2115018e+01   2.0336585e+01   1.8769228e+00   3.5237892e+00
   6.7253328e-01   4.4752366e+00   5.8972105e+00   1.7397582e+01   3.2275005e+00   4.0944862e-02
   1.2833280e+00   1.9526142e+00   4.9904915e+00   6.4438123e+00   6.2048545e-01   2.9045691e-01
   1.2644176e+00   1.5071478e+00   2.0753886e+00   3.9175557e+00   4.4910489e-01   2.8910131e-01
   3.9972012e+00   3.7840278e+00   2.1466242e+01   2.2172999e+01   2.6586766e+00   2.5420577e+00
   6.5296496e-01   2.0827172e+00   2.5714935e+00   2.9081488e+00   6.8357581e-01   1.2823219e-01
   2.7066666e+00   2.1894488e+00   8.1600591e+00   8.9957688e+00   7.5234790e-01   1.4973469e+00
   3.8613396e+00   1.8149960e+00   1.4975912e+01   8.1652713e+00   6.1286772e-01   1.9863829e+00
   3.9501382e+00   2.0133947e+00   1.5295384e+01   1.0673398e+01   6.7759897e-01   2.5308513e+00
   1.8790416e+00   4.2562622e+00   1.1290100e+01   1.4071193e+01   3.3093988e+00   5.7825824e-01
   1.3865848e+00   4.6893309e+00   9.8543260e+00   1.8383959e+01   3.7400085e+00   2.7227488e-01
   2.7561326e+00   3.4717784e+00   1.2960570e+01   1.4698829e+01   2.2841066e+00   1.3311747e+00
   6.3242218e-01   4.1019906e+00   6.6456536e+00   1.3209634e+01   3.1188338e+00   2.7625330e-02
   2.4297917e+00   1.8041415e+00   9.7541020e+00   7.1303714e+00   8.8154829e-01   1.3343306e+00
   3.1202283e+00   4.9105316e+00   1.8298140e+01   2.8590877e+01   4.7593563e+00   1.4075899e+00
   8.1771631e-01   4.7059739e+00   6.5312962e+00   1.7482159e+01   3.7733428e+00   1.3646773e-01
   3.5694967e+00   1.6380008e+00   9.9924940e+00   6.8885124e+00   5.0024108e-01   2.1766274e+00
   4.4249756e+00   3.6590634e+00   2.3617175e+01   1.9556215e+01   2.3012477e+00   3.1966974e+00
   7.1971141e-01   1.5224187e+00   1.8205205e+00   1.4060896e+00   5.5671347e-01   5.1682498e-02
   8.1700525e-01   3.6616963e+00   5.2860388e+00   1.0514399e+01   3.1364080e+00   1.0974931e-01
   2.1664751e+00   2.1757462e+00   6.9468425e+00   6.1236823e+00   9.4896203e-01   6.8821439e-01
   1.3200164e+00   3.9396084e+00   7.5609399e+00   1.2791724e+01   2.6179575e+00   2.1579913e-01
   7.8418666e-01   3.1046748e+00   4.9047713e+00   8.2236174e+00   1.9876427e+00   1.7545860e-01
   1.9698535e+00   2.0597967e+00   5.7472787e+00   5.8211331e+00   8.3825640e-01   5.8837847e-01
   4.3725519e+00   3.4155290e+00   1.9857580e+01   1.9840489e+01   1.7097534e+00   2.7218741e+00
   3.1783849e+00   4.0554734e+00   1.8705876e+01   2.1061015e+01   3.4033185e+00   1.6696948e+00
   2.3918282e+00   1.4644331e+00   5.7453174e+00   5.7643343e+00   3.5626788e-01   9.3504204e-01
   2.7590861e+00   4.8389758e+00   1.8544666e+01   2.2421117e+01   4.6097404e+00   1.1852640e+00
   2.0759153e+00   1.3299532e+00   4.4196367e+00   3.7145033e+00   4.0860095e-01   7.6598644e-01
   1.0799383e+00   3.5980462e+00   5.5424100e+00   1.1061992e+01   2.1212866e+00   2.0694196e-01
   2.9086126e+00   4.4503013e+00   1.5174890e+01   2.4984063e+01   3.6288038e+00   1.4105327e+00
   2.2887457e+00   4.8221699e+00   1.5429531e+01   2.1638857e+01   4.4115695e+00   8.2698239e-01
   3.1884235e+00   2.5162167e+00   1.0735625e+01   8.8940932e+00   1.1551000e+00   1.3524083e+00
   2.0442621e+00   3.4707226e+00   9.1518543e+00   1.2646206e+01   2.3329419e+00   6.3986462e-01
   1.3614375e+00   1.3005904e+00   2.5346679e+00   2.6966741e+00   3.7059150e-01   4.0507834e-01
   5.2277000e-01   3.0659147e+00   3.5152448e+00   7.8220273e+00   1.8493027e+00   3.0432558e-02
   1.0989526e+00   4.4391417e+00   8.1557277e+00   1.7744185e+01   3.7837576e+00   2.5952976e-01
   2.9151962e+00   1.3503318e+00   8.2284738e+00   5.5823917e+00   3.0039959e-01   1.2232626e+00
   1.2065810e+00   2.8428510e+00   5.2021827e+00   7.8805861e+00   1.5770323e+00   2.9440194e-01
   2.4241986e+00   2.3580725e+00   7.6845055e+00   8.8386313e+00   8.6734191e-01   1.0506761e+00
   4.6471094e+00   2.2584184e+00   1.9040942e+01   1.2935964e+01   1.1301725e+00   3.4689439e+00
   4.2212917e+00   2.5738800e+00   1.5694875e+01   1.5907943e+01   1.2284325e+00   2.7612210e+00
   4.9375209e+00   4.2886736e+00   3.2533160e+01   2.9129201e+01   3.6566557e+00   3.9052001e+00
   4.3526797e+00   9.7475825e-01   1.4203529e+01   4.7757307e+00   1.7899083e-01   2.7666817e+00
   1.4050402e+00   3.1271646e+00   4.9341436e+00   8.9461799e+00   1.5628840e+00   2.7467924e-01
   1.9672886e+00   2.3793737e+00   7.9133412e+00   8.0843259e+00   1.1704064e+00   6.6125787e-01
   4.2934932e+00   1.7864511e+00   1.5889414e+01   9.5882974e+00   7.8872258e-01   2.5118810e+00
   8.0311583e-01   4.3379659e+00   5.8553426e+00   1.2756384e+01   3.4764800e+00   9.0256752e-02
   4.0868935e+00   1.9533090e+00   1.7459156e+01   9.5137750e+00   7.7041142e-01   2.6024152e+00
   3.7005688e+00   7.1303544e-01   8.6890404e+00   4.7749257e+00   7.5240909e-02   2.2954150e+00
   2.1058452e+00   3.8153767e+00   1.0958831e+01   1.5987243e+01   2.7423342e+00   8.4521370e-01
   2.3439264e+00   6.1725830e-01   3.4721980e+00   1.2574152e+00   5.4894028e-02   7.6641615e-01
   7.9715635e-01   5.2690407e-01   6.9046291e-01   1.4082640e+00   2.8127678e-02   1.1057858e-01
   4.2658525e+00   2.4152119e+00   1.7703551e+01   1.3334920e+01   1.1938633e+00   3.0747411e+00
   1.8364776e+00   1.0144025e+00   4.3251284e+00   1.9345903e+00   2.4557097e-01   4.2452319e-01
   4.5360340e+00   9.9830515e-01   1.2843345e+01   8.1297731e+00   2.0421475e-01   3.3771407e+00
   1.8792421e+00   3.2016917e+00   7.5584702e+00   9.7135635e+00   1.7160595e+00   5.0083217e-01
   2.3294995e+00   2.1702806e+00   8.6481540e+00   8.7505150e+00   8.4514490e-01   1.0185248e+00
   4.3553947e+00   1.3899277e+00   1.3351536e+01   7.0062806e+00   2.8363419e-01   3.1217324e+00
   2.6450599e+00   2.9497001e+00   9.8903372e+00   1.1653677e+01   1.6525271e+00   1.1053680e+00
   2.7675233e+00   2.3251978e+00   1.1723664e+01   9.2026300e+00   1.1973507e+00   1.3770070e+00
   3.5681273e+00   4.4896637e+00   2.3173185e+01   2.7173396e+01   4.2235782e+00   1.7637653e+00
   1.7546268e+00   1.9637092e+00   4.6263321e+00   4.9515835e+00   5.4328116e-01   6.7035328e-01
   4.1928239e+00   2.1656027e+00   1.7689394e+01   1.2134405e+01   1.0962983e+00   2.9122637e+00
   4.9905419e+00   2.4832609e+00   2.4708825e+01   1.5571171e+01   1.3096220e+00   3.9379748e+00
   3.8830082e+00   9.9878534e-01   1.0848590e+01   5.0914569e+00   2.0251630e-01   2.6326603e+00
   4.6968914e+00   2.8874420e+00   2.0298487e+01   1.7590648e+01   1.5034360e+00   3.2075867e+00
   3.7042113e+00   1.1264966e+00   1.1774376e+01   5.8202057e+00   2.3668224e-01   2.2631081e+00
   3.3976309e+00   3.4176643e+00   1.5125914e+01   1.5295413e+01   1.9564681e+00   1.9668548e+00
   4.6668727e+00   4.8091952e+00   3.0716652e+01   3.5508277e+01   4.2882977e+00   3.8697492e+00
   3.9230686e+00   3.4891359e+00   1.6431374e+01   2.0145929e+01   1.9570186e+00   2.6998115e+00
   1.2110266e+00   4.0811154e+00   7.6226042e+00   1.2815589e+01   3.1888844e+00   2.3397412e-01
   4.3116290e+00   2.4072559e+00   1.6017048e+01   1.3358941e+01   1.0657948e+00   2.6351784e+00
   4.9160878e+00   1.1596641e+00   1.4737203e+01   7.0183158e+00   3.0199963e-01   3.5613568e+00
   2.6908061e+00   2.6737778e+00   1.1538397e+01   9.4878670e+00   1.4581014e+00   1.1003299e+00
   4.6968476e+00   4.2343565e+00   2.9590776e+01   3.0221947e+01   2.7952210e+00   3.5114528e+00
   2.8969422e+00   1.8816203e+00   9.3368019e+00   6.5448656e+00   6.5010505e-01   1.4897205e+00
   3.6492658e+00   4.5510991e+00   2.0850705e+01   2.9711794e+01   3.7237901e+00   2.2466460e+00
   3.5798267e+00   2.9134820e+00   1.2509138e+01   1.3578823e+01   1.6114832e+00   1.8474387e+00
   4.8287439e+00   8.0037940e-01   1.5272389e+01   7.6540043e+00   1.0851934e-01   3.6424479e+00
   3.7154428e+00   1.2821090e+00   1.2122595e+01   5.7176658e+00   3.0292582e-01   2.2166301e+00
   3.8390729e+00   8.0319095e-01   1.0826576e+01   4.6464620e+00   1.3170116e-01   2.2233118e+00
   1.7700875e+00   4.1981708e+00   1.0178447e+01   1.5951487e+01   3.6246473e+00   5.6523902e-01
   4.4158112e+00   1.7672857e+00   1.5902812e+01   1.0104938e+01   5.6954405e-01   3.5474542e+00
   1.0521656e+00   4.1134163e+00   6.1272976e+00   1.4564532e+01   2.9857150e+00   1.9120214e-01
   2.2612715e+00   1.0644141e+00   4.2792572e+00   2.3604551e+00   2.1071459e-01   7.7215634e-01
   3.9763111e+00   2.2138566e+00   1.5984352e+01   1.2445086e+01   8.9798779e-01   2.2167347e+00
   4.2538769e+00   1.4325640e+00   1.1950535e+01   8.5908765e+00   4.0851356e-01   2.9755897e+00
   2.7877067e+00   1.3277244e+00   7.4032294e+00   3.8206929e+00   3.0374676e-01   1.1423521e+00
   4.9921831e+00   3.8055010e+00   2.9025318e+01   2.1311132e+01   2.9289875e+00   3.7169702e+00
   3.4891993e+00   3.9154440e+00   1.6518317e+01   1.7996116e+01   2.7412676e+00   1.8697410e+00
   9.2929374e-01   4.8949999e+00   9.0164311e+00   1.5210856e+01   4.6840845e+00   9.3882510e-02
   3.6269174e+00   3.5726722e+00   1.7288850e+01   1.7226327e+01   2.1414218e+00   2.2295512e+00
   3.2338596e+00   4.2017994e+00   1.6378404e+01   1.9515144e+01   3.7615156e+00   1.6456645e+00
   2.1727036e+00   1.2251738e+00   3.0444188e+00   4.0255423e+00   2.4695714e-01   6.7324598e-01
   5.8665223e-01   8.2580856e-01   5.9078338e-01   6.6665787e-01   1.8693056e-01   8.1010729e-02
   4.6911315e+00   2.6499230e+00   2.0999656e+01   1.6774996e+01   1.2827297e+00   3.2370408e+00
   1.4925830e+00   2.1422215e+00   4.7429899e+00   4.5513203e+00   7.7671937e-01   3.3354503e-01
   9.0648550e-01   3.4367085e+00   4.6392474e+00   8.4125898e+00   1.7662478e+00   1.4090108e-01
   2.9598220e+00   4.0161962e+00   1.5310159e+01   1.9724324e+01   3.1784054e+00   1.2205311e+00
   2.4489382e+00   3.3056088e+00   9.6773863e+00   1.3744907e+01   1.7602288e+00   8.0883597e-01
   2.8816533e+00   6.9241896e-01   6.6546808e+00   3.8925223e+00   9.6715244e-02   1.3991210e+00
   4.5298340e+00   2.9921812e+00   2.1827184e+01   1.6920593e+01   1.6469658e+00   2.7327737e+00
   8.1540056e-01   4.2102825e+00   6.8986128e+00   1.4933432e+01   3.4749756e+00   1.4021415e-01
   8.4710057e-01   2.8603140e+00   3.1840085e+00   5.3518694e+00   1.1810801e+00   7.1563199e-02
   1.3871826e+00   4.8854124e+00   1.0632628e+01   2.0724290e+01   4.1976698e+00   3.5071552e-01
   3.3821468e+00   2.8928199e+00   1.1644478e+01   1.2878324e+01   1.4753781e+00   1.7456223e+00
   1.9414699e+00   4.7378506e+00   9.7276931e+00   2.0715595e+01   4.0481562e+00   6.1132943e-01
   9.6361733e-01   3.9701760e+00   5.5811127e+00   1.3196301e+01   2.8777309e+00   1.1453971e-01
   3.0220900e+00   4.9479785e+00   1.9238648e+01   3.0397578e+01   4.6533168e+00   1.6143694e+00
   2.4297171e+00   2.9397877e+00   1.1664623e+01   1.1991375e+01   1.7940340e+00   9.9380448e-01
   3.6952310e+00   3.6252517e+00   1.5443730e+01   1.7072243e+01   2.4868199e+00   2.0610493e+00
   3.4588210e+00   2.6239283e+00   1.4487478e+01   1.2418137e+01   1.2382574e+00   1.6520163e+00
   4.7741583e+00   1.6463871e+00   2.0846406e+01   1.2177872e+01   4.7804986e-01   3.9100231e+00
   2.9975379e+00   1.2894309e+00   6.7370213e+00   4.5750587e+00   1.8811571e-01   1.2855027e+00
   9.2627435e-01   4.4994412e+00   5.6734413e+00   1.4541272e+01   3.4428561e+00   1.0509617e-01
   2.4317577e+00   3.6709533e+00   9.2171859e+00   1.2992596e+01   2.2930087e+00   6.9352353e-01
   1.8949935e+00   8.9598643e-01   3.7107578e+00   1.8416025e+00   1.5188196e-01   5.9264645e-01
   3.7835547e+00   3.4753245e+00   1.6453221e+01   1.8326166e+01   2.2362943e+00   2.4720755e+00
   1.3876605e+00   4.5922453e+00   7.6684698e+00   1.8626308e+01   3.8955389e+00   3.8445033e-01
   1.2069714e+00   3.8027248e+00   6.9711656e+00   1.1990609e+01   2.7762786e+00   2.1285396e-01
   1.5223382e+00   1.6476040e+00   3.5225258e+00   2.8943000e+00   4.5390275e-01   4.1127698e-01
   1.4445672e+00   1.2337657e+00   3.2402556e+00   2.5653390e+00   2.5434176e-01   3.2591514e-01
   2.2873755e+00   1.6378500e+00   6.2231358e+00   4.5838000e+00   5.1975594e-01   7.4650726e-01
   5.1491613e-01   3.4926334e+00   3.6639871e+00   8.7851671e+00   2.4550156e+00   6.7721654e-02
   3.3985223e+00   2.6506429e+00   1.3107500e+01   1.0157895e+01   1.3561117e+00   1.7247713e+00
   2.9968882e+00   2.6938723e+00   1.1050736e+01   1.2070176e+01   1.3248069e+00   1.4160790e+00
   4.6369604e+00   1.7925826e+00   1.8841505e+01   1.1923167e+01   6.7369642e-01   3.3602617e+00
   2.9032296e+00   3.4954630e+00   1.5369475e+01   1.4306078e+01   2.1326007e+00   1.3897791e+00
   1.1999310e+00   2.8048519e+00   4.4122847e+00   6.6605504e+00   1.3303866e+00   2.3536989e-01
   1.3277375e+00   3.3143114e+00   5.6569192e+00   8.6490637e+00   1.8227195e+00   3.4076379e-01
   4.9772543e+00   2.6489658e+00   2.2107595e+01   1.8295026e+01   1.3624274e+00   4.0528744e+00
   4.0629670e+00   2.0004248e+00   1.4280370e+01   1.1825463e+01   5.9750665e-01   2.5755764e+00
   2.3394574e+00   4.5208585e+00   1.4176338e+01   2.1135164e+01   3.8443572e+00   7.0749825e-01
   1.5110385e+00   2.1246483e+00   3.6128161e+00   4.6537280e+00   6.3390456e-01   2.9613277e-01
   2.2552346e+00   2.9477537e+00   9.4976854e+00   1.0412378e+01   1.6000279e+00   1.1039843e+00
   2.4389416e+00   1.3303951e+00   5.2725830e+00   2.5603991e+00   3.6477748e-01   7.0590854e-01
   8.2938831e-01   4.8409623e+00   7.3334761e+00   1.8437498e+01   3.9543124e+00   6.6493458e-02
   4.1347600e+00   4.3602217e+00   2.5812431e+01   2.5819183e+01   3.6649120e+00   2.6606050e+00
   8.8423595e-01   1.4514613e+00   9.2084636e-01   1.5576649e+00   3.6962957e-01   1.1670652e-01
   4.5296110e+00   2.8262598e+00   2.0605909e+01   1.7923504e+01   1.7062519e+00   3.1517261e+00
   4.4575097e+00   7.3010915e-01   1.1633474e+01   5.0852639e+00   9.4329243e-02   3.4367954e+00
   9.9220535e-01   2.3634361e+00   3.0667510e+00   6.2152237e+00   8.5022112e-01   1.6043584e-01
   8.2666524e-01   2.0099319e+00   2.2696941e+00   4.6339330e+00   8.1947299e-01   1.5816461e-01
   2.4694814e+00   2.0628871e+00   6.9641036e+00   8.6831973e+00   8.0760459e-01   9.3815417e-01
   4.5006425e+00   7.2141353e-01   1.5990786e+01   4.7420492e+00   1.5217210e-01   2.9784944e+00
   3.1060237e+00   1.5400296e+00   9.2014820e+00   5.8048961e+00   3.6345101e-01   1.2719640e+00
   4.8742594e+00   1.4515605e+00   1.8900835e+01   1.1816460e+01   4.4699527e-01   3.9587620e+00
   3.0735647e+00   1.4198323e+00   9.1330626e+00   5.6594706e+00   3.8434998e-01   1.3081518e+00
   1.9200445e+00   3.6588354e+00   8.9885041e+00   1.0640232e+01   2.4367278e+00   6.1313687e-01
   4.1292029e+00   1.3176829e+00   1.6086867e+01   5.4438935e+00   3.4245031e-01   2.4382226e+00
   2.6495136e+00   1.9797402e+00   6.9073270e+00   8.3587568e+00   7.8489422e-01   1.1577072e+00
   3.3187074e+00   1.6445725e+00   9.0900040e+00   7.2293277e+00   4.7008065e-01   1.9020096e+00
   1.4524343e+00   2.8345508e+00   5.7946368e+00   7.4899575e+00   1.5046656e+00   3.0045054e-01
   6.8907376e-01   3.0634279e+00   3.6272045e+00   6.4286329e+00   1.8060691e+00   5.7812894e-02
   9.1212785e-01   1.5887738e+00   1.7644382e+00   2.4247827e+00   3.4038119e-01   1.0967959e-01
   3.2155984e+00   1.1996114e+00   1.1544672e+01   4.1061651e+00   3.1675124e-01   1.4137560e+00
   3.3592761e+00   4.3511850e+00   1.7021904e+01   2.1815374e+01   3.0313245e+00   1.6426292e+00
   2.3456765e+00   1.7289490e+00   6.3937469e+00   4.3361138e+00   6.2111878e-01   8.4693441e-01
   3.6275259e+00   2.9170077e+00   1.6780798e+01   1.3964185e+01   1.8313656e+00   2.2785867e+00
   1.4688357e+00   3.3828550e+00   5.2133437e+00   1.0125473e+01   1.8522244e+00   4.4447695e-01
   8.4578009e-01   4.4016090e+00   6.3622292e+00   1.4062522e+01   3.4301465e+00   1.3084556e-01
   1.5603993e+00   4.8752099e+00   1.0519273e+01   1.8364681e+01   4.2511247e+00   4.3279493e-01
   1.2161489e+00   3.0703912e+00   5.0176697e+00   7.3606101e+00   1.5298725e+00   1.8746934e-01
   3.7270536e+00   3.9437995e+00   1.9295088e+01   2.0690264e+01   2.7563511e+00   2.0672585e+00
   4.9948057e+00   3.6904803e+00   2.3182954e+01   2.2401521e+01   2.5260257e+00   3.8018863e+00
   2.2711270e+00   4.8470322e+00   1.3847546e+01   2.1136174e+01   4.4913724e+00   7.0703060e-01
   5.9062039e-01   3.3282543e+00   3.0756671e+00   7.8704367e+00   2.1529669e+00   8.8766979e-02
   3.3325352e+00   2.9610881e+00   1.4306662e+01   1.2956119e+01   1.8819379e+00   1.7183350e+00
   1.2967679e+00   3.0281233e+00   6.7585768e+00   1.0067775e+01   1.7453291e+00   3.1750224e-01
   3.1497732e+00   1.4042573e+00   9.4066744e+00   6.9503244e+00   4.1804033e-01   1.5698379e+00
   2.8861029e+00   3.5355110e+00   1.3214722e+01   1.4805269e+01   2.2613583e+00   1.2954516e+00
   2.0452949e+00   1.3265469e+00   4.0072463e+00   3.4032433e+00   1.7840730e-01   9.5248432e-01
   3.7193719e+00   3.3904413e+00   1.7193842e+01   1.9656395e+01   2.1766149e+00   2.1844769e+00
   2.0776404e+00   2.4694810e+00   7.8417935e+00   7.4885531e+00   1.0912370e+00   5.0267087e-01
   2.9442742e+00   3.5222136e+00   1.3359871e+01   1.4032180e+01   2.3076488e+00   1.5659759e+00
   2.6091522e+00   4.2799079e+00   1.5182659e+01   2.1061038e+01   3.1815006e+00   1.0341294e+00
   5.5870782e-01   4.0586585e+00   3.8161247e+00   1.0749596e+01   3.1107871e+00   8.8677902e-03
   1.0900921e+00   3.9467678e+00   4.8057241e+00   1.2021043e+01   2.5426601e+00   2.2635065e-01
   3.6364032e+00   2.9682099e+00   1.7251320e+01   1.1469969e+01   1.8888361e+00   1.7031210e+00
   2.2981617e+00   5.4941188e-01   2.3597878e+00   1.6410362e+00   6.2567577e-02   7.9687026e-01
   1.4937548e+00   4.1419519e+00   7.8075230e+00   1.5773121e+01   2.9968477e+00   3.9342198e-01
   1.0036398e+00   4.1640902e+00   8.1066443e+00   1.5122941e+01   3.5801370e+00   1.2303151e-01
   2.4425749e+00   3.4296117e+00   1.1768040e+01   1.5405219e+01   2.1665165e+00   9.3044430e-01
   1.8453416e+00   7.4230254e-01   3.7478803e+00   1.9045247e+00   1.4306117e-01   8.6804584e-01
   3.3765723e+00   2.4957203e+00   1.0699927e+01   1.2072810e+01   1.0436898e+00   1.7759509e+00
   8.7169185e-01   1.8430883e+00   3.5222680e+00   2.4552506e+00   6.8903794e-01   1.7533957e-01
   8.7023911e-01   2.4461077e+00   1.7151479e+00   5.4264059e+00   9.7677646e-01   1.4819868e-01
   4.1113033e+00   4.9798492e+00   2.8176519e+01   3.1756799e+01   4.3128898e+00   2.3631905e+00
   3.8316092e+00   4.8084392e+00   2.3150541e+01   3.1593106e+01   4.3485377e+00   2.5839850e+00
   2.2373737e+00   3.3096724e+00   9.0043250e+00   1.1102215e+01   1.8881445e+00   6.9740681e-01
   4.9372121e+00   2.0971235e+00   2.1230869e+01   1.2978822e+01   8.7922306e-01   3.7057531e+00
   3.2224905e+00   4.7171981e+00   2.0405148e+01   2.5088251e+01   4.0288041e+00   1.5130170e+00
   2.1281324e+00   1.1229081e+00   4.5363991e+00   4.4542113e+00   1.9793378e-01   7.1322212e-01
   3.9246456e+00   1.7292884e+00   1.2406011e+01   8.1405710e+00   5.2768303e-01   2.2766894e+00
   3.7364356e+00   1.7093874e+00   1.1403003e+01   9.5558535e+00   5.7238137e-01   2.4847765e+00
   2.8314960e+00   3.5135199e+00   1.3306788e+01   1.4925287e+01   2.6480072e+00   1.1794344e+00
   9.9102244e-01   8.2725780e-01   1.4174219e+00   1.1181401e+00   2.3272087e-01   1.8928471e-01
   9.8824039e-01   1.2520172e+00   2.1845759e+00   1.8388622e+00   3.4243752e-01   1.1016788e-01
   1.4124834e+00   2.8526786e+00   6.7603791e+00   6.6919299e+00   1.8655595e+00   3.4843346e-01
   3.6721567e+00   1.4331848e+00   9.8290797e+00   7.2096317e+00   2.2203709e-01   1.8072234e+00
   3.5959970e+00   3.4941634e+00   1.5758500e+01   1.8592875e+01   2.0904677e+00   2.4347173e+00
   4.3146417e+00   4.7898015e+00   2.8272996e+01   2.8086381e+01   4.3499551e+00   2.7350909e+00
   3.2789861e+00   2.3602178e+00   1.1147355e+01   9.9431175e+00   9.5344860e-01   1.6323484e+00
   4.0473159e+00   7.1014367e-01   1.1584761e+01   4.0517670e+00   1.1690095e-01   2.4847101e+00
   3.3230000e+00   2.5834856e+00   1.3448843e+01   1.1846987e+01   9.8903313e-01   1.6892054e+00
   1.0207117e+00   4.1391135e+00   5.5765371e+00   1.2978316e+01   2.9303279e+00   1.3772090e-01
   1.5370725e+00   4.8400598e+00   8.9202852e+00   2.3646584e+01   4.4693527e+00   4.0427865e-01
   1.9129845e+00   1.0755946e+00   3.5982611e+00   2.7124233e+00   2.1303194e-01   4.7169872e-01
   1.9091144e+00   2.3356988e+00   5.3303322e+00   6.4473355e+00   8.0433147e-01   5.8815848e-01
   4.6424396e+00   3.2517079e+00   2.0823244e+01   2.0435646e+01   1.9911877e+00   3.4534774e+00
   7.6207261e-01   1.2702557e+00   1.0494995e+00   1.1348480e+00   2.9521609e-01   8.9393976e-02
   3.6474158e+00   3.5625942e+00   1.8880436e+01   2.0512985e+01   2.4741486e+00   2.2648480e+00
   2.7558282e+00   2.7412635e+00   1.1020696e+01   1.1426635e+01   1.5789201e+00   1.0523174e+00
   2.8181952e+00   2.4079599e+00   1.1445822e+01   9.4414277e+00   1.1231149e+00   1.2673420e+00
   2.5288438e+00   4.9419544e+00   1.6789542e+01   2.1633906e+01   4.4938337e+00   8.5033010e-01
   4.2542938e+00   2.4870566e+00   1.5481403e+01   1.4445825e+01   9.4220493e-01   2.6744650e+00
   2.6286860e+00   4.0424351e+00   9.7196127e+00   1.9051173e+01   2.9720032e+00   1.0926178e+00
   3.7797000e+00   2.9560933e+00   1.6713192e+01   1.5921891e+01   1.5510882e+00   2.4953227e+00
   2.3124348e+00   4.3688580e+00   1.0514620e+01   2.1244082e+01   3.5408322e+00   9.5468135e-01
   1.0221392e+00   4.5722829e+00   5.9357422e+00   1.6288411e+01   3.3714280e+00   1.1948642e-01
   2.2561046e+00   4.0359847e+00   1.0493518e+01   1.6068427e+01   3.1355721e+00   8.8027264e-01
   2.8358594e+00   4.4653156e+00   1.6491624e+01   1.8184917e+01   3.8317197e+00   1.1876363e+00
   3.6709950e+00   9.4212045e-01   8.1664184e+00   4.4484069e+00   1.0592322e-01   1.9806770e+00
   6.9723082e-01   1.5159011e+00   1.2499615e+00   2.6693616e+00   3.5483443e-01   3.2816318e-02
   1.5260453e+00   3.4242366e+00   4.9535973e+00   7.7712186e+00   2.1634576e+00   2.5468751e-01
   4.2337886e+00   2.6227075e+00   1.9677182e+01   1.1791916e+01   1.2903786e+00   2.2577449e+00
   2.6286293e+00   3.6574471e+00   1.2486476e+01   1.6227203e+01   2.2685430e+00   8.8035019e-01
   2.1937563e+00   1.1661918e+00   4.8092270e+00   2.7648902e+00   1.9430505e-01   7.1696743e-01
   2.4153249e+00   1.4040139e+00   4.6631867e+00   4.8964803e+00   2.8509743e-01   9.1378941e-01
   3.0266778e+00   2.1957689e+00   9.5207942e+00   8.6804904e+00   9.6816487e-01   1.4978152e+00
   2.6324372e+00   1.9966569e+00   7.2804930e+00   6.8617396e+00   8.9035327e-01   9.9403474e-01
   1.3857582e+00   2.0640479e+00   4.5732673e+00   3.5937808e+00   1.0120302e+00   3.4688034e-01
   4.2917341e+00   3.2552130e+00   2.2555868e+01   2.0803603e+01   1.8659672e+00   2.7410791e+00
   3.0712658e+00   2.7775616e+00   1.2896282e+01   1.1303910e+01   1.5188810e+00   1.3345855e+00
   2.1864520e+00   1.6491741e+00   4.3583061e+00   3.1713247e+00   5.4268118e-01   8.0516718e-01
   9.3082453e-01   4.9683261e+00   9.8184443e+00   2.0696959e+01   4.2876695e+00   1.3179723e-01
   2.2014261e+00   2.9016256e+00   7.4068097e+00   8.7924538e+00   1.4173294e+00   6.6519509e-01
   8.4223097e-01   1.9079670e+00   2.1490903e+00   1.4009342e+00   6.7812809e-01   4.6835682e-02
   1.3671610e+00   2.3190664e+00   4.1711250e+00   6.6503569e+00   1.0001786e+00   3.5376723e-01
   4.7612424e+00   4.0505378e+00   2.7716478e+01   2.5600831e+01   3.2888851e+00   3.4770372e+00
   4.1347055e+00   5.9597486e-01   1.0649516e+01   3.5624628e+00   6.2418020e-02   2.5329980e+00
   1.0600878e+00   1.0394249e+00   2.1972824e+00   1.4358440e+00   1.9201255e-01   1.0813223e-01
   4.8477458e+00   1.7974823e+00   2.0022911e+01   1.2661612e+01   5.9329427e-01   3.7778528e+00
   3.2135126e+00   4.5594703e+00   1.6291959e+01   2.6330496e+01   3.5452944e+00   1.8661378e+00
   3.5447137e+00   2.7815073e+00   1.6442898e+01   1.3090881e+01   1.2846478e+00   1.9568837e+00
   1.5921794e+00   4.5985284e+00   1.0608871e+01   1.7454428e+01   3.6442446e+00   4.2003055e-01
   4.7067608e+00   1.7140878e+00   1.7603670e+01   9.7514518e+00   3.6414679e-01   3.0275574e+00
   2.8991277e+00   4.2532604e+00   1.4768641e+01   1.9318978e+01   3.1502782e+00   1.2029706e+00
   5.3947748e-01   3.2961326e+00   2.7685450e+00   7.9150995e+00   2.1755645e+00   4.9768387e-02
   4.8670737e+00   3.1369860e+00   2.3777037e+01   1.6722589e+01   1.6335347e+00   3.1674352e+00
   4.4607405e+00   3.2979496e+00   2.3094483e+01   1.8676985e+01   1.9520699e+00   3.2820356e+00
   3.4129995e+00   2.1173692e+00   1.1355908e+01   7.8060030e+00   8.9286922e-01   1.7867087e+00
   9.0154149e-01   2.6372840e+00   3.1655178e+00   5.6607056e+00   1.2171426e+00   7.1293048e-02
   3.3886866e+00   1.9128081e+00   1.1903975e+01   6.6943652e+00   8.3931712e-01   1.9779285e+00
   8.2933477e-01   7.9908529e-01   6.0481811e-01   7.0154592e-01   1.3585667e-01   1.3312135e-01
   1.8486495e+00   1.5935921e+00   4.3148196e+00   3.1895134e+00   4.8045223e-01   5.5085682e-01
   3.3137977e+00   3.2262933e+00   1.5028356e+01   1.4933735e+01   1.8867172e+00   1.4466192e+00
   6.2953715e-01   2.4440324e+00   2.5945619e+00   3.7138852e+00   1.2862947e+00   1.0784593e-02
   1.2138259e+00   2.4581013e+00   2.9816380e+00   6.0392839e+00   7.8174585e-01   2.0272704e-01
   3.7785564e+00   9.2746738e-01   1.0607201e+01   4.4041253e+00   1.6976035e-01   2.2262123e+00
   2.8952008e+00   7.6736959e-01   8.2436863e+00   2.0270400e+00   1.2980391e-01   1.1406593e+00
   1.3850913e+00   4.4291949e+00   9.9351321e+00   1.4571878e+01   3.6804847e+00   2.3901280e-01
   4.6322726e+00   1.2484019e+00   1.7873621e+01   7.5252346e+00   3.7672210e-01   3.2317055e+00
   1.4687149e+00   1.1370545e+00   1.8777796e+00   1.9002962e+00   2.6170878e-01   2.5952099e-01
   2.0879868e+00   3.4480478e+00   6.1487463e+00   1.3241833e+01   2.3095430e+00   7.4633449e-01
   1.2120698e+00   8.8581169e-01   1.9781011e+00   1.0667387e+00   1.8781985e-01   1.1740468e-01
   2.1653254e+00   3.9871888e+00   8.3695403e+00   1.4390226e+01   2.5462561e+00   7.4462047e-01
   3.8169223e+00   2.8558271e+00   1.7748253e+01   1.2967085e+01   1.5907217e+00   2.7419185e+00
   6.3499070e-01   1.5899959e+00   1.6395070e+00   2.0107302e+00   5.3007284e-01   8.5097900e-02
   3.0239347e+00   1.0772027e+00   8.6411306e+00   6.0281524e+00   3.3275962e-01   1.2095061e+00
   1.4819505e+00   1.0468805e+00   2.6362590e+00   2.9091551e+00   1.4722530e-01   3.1484883e-01
   4.6317549e+00   7.0466862e-01   1.5926871e+01   6.7741307e+00   1.5229271e-01   3.7699378e+00
   2.8312878e+00   4.0564359e+00   1.3859167e+01   1.9651961e+01   2.8940615e+00   1.3096194e+00
   1.2056178e+00   8.5193847e-01   2.7459110e+00   1.8257865e+00   1.7218102e-01   1.8215775e-01
   4.2364772e+00   2.5774070e+00   1.7897763e+01   1.3399318e+01   1.3812998e+00   2.8145184e+00
   3.8815690e+00   4.3399516e+00   2.3034533e+01   2.4758928e+01   3.1929909e+00   2.6107216e+00
   2.0465411e+00   3.4404333e+00   7.8891231e+00   1.3731895e+01   2.1723059e+00   7.7654609e-01
   3.2962401e+00   4.1077275e+00   1.6119850e+01   2.2864651e+01   2.6437708e+00   1.5780043e+00
   3.2510829e+00   4.9329178e+00   1.9033494e+01   2.5624924e+01   4.1372113e+00   1.6753099e+00
   3.2404736e+00   3.6848531e+00   1.5885236e+01   1.9807480e+01   2.0905310e+00   1.7143839e+00
   3.1821550e+00   2.1761009e+00   1.2150127e+01   1.0492246e+01   8.5322828e-01   1.5874499e+00
   6.3199519e-01   3.6692166e+00   4.2986447e+00   1.2340405e+01   2.0220521e+00   1.0267170e-01
   2.2426336e+00   4.1216881e+00   1.2578024e+01   1.9387911e+01   2.9219819e+00   1.1115717e+00
   4.7474048e+00   8.9805448e-01   1.6022417e+01   8.1297265e+00   2.8317846e-01   3.4752887e+00
   3.4688875e+00   8.1145663e-01   1.0607217e+01   5.9345106e+00   1.1128719e-01   2.0877287e+00
   4.6909936e+00   3.9792512e+00   2.3972280e+01   2.6467981e+01   2.8487533e+00   3.2478551e+00
   4.4866473e+00   4.3926069e+00   2.5852838e+01   2.9530607e+01   3.3932879e+00   2.9854711e+00
   3.6877100e+00   2.0918759e+00   1.2009968e+01   1.0774519e+01   6.5945951e-01   2.1903729e+00
   2.4911883e+00   3.5809006e+00   1.0454678e+01   1.4192855e+01   1.9506992e+00   9.5862002e-01
   4.1613404e+00   3.2199282e+00   1.8818962e+01   1.4089110e+01   1.8858551e+00   2.2271044e+00
   4.3486555e+00   1.3796991e+00   1.5074551e+01   8.2779268e+00   2.6597013e-01   3.1324303e+00
   1.3369567e+00   3.4189119e+00   5.4260040e+00   9.5151192e+00   2.1571043e+00   2.1220699e-01
   2.0894450e+00   1.9810317e+00   5.1354539e+00   4.5998982e+00   8.4981436e-01   6.1148578e-01
   3.0474972e+00   2.4076188e+00   1.1311865e+01   1.0456351e+01   9.1649126e-01   1.5603041e+00
   1.3316554e+00   4.1424343e+00   7.4148742e+00   1.5365940e+01   3.2624976e+00   2.7691165e-01
   2.5951760e+00   3.6909837e+00   1.1309634e+01   1.8009042e+01   2.4498201e+00   1.0210674e+00
   1.3247250e+00   1.8517645e+00   2.7212590e+00   3.2929032e+00   6.2985644e-01   1.7631198e-01
   3.1613912e+00   9.4686827e-01   5.8706375e+00   4.0026581e+00   1.2973676e-01   1.6098866e+00
   4.0144868e+00   2.0789522e+00   1.1471084e+01   1.0426756e+01   7.1509858e-01   2.5137818e+00
   3.4496187e+00   4.3887012e+00   2.0049386e+01   2.2962430e+01   3.5889817e+00   1.8051178e+00
   7.7021660e-01   4.4615866e+00   6.9796107e+00   1.6696559e+01   3.8297131e+00   1.8056983e-01
   3.5935496e+00   4.9121549e+00   2.2170846e+01   3.2043756e+01   4.3864700e+00   2.0367681e+00
   3.4783505e+00   2.4544960e+00   1.3633279e+01   9.9747543e+00   8.9628285e-01   1.8778191e+00
   7.3976173e-01   1.3540781e+00   6.8039600e-01   1.5321978e+00   2.1459020e-01   5.1234951e-02
   3.9349547e+00   2.1705722e+00   1.5420880e+01   9.0738713e+00   9.0721244e-01   2.2557326e+00
   6.5592509e-01   2.2398103e+00   2.1940163e+00   3.5827806e+00   8.3381478e-01   4.6875201e-02
   4.5398304e+00   1.4022918e+00   1.5597724e+01   8.1117205e+00   3.1349594e-01   3.0272969e+00
   3.6825517e+00   4.2462539e+00   2.0181444e+01   2.5391599e+01   3.2901473e+00   2.2375382e+00
   9.0258045e-01   2.0878062e+00   2.3274384e+00   4.7761237e+00   7.6442505e-01   1.5264886e-01
   2.0022117e+00   2.4453004e+00   5.9430022e+00   9.1643033e+00   1.0531059e+00   6.3390398e-01
   1.1226007e+00   2.0200966e+00   2.5053174e+00   4.8516396e+00   8.1392737e-01   2.4652726e-01
   1.5765298e+00   1.1718364e+00   2.3900464e+00   2.4999796e+00   2.4216201e-01   3.5377174e-01
   4.8698468e+00   1.5256179e+00   1.6136873e+01   1.0651552e+01   3.0176008e-01   3.4684789e+00
   4.8696971e+00   3.2979633e+00   2.6765159e+01   2.2700254e+01   2.1902433e+00   4.2196369e+00
   4.1312660e+00   4.0091471e+00   2.3116146e+01   2.3555304e+01   2.8655603e+00   2.6484793e+00
   4.6538321e+00   1.5474820e+00   1.5605392e+01   9.7522934e+00   3.9142062e-01   3.2843798e+00
   3.5701025e+00   6.0607159e-01   9.2435107e+00   2.8190204e+00   9.9610928e-02   1.6637393e+00
   3.3980216e+00   3.1515970e+00   1.3005527e+01   1.3435150e+01   1.8800783e+00   1.7142627e+00
   2.7353717e+00   1.1980133e+00   5.1607152e+00   2.5367007e+00   2.5943216e-01   9.9562400e-01
   4.9634315e+00   1.0975305e+00   1.7834338e+01   9.6919877e+00   1.9610529e-01   4.1458573e+00
   3.7583217e+00   3.2099517e+00   1.9663727e+01   1.4603606e+01   1.8585080e+00   2.0212829e+00
   2.2095667e+00   3.7443703e+00   9.5784773e+00   1.4084412e+01   2.2119152e+00   6.1236221e-01
   8.5802617e-01   3.8060057e+00   6.5750296e+00   1.2356413e+01   2.3433924e+00   1.4013533e-01
   3.7966429e+00   4.4793191e+00   2.2341677e+01   2.4542501e+01   3.4524964e+00   2.3724739e+00
   2.8118054e+00   4.3149203e+00   1.4792311e+01   2.2038104e+01   3.8132453e+00   1.1925990e+00
   2.8505651e+00   1.7384710e+00   8.6903869e+00   6.7992860e+00   4.9440737e-01   1.4551098e+00
   4.1646027e+00   2.7176292e+00   1.7998870e+01   1.5793281e+01   1.3194221e+00   2.6932133e+00
   4.2557998e+00   2.1671294e+00   1.5401803e+01   1.0247217e+01   7.1967798e-01   2.4407463e+00
   4.7608363e+00   3.9422354e+00   2.5706563e+01   2.5204060e+01   2.6348847e+00   3.6608975e+00
   2.6894906e+00   4.1205409e+00   1.4847586e+01   1.7411557e+01   2.9640122e+00   1.3782697e+00
   1.3110776e+00   3.1342971e+00   4.7421731e+00   8.1615798e+00   1.7965146e+00   1.9336314e-01
   1.3036466e+00   3.5593978e+00   5.2312294e+00   1.1309747e+01   2.2034585e+00   2.8238790e-01
   3.1896277e+00   1.5111794e+00   7.8665989e+00   6.2682917e+00   2.6996785e-01   1.7344837e+00
   4.8862708e+00   1.4539179e+00   1.4809434e+01   9.7827731e+00   3.2611347e-01   3.6889247e+00
   4.6738883e+00   3.5868677e+00   2.6856585e+01   2.1704697e+01   2.2905618e+00   3.0284697e+00
   2.9926618e+00   4.5051793e+00   1.5485970e+01   2.0397006e+01   3.8726390e+00   1.2097457e+00
   1.8003011e+00   1.6390452e+00   4.0246024e+00   5.3760982e+00   5.4392202e-01   5.1720212e-01
   1.5149196e+00   4.3064127e+00   9.3445936e+00   1.4425599e+01   3.5695336e+00   3.2990923e-01
   3.9501366e+00   1.0668211e+00   1.0466014e+01   5.2231777e+00   1.5833629e-01   2.5960978e+00
   1.4819248e+00   3.3741490e+00   6.5956090e+00   1.1614530e+01   1.9456240e+00   3.4317761e-01
   2.5022843e+00   4.7685590e+00   1.3251014e+01   2.3351805e+01   3.8223881e+00   1.0019485e+00
   2.0804155e+00   4.0463125e+00   9.1231315e+00   1.5701658e+01   2.5161496e+00   8.9506179e-01
   2.3944387e+00   3.2455049e+00   9.8700599e+00   1.2805379e+01   2.1310282e+00   1.0065176e+00
   4.1298869e+00   3.0687458e+00   2.1013560e+01   1.6949816e+01   1.8144810e+00   2.7674442e+00
   6.3774278e-01   5.2558424e-01   4.4719695e-01   6.6430847e-01   3.3565017e-02   1.5792909e-01
   1.5490842e+00   3.2145158e+00   6.6391685e+00   9.7298382e+00   1.7506112e+00   3.9851305e-01
   4.5859502e+00   1.6169430e+00   1.3922358e+01   9.6199443e+00   3.1967846e-01   3.0275440e+00
   4.2847056e+00   1.8871974e+00   1.5200564e+01   1.2098891e+01   6.3285201e-01   2.9297005e+00
   4.2419092e+00   3.6643566e+00   2.1831888e+01   2.2873395e+01   2.7521990e+00   3.0914040e+00
   1.1998994e+00   2.7235459e+00   4.4503877e+00   7.5218019e+00   1.3247123e+00   2.8179076e-01
   1.8750171e+00   4.8525017e+00   1.1178846e+01   1.8650695e+01   4.1557841e+00   6.4057845e-01
   3.8174193e+00   7.3189938e-01   1.0935568e+01   4.1550160e+00   1.1507766e-01   2.4524074e+00
   3.2055302e+00   4.6722596e+00   1.9007440e+01   2.3141519e+01   3.7454305e+00   1.5925027e+00
   3.1610406e+00   1.6983922e+00   9.9708272e+00   8.1108697e+00   7.4499197e-01   1.5270800e+00
   4.6031236e+00   4.7488067e+00   2.8547215e+01   2.9303740e+01   4.1516070e+00   3.3045380e+00
   2.7700172e+00   3.3976509e+00   1.0973079e+01   1.1663538e+01   2.0169254e+00   9.5143392e-01
   4.0657463e+00   2.6310596e+00   1.7836683e+01   1.4532673e+01   1.2567948e+00   2.6538863e+00
   4.1211393e+00   4.0442241e+00   2.3537573e+01   1.9250589e+01   2.8591063e+00   2.3657240e+00
   3.4295793e+00   5.3709930e-01   8.7124238e+00   3.0954850e+00   3.0114555e-02   1.9191461e+00
   3.1956747e+00   1.1638537e+00   8.9630532e+00   5.6607654e+00   2.9287769e-01   1.6915011e+00
   1.8409138e+00   3.5857510e+00   7.4166593e+00   1.2411414e+01   2.0679825e+00   5.2566261e-01
   4.8459018e+00   2.9305273e+00   2.2684405e+01   1.9246538e+01   1.4961735e+00   3.4541466e+00
   4.6507151e+00   2.9556639e+00   2.0305655e+01   1.9488598e+01   1.5957642e+00   3.6394954e+00
   3.4262853e+00   2.6725005e+00   1.3962950e+01   1.2184392e+01   1.3837588e+00   1.5995447e+00
   1.2912719e+00   9.9155686e-01   2.0351042e+00   1.8066695e+00   1.9261715e-01   2.5387101e-01
   1.3048109e+00   3.0489765e+00   4.9705797e+00   7.0885858e+00   1.6501625e+00   2.5371557e-01
   1.9638206e+00   2.0657089e+00   6.2698716e+00   5.2069506e+00   6.9421190e-01   5.3870570e-01
   3.3509520e+00   4.2039228e+00   1.9891816e+01   1.9372478e+01   3.6797904e+00   1.6685811e+00
   1.7755544e+00   2.6412843e+00   6.3304615e+00   1.0035882e+01   1.2217794e+00   5.6364550e-01
   1.8652709e+00   4.9082143e+00   1.2683876e+01   2.2610654e+01   4.3045271e+00   6.1549860e-01
   4.5110136e+00   7.8194153e-01   1.3923603e+01   4.5651080e+00   8.7527967e-02   3.6626624e+00
   4.9048183e+00   1.4902556e+00   1.8594231e+01   9.0882533e+00   3.5030376e-01   3.9381881e+00
   4.3340759e+00   3.0648746e+00   2.0167986e+01   1.7996930e+01   1.7801662e+00   2.9571594e+00
   2.7322662e+00   1.8244604e+00   7.4114724e+00   6.4963643e+00   7.1968368e-01   1.2507873e+00
   4.4396241e+00   2.0740403e+00   1.8719438e+01   1.4494309e+01   1.0121814e+00   3.5082434e+00
   3.6932636e+00   2.7603177e+00   1.3282363e+01   1.4744638e+01   1.5066409e+00   1.9951502e+00
   4.7899506e+00   4.5568372e+00   2.7866320e+01   2.9146891e+01   3.7480906e+00   3.6772985e+00
   1.6654836e+00   2.7118938e+00   6.0663584e+00   1.0065725e+01   1.1956159e+00   4.9660581e-01
   4.6570545e+00   7.4691555e-01   1.5931013e+01   6.3425637e+00   7.6025225e-02   3.4911545e+00
   3.9000259e+00   1.2946292e+00   1.2433249e+01   6.5866918e+00   2.8559615e-01   2.6525257e+00
   3.4656429e+00   2.3413826e+00   1.1638141e+01   9.5394715e+00   8.8327441e-01   1.7384711e+00
   1.5101157e+00   3.4264311e+00   7.0654715e+00   1.1338774e+01   2.1632079e+00   4.5248016e-01
   4.1883924e+00   2.6981722e+00   2.1438469e+01   1.6809558e+01   1.4114550e+00   3.0964850e+00
   2.4495664e+00   4.7165074e+00   1.5497713e+01   2.6419639e+01   4.0197583e+00   9.9886830e-01
   2.2539999e+00   4.5470193e+00   1.3715555e+01   2.0585175e+01   3.5883571e+00   9.0668964e-01
   2.6460466e+00   3.4704255e+00   1.2002823e+01   1.4224766e+01   2.0450608e+00   1.1275860e+00
   1.7131663e+00   4.2412188e+00   7.1986107e+00   1.5420123e+01   2.9168330e+00   3.0632816e-01
   3.1497237e+00   4.3825101e+00   1.8538588e+01   2.3264378e+01   3.1959042e+00   1.6349447e+00
   4.8636800e+00   2.0913376e+00   2.0403247e+01   1.2606050e+01   8.8226034e-01   3.5131651e+00
   4.4630915e+00   2.2808985e+00   1.8018977e+01   1.3010707e+01   8.3765963e-01   3.0450847e+00
   4.8355197e+00   7.7689396e-01   1.6620257e+01   6.5861429e+00   1.0064461e-01   3.9034204e+00
   2.8175281e+00   3.0945886e+00   1.1823567e+01   1.2297255e+01   1.7556694e+00   1.4276758e+00
   2.7945427e+00   3.8048821e+00   1.3035712e+01   1.6936572e+01   2.5402059e+00   1.3292641e+00
   3.0001979e+00   4.5984628e+00   1.5468904e+01   2.5737050e+01   4.0865921e+00   1.4239638e+00
   4.3234975e+00   2.7423167e+00   1.8297406e+01   1.6143663e+01   1.2362661e+00   3.3679079e+00
   4.2773131e+00   2.0373784e+00   1.5450201e+01   1.0661873e+01   7.4410519e-01   2.6924182e+00
   1.0779286e+00   1.6466671e+00   2.3553197e+00   2.9063867e+00   5.2675566e-01   2.9489563e-01
   1.6375941e+00   4.3680848e+00   8.1358794e+00   1.3892093e+01   3.2202810e+00   3.3700077e-01
   2.0114474e+00   3.0072532e+00   7.4461922e+00   9.9639079e+00   1.7594973e+00   5.5574974e-01
   3.7888099e+00   4.8534907e+00   2.5443181e+01   2.4972641e+01   4.3801965e+00   1.8837557e+00
   3.5652417e+00   4.6781777e+00   2.0055241e+01   2.5749404e+01   3.6820253e+00   1.8194966e+00
   1.9720453e+00   2.3522756e+00   4.0626058e+00   6.3407779e+00   8.0528857e-01   5.5213644e-01
   2.1218641e+00   8.3900048e-01   3.8212723e+00   2.7797224e+00   2.4261415e-01   6.7140240e-01
   1.9847029e+00   4.8726823e+00   1.2450163e+01   2.0052695e+01   3.8751522e+00   6.5893159e-01
   2.5985391e+00   2.1766455e+00   5.7038902e+00   8.2930162e+00   8.8226292e-01   1.1249642e+00
   4.4198339e+00   9.7489743e-01   1.4039032e+01   4.7810703e+00   2.0218882e-01   2.8631270e+00
   4.7913550e+00   1.6086938e+00   1.5237822e+01   1.0060756e+01   4.2343896e-01   3.4426667e+00
   3.0389766e+00   4.4908344e+00   1.4714165e+01   2.2239492e+01   3.2166968e+00   1.3372625e+00
   4.7510317e+00   3.6215328e+00   2.4364265e+01   2.2729601e+01   2.4591131e+00   3.6836494e+00
   4.2468755e+00   1.5798113e+00   1.4199476e+01   8.5150528e+00   5.2572213e-01   2.9861215e+00
   1.7192348e+00   4.4371821e+00   9.0155160e+00   1.6194929e+01   3.2947856e+00   5.0529327e-01
   2.0185024e+00   3.7733013e+00   9.7922790e+00   1.5435663e+01   2.7185770e+00   6.1571545e-01
   1.2536543e+00   3.7645983e+00   7.2906004e+00   1.1573715e+01   2.5930087e+00   2.2074775e-01
   4.8445779e+00   3.4572514e+00   2.5339506e+01   2.1628837e+01   2.3177586e+00   3.7524497e+00
   2.3506793e+00   3.6728574e+00   1.0456349e+01   1.6819765e+01   2.5159360e+00   8.1689909e-01
   4.3967204e+00   5.2013828e-01   1.1804211e+01   6.0984817e+00   6.4680074e-02   2.8816533e+00
   4.6429532e+00   4.2582113e+00   3.1231420e+01   2.7751315e+01   3.2566521e+00   3.3803563e+00
   4.0425587e+00   3.2975634e+00   2.0675242e+01   2.0114892e+01   2.0304425e+00   2.8089486e+00
   2.0524586e+00   1.8250026e+00   5.1290310e+00   4.7163324e+00   5.0064647e-01   6.2313927e-01
   8.1187723e-01   3.0107445e+00   3.3760862e+00   8.0397275e+00   1.6893618e+00   1.3910622e-01
   3.9354338e+00   1.0008517e+00   1.1029975e+01   5.9163598e+00   1.9082030e-01   2.4694470e+00
   3.1773863e+00   1.5005742e+00   1.0439027e+01   6.3633070e+00   5.6427276e-01   1.5288908e+00
   3.0393786e+00   2.9100926e+00   1.1858965e+01   1.0544784e+01   1.4316206e+00   1.7523046e+00
   3.5786666e+00   3.1972468e+00   1.6937647e+01   1.8023180e+01   1.7366899e+00   1.8757794e+00
   3.3170631e+00   4.4890552e+00   1.9578737e+01   2.8312978e+01   4.1192074e+00   1.6439622e+00
   3.8360411e+00   1.1776028e+00   1.0069620e+01   6.6178556e+00   2.3075250e-01   2.2002254e+00
   3.7657583e+00   4.9788055e+00   2.3031161e+01   2.9110761e+01   4.1748211e+00   2.0066291e+00
   2.0138140e+00   1.5119657e+00   3.4749338e+00   3.4452951e+00   3.5111631e-01   6.5335343e-01
   1.6561168e+00   4.8045676e+00   9.4891265e+00   1.9497757e+01   4.1859869e+00   3.8485494e-01
   1.5480644e+00   1.2505369e+00   2.5593701e+00   2.2603346e+00   2.2811493e-01   4.2478268e-01
   4.6958560e+00   3.4894747e+00   2.4813413e+01   1.9662999e+01   2.1963189e+00   3.2968154e+00
   2.5084275e+00   2.0074758e+00   6.9978943e+00   7.7006593e+00   8.7434831e-01   9.7795939e-01
   3.9137125e+00   2.8095702e+00   1.5388719e+01   1.4552278e+01   1.5646830e+00   1.9307657e+00
   2.3512696e+00   2.5742288e+00   9.4705449e+00   8.6651572e+00   1.2947204e+00   1.0234995e+00
   3.6871773e+00   3.4745615e+00   1.6686272e+01   1.7166137e+01   1.9926451e+00   1.9366652e+00
   3.5023761e+00   1.0702525e+00   9.1593682e+00   4.3869121e+00   2.0387862e-01   1.7569533e+00
   4.6188018e+00   2.9466242e+00   2.0404011e+01   1.5808764e+01   1.7067566e+00   3.4011790e+00
   3.8200253e+00   1.0958675e+00   1.0477852e+01   6.8661695e+00   2.6651999e-01   2.3185463e+00
   1.9340347e+00   2.3831855e+00   6.4712281e+00   8.1116653e+00   1.1118412e+00   6.0452180e-01
   4.4966058e+00   3.3316626e+00   2.0756612e+01   1.8697795e+01   1.6797595e+00   3.0801590e+00
   1.8054133e+00   2.7986286e+00   6.8975410e+00   8.3661372e+00   1.3841652e+00   5.2106662e-01
   4.6346716e+00   4.7064995e+00   2.7225295e+01   3.1723087e+01   3.6892940e+00   3.4326921e+00
   4.9418396e+00   3.2562796e+00   2.5204950e+01   2.0325399e+01   1.9429669e+00   3.9330613e+00
   2.5882706e+00   4.9788880e+00   1.5621480e+01   2.5430026e+01   4.5785904e+00   1.2122301e+00
   4.3320625e+00   4.8215684e+00   2.6379860e+01   3.1806468e+01   4.2413473e+00   3.2678824e+00
   2.0049049e+00   3.3278572e+00   8.8016570e+00   1.0923829e+01   1.8905381e+00   6.8684699e-01
   8.7472998e-01   1.6021483e+00   2.3408385e+00   2.6102251e+00   5.0588403e-01   9.5135417e-02
   4.9850226e+00   2.4448051e+00   2.1713086e+01   1.5316680e+01   1.0202944e+00   3.8123104e+00
   1.7205968e+00   2.3821326e+00   3.9049928e+00   7.5935943e+00   1.2563698e+00   4.1009124e-01
   3.2601951e+00   4.5844901e+00   1.9669550e+01   2.4932228e+01   3.4031792e+00   1.4611682e+00
   4.6511688e+00   1.0708530e+00   1.7300296e+01   7.9486464e+00   3.0915718e-01   3.1180474e+00
   1.6728061e+00   4.9303446e+00   1.2392134e+01   2.2668097e+01   4.3476459e+00   4.4279520e-01
   2.0784848e+00   1.5089660e+00   4.3249727e+00   3.4268661e+00   4.6024727e-01   7.5368385e-01
   3.9606797e+00   3.7549028e+00   2.0851737e+01   2.0486889e+01   2.4847902e+00   2.2434703e+00
   2.8453133e+00   4.3571188e+00   1.5594900e+01   2.1460028e+01   3.4034974e+00   1.2255157e+00
   2.0944779e+00   1.8085686e+00   4.6237581e+00   3.9774161e+00   6.8260871e-01   5.9101086e-01
   2.1047846e+00   4.8201519e+00   1.5365643e+01   2.0961232e+01   4.5831565e+00   4.9227017e-01
   3.9683918e+00   2.2540820e+00   1.5484518e+01   1.0784944e+01   1.0278919e+00   2.7885733e+00
   9.7467457e-01   3.2529146e+00   4.7850183e+00   7.8882724e+00   1.7773695e+00   6.9304877e-02
   8.5913924e-01   4.0071325e+00   7.0812677e+00   1.4136381e+01   2.8528318e+00   1.2332385e-01
   4.8122308e+00   1.8949527e+00   1.7775879e+01   1.1213269e+01   6.8300641e-01   3.9113181e+00
   4.5876294e+00   4.8735740e+00   3.0803693e+01   3.5297684e+01   4.4285230e+00   3.0873809e+00
   2.1675683e+00   4.1604517e+00   9.7226289e+00   1.8328022e+01   2.8289105e+00   7.6078766e-01
   9.3926631e-01   4.7792176e+00   6.7062887e+00   2.0499132e+01   4.1566354e+00   1.5171070e-01
   2.1546632e+00   2.4002578e+00   4.9587260e+00   7.0736173e+00   9.3207495e-01   8.0445710e-01
   3.6067054e+00   2.1654620e+00   1.4649752e+01   9.7021119e+00   8.8779621e-01   2.0149788e+00
   4.6224995e+00   3.4406245e+00   2.3216801e+01   2.0083437e+01   1.9601001e+00   3.4147137e+00
   3.0275668e+00   4.4675737e+00   1.8148657e+01   2.4401749e+01   3.7089688e+00   1.5691043e+00
   3.1579897e+00   4.1692412e+00   1.6180177e+01   2.0257938e+01   3.1433876e+00   1.5624508e+00
   2.0728847e+00   3.1923577e+00   8.1985388e+00   9.7035571e+00   1.7335752e+00   6.6710827e-01
   1.9354862e+00   2.7553069e+00   5.7993000e+00   7.4105262e+00   1.3634827e+00   6.2337051e-01
   5.7001619e-01   2.3773588e+00   2.3483214e+00   3.3770409e+00   9.8779596e-01   4.5964901e-02
   2.3702484e+00   2.7042005e+00   8.0076330e+00   9.9730053e+00   1.5826842e+00   8.8964705e-01
   4.6831754e+00   4.6471151e+00   3.1186758e+01   3.5140852e+01   3.7907233e+00   3.8825730e+00
   2.0023461e+00   2.8895047e+00   6.1316070e+00   9.3237048e+00   1.3313313e+00   5.5927564e-01
   1.8613606e+00   4.0413435e+00   1.0184816e+01   1.6092869e+01   3.3342239e+00   4.9375693e-01
   1.1164049e+00   9.2117847e-01   2.0779315e+00   1.2254629e+00   1.2409464e-01   2.3133443e-01
   3.2795876e+00   9.5310502e-01   9.1208181e+00   4.4577740e+00   1.0340032e-01   1.7091230e+00
   2.9555164e+00   1.7196579e+00   1.0698564e+01   6.7361738e+00   6.5509570e-01   1.3803016e+00
   4.6583117e+00   4.7634208e+00   2.7489211e+01   3.2245854e+01   4.1002708e+00   3.0528928e+00
   1.4517620e+00   4.8899163e+00   1.1703912e+01   2.0876356e+01   4.3964809e+00   3.6794849e-01
   4.2441167e+00   3.7486682e+00   2.5238398e+01   2.3617588e+01   2.5466250e+00   2.7020328e+00
   2.2278085e+00   3.5007720e+00   9.0077521e+00   1.4813129e+01   2.4348928e+00   8.7382980e-01
   3.9714552e+00   4.3926177e+00   2.2426941e+01   2.4565977e+01   3.5081125e+00   2.5609730e+00
   1.4740323e+00   2.4491349e+00   5.5060831e+00   7.8599998e+00   1.2406476e+00   2.6749049e-01
   4.4762928e+00   1.6720157e+00   1.5190640e+01   9.5408075e+00   5.9719584e-01   2.8708345e+00
   2.5118424e+00   2.4203919e+00   6.5362844e+00   7.1615244e+00   8.5493980e-01   9.7673174e-01
   4.5240346e+00   4.3399915e+00   2.6281326e+01   2.6575842e+01   3.0709903e+00   3.2913081e+00
   2.1167449e+00   4.1015405e+00   1.0557949e+01   1.4192083e+01   2.7675313e+00   5.2949382e-01
   3.6247296e+00   4.5146279e+00   2.3001668e+01   2.7729720e+01   3.7001687e+00   2.1552553e+00
   3.1488119e+00   1.1201512e+00   7.9150532e+00   4.8659605e+00   2.2837207e-01   1.7066396e+00
   4.1830183e+00   3.9837786e+00   2.2587944e+01   2.2137304e+01   2.9603233e+00   2.6515220e+00
   1.2416660e+00   1.8770392e+00   3.0254145e+00   4.6530111e+00   6.4290678e-01   2.6143614e-01
   1.2496639e+00   1.4025151e+00   2.4833824e+00   3.2783325e+00   2.0689759e-01   2.4107626e-01
   3.0395144e+00   2.3913683e+00   1.0555015e+01   8.3390350e+00   9.6438629e-01   1.2716068e+00
   3.0768426e+00   7.2433904e-01   4.9645575e+00   3.3322415e+00   4.8249334e-02   1.7057285e+00
   4.4353901e+00   1.7788215e+00   1.5822094e+01   7.9332334e+00   6.5710314e-01   2.6875657e+00
   3.1907977e+00   9.0331673e-01   7.3016147e+00   3.9202014e+00   2.1794510e-01   1.6858353e+00
   2.7574482e+00   6.8666183e-01   5.8777039e+00   3.0707976e+00   1.1670073e-01   1.2727055e+00
   1.8670479e+00   1.8819712e+00   5.3167992e+00   4.9793735e+00   5.7838702e-01   4.2568170e-01
   2.1325226e+00   4.2370320e+00   8.6063881e+00   1.6922319e+01   3.4866314e+00   6.3302657e-01
   4.2220032e+00   5.4901355e-01   1.0917341e+01   4.5892275e+00   5.4104369e-02   2.3387614e+00
   2.8507046e+00   4.3370169e+00   1.2991688e+01   2.1523939e+01   3.0513446e+00   1.3316780e+00
   3.0316101e+00   2.0341410e+00   8.3828103e+00   8.8011199e+00   5.7580547e-01   1.4550991e+00
   3.8580365e+00   2.1193506e+00   1.3797078e+01   1.0330744e+01   8.2019997e-01   2.3833167e+00
   3.4620653e+00   2.2766564e+00   1.0781429e+01   8.8229219e+00   8.3081100e-01   1.7937992e+00
   4.9578499e+00   3.5171871e+00   3.0013265e+01   2.4256849e+01   2.3833204e+00   3.8424238e+00
   3.5962391e+00   1.1235213e+00   1.0388850e+01   5.2515555e+00   2.8029603e-01   2.3279357e+00
   3.1776627e+00   2.2638937e+00   1.1028082e+01   1.0233429e+01   7.8168912e-01   1.7008024e+00
   3.9072701e+00   1.9303384e+00   1.2801880e+01   9.8174056e+00   6.9472650e-01   2.4747956e+00
   3.0792884e+00   4.2159995e+00   1.7452813e+01   2.1872792e+01   3.2504473e+00   1.7132009e+00
   4.0914643e+00   9.8486969e-01   1.0276437e+01   5.6126638e+00   1.6363789e-01   2.3951500e+00
   4.6548278e+00   4.7239762e+00   2.7236402e+01   3.7652733e+01   3.7074638e+00   3.5289818e+00
   3.9705912e+00   2.3560395e+00   1.6481484e+01   1.3580132e+01   1.2774810e+00   2.5658735e+00
   1.7124811e+00   4.0031808e+00   9.6679825e+00   1.5930500e+01   3.3898468e+00   4.6136876e-01
   4.7640429e+00   2.4547520e+00   2.1313916e+01   1.2809884e+01   1.1400438e+00   3.2935216e+00
   4.3853007e+00   1.3508683e+00   1.6282251e+01   8.1927689e+00   3.0057134e-01   3.1725892e+00
   3.1515749e+00   8.5696225e-01   5.3501424e+00   2.9419052e+00   1.5964670e-01   1.4757996e+00
   1.1814436e+00   4.5948371e+00   9.6991873e+00   1.6703995e+01   3.9164334e+00   2.3564852e-01
   3.8577322e+00   2.1303363e+00   1.3972225e+01   1.1915241e+01   7.8675556e-01   2.0863987e+00
   3.1373765e+00   4.4534270e+00   1.6747787e+01   2.1891176e+01   3.7430127e+00   1.4178998e+00
   3.9027036e+00   2.8610325e+00   1.6136140e+01   1.4813338e+01   1.3454612e+00   2.6514769e+00
   7.8390306e-01   2.3948424e+00   2.7338219e+00   4.2355256e+00   1.0343909e+00   1.2437315e-01
   2.3605329e+00   4.5005090e+00   1.2140186e+01   2.2322502e+01   3.6926388e+00   8.0304886e-01
   4.5047390e+00   2.2158876e+00   1.4142284e+01   1.2268020e+01   5.2130422e-01   3.0303222e+00
   4.4426089e+00   2.1484276e+00   1.7043815e+01   1.2907911e+01   1.0463689e+00   2.7437988e+00
   4.7294904e+00   1.4835313e+00   1.6504515e+01   7.4330881e+00   4.2255401e-01   3.3291676e+00
   2.0099134e+00   4.4878205e+00   9.5378556e+00   2.0717416e+01   3.4494781e+00   5.6120870e-01
   9.2085114e-01   2.2901601e+00   2.8178666e+00   5.6229988e+00   9.9773206e-01   1.1317985e-01
   2.7332338e+00   1.1397454e+00   6.7921797e+00   2.8734932e+00   2.8877558e-01   9.8845743e-01
   9.2378388e-01   4.1717611e+00   6.7385420e+00   1.2793109e+01   3.4487077e+00   1.9167084e-01
   4.4137115e+00   2.5669149e+00   1.7200702e+01   1.4593883e+01   9.2963431e-01   3.0845945e+00
   9.8170030e-01   1.6661220e+00   1.8963355e+00   1.8988077e+00   4.9790424e-01   1.5132349e-01
   3.3792560e+00   3.6662766e+00   1.5414978e+01   1.6597533e+01   2.6000938e+00   1.9885152e+00
   2.0147809e+00   2.4782765e+00   6.7329966e+00   8.5156908e+00   1.3090706e+00   6.9088084e-01
   1.9208312e+00   6.1647190e-01   2.8681773e+00   1.0652543e+00   6.2259895e-02   6.4752241e-01
   4.3410752e+00   1.9475630e+00   1.6366249e+01   1.1400169e+01   6.8064354e-01   3.0385483e+00
   3.0607382e+00   2.4309457e+00   1.1480273e+01   9.2989882e+00   1.0853338e+00   1.4269796e+00
   2.6629497e+00   1.7260726e+00   7.3041273e+00   8.0656813e+00   4.6097844e-01   1.1610928e+00
   3.3633457e+00   1.2205505e+00   8.9987116e+00   5.6375804e+00   3.2790043e-01   1.7492936e+00
   1.6478628e+00   4.0614244e+00   1.0089130e+01   1.5208379e+01   2.9456873e+00   4.6209061e-01
   9.6897876e-01   2.9646572e+00   4.4379877e+00   1.1128263e+01   1.7887738e+00   2.1510947e-01
   2.1217197e+00   1.8970295e+00   4.2599097e+00   6.0007447e+00   5.3262412e-01   1.0248737e+00
   2.8328372e+00   4.5289307e+00   1.4001868e+01   2.0688836e+01   4.0666418e+00   1.0471270e+00
   1.1885967e+00   2.1481581e+00   2.8733242e+00   5.7510657e+00   8.7660051e-01   2.8757897e-01
   1.0614750e+00   1.9806009e+00   3.3428797e+00   4.7222531e+00   7.4460321e-01   1.9758325e-01
   4.3842373e+00   3.2664068e+00   1.9334833e+01   1.7372662e+01   1.6742788e+00   3.0905009e+00
   1.7022694e+00   1.3822189e+00   3.9019573e+00   3.7022751e+00   5.1306565e-01   5.9010133e-01
   1.9841269e+00   1.9723842e+00   5.3570040e+00   5.4998266e+00   5.5586500e-01   7.0657108e-01
   1.7696633e+00   1.2980851e+00   4.8029223e+00   2.7761071e+00   3.2287718e-01   5.7632952e-01
   3.6996380e+00   2.5624906e+00   1.4494443e+01   1.3814082e+01   1.0373439e+00   2.4364694e+00
   6.1069143e-01   4.1043569e+00   3.7372773e+00   1.0976140e+01   2.6733149e+00   1.1973806e-01
   5.2434633e-01   2.4594168e+00   1.4356938e+00   5.4418511e+00   1.2385457e+00   3.1550087e-02
   8.6955752e-01   8.7363603e-01   8.2262786e-01   1.8501009e+00   1.9500150e-01   1.0797257e-01
   1.8113396e+00   3.1179738e+00   7.4983879e+00   9.2738421e+00   1.7467519e+00   5.0974296e-01
   4.3692286e+00   2.9930089e+00   1.9765486e+01   1.6491906e+01   1.6710097e+00   3.0108396e+00
   9.0107959e-01   6.6095883e-01   8.3491485e-01   5.0618064e-01   7.3815138e-02   1.2957806e-01
   4.5952365e+00   1.2413666e+00   1.6321795e+01   8.5143130e+00   3.4639159e-01   3.3050146e+00
   1.1498503e+00   4.6437627e+00   7.3078984e+00   1.7004047e+01   3.7275522e+00   2.1000807e-01
   3.5362065e+00   2.2218608e+00   1.2473560e+01   9.4213863e+00   1.0715454e+00   1.9552296e+00
   1.4575821e+00   2.8337227e+00   5.8883366e+00   7.9398331e+00   1.7486850e+00   4.0295313e-01
   1.9583080e+00   1.9311341e+00   4.2955652e+00   4.3416460e+00   7.2662474e-01   5.9591330e-01
   2.7692743e+00   2.8985651e+00   1.3409024e+01   9.2314676e+00   1.6602875e+00   1.1468515e+00
   5.1761538e-01   3.5686077e+00   3.3768848e+00   8.5857405e+00   2.0653326e+00   1.6457898e-02
   7.0414780e-01   1.9906271e+00   1.1633568e+00   3.4102259e+00   6.1908976e-01   4.4865299e-02
   4.4729152e+00   1.4240870e+00   1.4512398e+01   6.0900836e+00   2.7970513e-01   2.9840550e+00
   8.1349599e-01   3.4868359e+00   3.5268394e+00   1.0744969e+01   2.3895673e+00   6.3737846e-02
   3.1757498e+00   4.7517574e+00   2.1504637e+01   2.5632274e+01   3.9981055e+00   1.5764845e+00
   2.0329898e+00   1.1061334e+00   3.4065000e+00   3.3611012e+00   2.3132824e-01   7.1233199e-01
   4.6132625e+00   1.8813325e+00   1.9626459e+01   9.0934057e+00   7.0660899e-01   2.8573223e+00
   3.4876328e+00   3.8469721e+00   1.6577596e+01   1.9205170e+01   2.3930638e+00   1.8125829e+00
   1.7304374e+00   3.1889299e+00   6.8886104e+00   9.4464007e+00   2.0732904e+00   4.8767277e-01
   2.2712130e+00   7.3534382e-01   4.2231167e+00   2.5832021e+00   1.3381242e-01   6.9682576e-01
   1.2061767e+00   3.2580354e+00   3.6711385e+00   7.9919908e+00   1.5038408e+00   2.6843270e-01
   3.8693635e+00   1.6113948e+00   1.0896535e+01   9.0478308e+00   7.0429707e-01   2.4396899e+00
   6.6251794e-01   2.0994751e+00   2.4264839e+00   3.9246927e+00   8.5041905e-01   9.6912736e-02
   4.9089889e+00   6.0323343e-01   1.4017175e+01   5.3236855e+00   1.1965464e-02   3.9673965e+00
   2.7750477e+00   3.1295352e+00   1.0836888e+01   1.2904457e+01   1.7000547e+00   1.3833764e+00
   3.4936991e+00   8.9445259e-01   7.3250727e+00   4.1205074e+00   9.0085939e-02   1.8926149e+00
   2.9319576e+00   3.5155467e+00   1.4597485e+01   1.5578122e+01   2.4869436e+00   1.2874192e+00
   2.4761343e+00   3.0662137e+00   9.9290352e+00   1.2121875e+01   1.6117643e+00   9.1577139e-01
   2.2936660e+00   4.6391744e+00   1.4198575e+01   2.1657459e+01   3.9090462e+00   8.2974530e-01
   1.5237921e+00   1.7234974e+00   3.4049303e+00   5.5223637e+00   5.2059064e-01   4.0233733e-01
   1.9609511e+00   4.1454334e+00   1.1293347e+01   1.5746770e+01   2.8011722e+00   6.2301035e-01
   3.3970599e+00   1.1023870e+00   8.8814631e+00   4.5197997e+00   1.7823650e-01   1.7093823e+00
   3.7638786e+00   9.8079078e-01   1.1213536e+01   5.7276420e+00   1.9536605e-01   2.1336541e+00
   6.1778058e-01   4.1002050e+00   5.6095500e+00   1.2159032e+01   3.1098627e+00   6.7151072e-02
   2.0883025e+00   1.8889449e+00   5.7113578e+00   4.5816264e+00   6.3343914e-01   7.7043745e-01
   2.1712074e+00   8.6702490e-01   3.7532607e+00   2.3476350e+00   1.1909843e-01   7.2601957e-01
   1.0322458e+00   4.8903225e+00   9.4254263e+00   1.6144804e+01   4.3997716e+00   8.3222236e-02
   1.2770369e+00   1.5528057e+00   3.5647834e+00   2.6731227e+00   4.0663625e-01   3.3213220e-01
   2.4777011e+00   1.3202358e+00   6.3901803e+00   4.1722623e+00   3.1375763e-01   9.4040887e-01
   1.4654505e+00   4.2850870e+00   9.4117122e+00   1.6453953e+01   3.0761592e+00   3.5051451e-01
   2.1230874e+00   1.6072296e+00   5.1768788e+00   4.4999599e+00   4.5338122e-01   7.0841493e-01
   3.5893795e+00   9.1173474e-01   9.3579239e+00   4.8816100e+00   1.6853558e-01   2.0060247e+00
   3.9698133e+00   4.9495346e+00   2.5403509e+01   2.8619631e+01   4.5475659e+00   2.3812927e+00
   2.0284086e+00   2.5558406e+00   5.6733372e+00   7.1874908e+00   1.2827479e+00   6.5000616e-01
   5.8146483e-01   3.0295785e+00   4.8480285e+00   6.9057988e+00   1.5444820e+00   6.4909995e-02
   1.2204600e+00   2.0847393e+00   3.4990417e+00   5.2724839e+00   9.4750064e-01   2.8034803e-01
   1.7999158e+00   7.3918377e-01   2.3269855e+00   1.0989779e+00   8.3169248e-02   4.0626938e-01
   2.3866936e+00   5.5825762e-01   4.3964859e+00   2.5234316e+00   3.9028267e-02   9.5112703e-01
   1.8916819e+00   4.6840529e+00   1.0920241e+01   2.0729430e+01   3.8683594e+00   4.7838367e-01
   2.5522798e+00   2.4910653e+00   9.0364160e+00   9.5194757e+00   1.2398505e+00   9.5687355e-01
   2.0026473e+00   3.6574293e+00   1.0604715e+01   1.4509826e+01   2.3610988e+00   7.1578154e-01
   1.1450610e+00   4.7402636e+00   7.2894977e+00   1.5227726e+01   3.7441623e+00   2.1025527e-01
   1.7416651e+00   5.7434719e-01   2.3826911e+00   2.2060760e+00   4.8534268e-02   4.2634443e-01
   2.8444147e+00   1.6704050e+00   7.0148889e+00   5.4456864e+00   4.5694389e-01   1.3497050e+00
   4.1187716e+00   2.6465082e+00   1.7637308e+01   1.3441938e+01   1.4140225e+00   3.1113038e+00
   4.9484817e+00   3.0564803e+00   2.6145251e+01   1.8747267e+01   1.8931221e+00   3.4574713e+00
   3.5561525e+00   3.9153189e+00   1.7959687e+01   1.9031489e+01   2.7325578e+00   2.0569191e+00
   1.3873107e+00   1.6313755e+00   2.2607763e+00   3.0665851e+00   4.7145787e-01   2.4065975e-01
   1.1216035e+00   2.3163949e+00   2.5396471e+00   5.2088690e+00   9.2552750e-01   1.9243982e-01
   3.0749341e+00   8.4796363e-01   5.9437896e+00   3.9488063e+00   1.4019667e-01   1.6854251e+00
   9.6562307e-01   1.4087169e+00   1.1450625e+00   1.3688267e+00   2.3767054e-01   1.7676500e-01
   4.2341731e+00   4.5026805e+00   2.6023586e+01   2.8095850e+01   3.7640250e+00   2.8662144e+00
   4.1835807e+00   3.4608500e+00   2.1972859e+01   1.7845670e+01   2.0869177e+00   2.5003317e+00
   3.9951943e+00   3.3564570e+00   2.1540634e+01   1.8557914e+01   2.4000291e+00   2.3385925e+00
   3.9480652e+00   5.7076346e-01   1.0575386e+01   4.1355109e+00   6.8360615e-02   2.1925519e+00
   3.8950405e+00   1.3306654e+00   1.1661536e+01   8.1752151e+00   2.7678865e-01   2.4263826e+00
   1.6375877e+00   6.1204041e-01   1.9678921e+00   1.7003612e+00   3.9714656e-02   3.7097835e-01
   4.1534881e+00   4.0758027e+00   2.0251462e+01   2.4728760e+01   3.3792984e+00   2.8931051e+00
   2.4183752e+00   1.8562778e+00   6.4351856e+00   5.9390344e+00   5.6417312e-01   9.6745377e-01
   4.4116225e+00   2.6891533e+00   2.1543169e+01   1.5283711e+01   1.2883513e+00   3.1016009e+00
   1.1507759e+00   2.7191285e+00   4.0131856e+00   6.4064338e+00   1.5974221e+00   2.7918406e-01
   4.7812206e+00   7.7116504e-01   1.8000425e+01   7.1287288e+00   1.4420787e-01   3.8513443e+00
   1.1880681e+00   3.7133070e+00   7.9399956e+00   1.2165272e+01   2.8524219e+00   3.0169495e-01
   6.7965082e-01   5.0196825e-01   3.6373262e-01   7.2352829e-01   3.8630004e-02   9.8456848e-02
   2.2421798e+00   3.7305070e+00   8.1605463e+00   1.6467067e+01   2.4011141e+00   7.5857830e-01
   1.8003752e+00   2.5734280e+00   4.0096421e+00   9.6758284e+00   1.0017615e+00   5.8328627e-01
   2.0295383e+00   3.6644493e+00   7.7784546e+00   1.3219217e+01   2.3179198e+00   6.1662119e-01
   3.4641406e+00   4.0496170e+00   1.6770796e+01   2.0709074e+01   2.8401598e+00   1.7916966e+00
   2.1732552e+00   5.3900358e-01   2.7874348e+00   1.5724480e+00   5.2551766e-02   6.8874981e-01
   3.8737524e+00   1.6274461e+00   1.4709782e+01   9.0409603e+00   4.1162885e-01   2.2644914e+00
   3.8234257e+00   9.1942886e-01   1.0348048e+01   4.4338696e+00   7.5603314e-02   2.1190303e+00
   1.9962404e+00   4.0307528e+00   1.1068168e+01   1.6626203e+01   2.8197070e+00   6.4158896e-01
   3.9551715e+00   5.7208604e-01   1.2517898e+01   4.4514933e+00   7.9672578e-02   2.4333782e+00
   1.7090147e+00   4.2559931e+00   1.0340099e+01   1.5755858e+01   3.1298019e+00   7.0906794e-01
   1.3716408e+00   8.1127434e-01   3.0769587e+00   9.8230221e-01   1.8578144e-01   2.6076963e-01
   6.7812647e-01   1.3553429e+00   1.1344613e+00   1.7964872e+00   3.9438143e-01   8.9129772e-02
   2.2692005e+00   8.4714168e-01   4.9485627e+00   1.8206034e+00   1.6752243e-01   6.7252820e-01
   3.8394954e+00   3.8786773e+00   2.1681602e+01   2.2739993e+01   2.6984672e+00   2.3356546e+00
   3.7807551e+00   1.1568317e+00   1.3746292e+01   6.8115294e+00   3.5519771e-01   2.1263494e+00
   2.6850632e+00   2.2556792e+00   7.8731646e+00   8.3041801e+00   9.2772222e-01   1.1676687e+00
   1.0886966e+00   2.5659762e+00   3.3563696e+00   5.6414719e+00   1.3456673e+00   2.4569184e-01
   3.5925215e+00   1.3955805e+00   1.0346425e+01   6.8653862e+00   2.3023550e-01   1.9677793e+00
   1.6915709e+00   1.9565074e+00   4.8297729e+00   5.3566205e+00   7.7859032e-01   5.1597725e-01
   2.1445750e+00   4.8123088e+00   1.2554247e+01   2.4088366e+01   3.9927588e+00   8.9026054e-01
   4.8523580e+00   1.2108814e+00   1.5546086e+01   9.9382344e+00   1.6528182e-01   3.7610865e+00
   5.1521249e-01   3.7218586e+00   3.7756497e+00   1.1201546e+01   2.3621088e+00   4.5016232e-02
   2.3962973e+00   1.5572325e+00   7.9515649e+00   4.2953902e+00   3.9527706e-01   7.8877727e-01
   3.9428333e+00   4.1503013e+00   2.2172779e+01   2.3580133e+01   3.0178275e+00   2.3746956e+00
   1.9956770e+00   4.0291321e+00   1.0530071e+01   1.7416855e+01   2.8720047e+00   6.3370066e-01
   5.4312327e-01   3.8428415e+00   5.0521012e+00   9.6899336e+00   2.3209536e+00   6.5202494e-02
   4.4758726e+00   3.8415160e+00   2.1672599e+01   2.4355030e+01   2.5297125e+00   3.1280686e+00
   4.5385359e+00   8.8862780e-01   1.3893846e+01   7.0968889e+00   1.4620754e-01   3.4984545e+00
   8.6301721e-01   1.8694243e+00   1.5094914e+00   3.4358821e+00   6.4561789e-01   1.2275369e-01
   3.8651006e+00   2.5604140e+00   1.3629966e+01   1.3412591e+01   1.0635910e+00   2.2168373e+00
   5.8210696e-01   2.9492484e+00   2.9197010e+00   6.8326541e+00   1.7059251e+00   7.1168248e-02
   8.6368059e-01   2.4122737e+00   3.7221276e+00   5.2141901e+00   1.1002305e+00   1.1524707e-01
   1.7473844e+00   1.5113665e+00   3.5641936e+00   2.9236191e+00   4.4745370e-01   4.9746002e-01
   3.5477743e+00   2.1037080e+00   1.0434658e+01   9.9206619e+00   7.2621169e-01   1.8992098e+00
   1.9399160e+00   8.9529291e-01   3.0156991e+00   2.3408241e+00   1.4085165e-01   5.0765949e-01
   6.8659734e-01   2.3917478e+00   1.6616066e+00   4.6490955e+00   9.1893844e-01   4.9442537e-02
   3.5079865e+00   7.4524768e-01   7.8935491e+00   3.5019973e+00   1.0235061e-01   2.1073567e+00
   3.0787704e+00   4.9928001e+00   1.7136191e+01   2.6911161e+01   4.1860658e+00   1.3846367e+00
   1.3024717e+00   1.3540840e+00   5.0173369e+00   2.5887482e+00   6.4617634e-01   3.2228832e-01
   2.8781719e+00   1.7104532e+00   7.6791956e+00   7.6870374e+00   4.2615699e-01   1.3890785e+00
   4.7730436e+00   9.9039064e-01   1.4815065e+01   8.5482739e+00   1.5819723e-01   3.7203778e+00
   4.7811928e+00   4.7771026e+00   2.9369020e+01   3.3724225e+01   3.7949183e+00   4.5068582e+00
   9.2793768e-01   3.4585753e+00   4.8010222e+00   1.0561169e+01   2.0676844e+00   9.8188535e-02
   3.9704370e+00   4.4460363e+00   2.3926457e+01   2.6109185e+01   4.3094976e+00   2.4058764e+00
   2.4198247e+00   4.6050073e+00   1.1581597e+01   2.0419982e+01   3.6407066e+00   9.3159771e-01
   2.2396482e+00   6.3006669e-01   3.9146774e+00   3.8716838e+00   5.4000948e-02   8.3943097e-01
   4.6363590e+00   2.5577116e+00   1.8433964e+01   1.3310701e+01   1.2525865e+00   3.2283347e+00
   2.8879707e+00   2.4123524e+00   1.0636441e+01   9.0690686e+00   1.1108321e+00   1.2818589e+00
   1.4835097e+00   2.6938902e+00   4.2677257e+00   8.0246153e+00   1.2770924e+00   4.1960143e-01
   1.7857313e+00   4.5865377e+00   9.0337275e+00   2.1431627e+01   3.7558580e+00   6.3290204e-01
   1.7596606e+00   4.5621169e+00   1.0688515e+01   1.7525643e+01   3.6401085e+00   4.2685230e-01
   9.4864087e-01   3.3315952e+00   5.2149969e+00   7.9042403e+00   2.1893048e+00   1.0175218e-01
   2.1948671e+00   4.3938822e+00   1.0812576e+01   1.8291894e+01   3.2959021e+00   6.8002598e-01
   3.7876589e+00   3.5028049e+00   1.7181170e+01   1.8208498e+01   2.0720687e+00   2.4541735e+00
   2.3596088e+00   2.0808074e+00   5.9240023e+00   5.3216976e+00   6.7531776e-01   6.8819317e-01
   1.5821607e+00   1.5088187e+00   4.2296853e+00   2.2201321e+00   4.5022100e-01   3.2872368e-01
   2.9995961e+00   1.2695797e+00   9.2495029e+00   4.4151410e+00   2.3132851e-01   1.4442268e+00
   7.7943846e-01   5.1821555e-01   3.1191334e-01   5.7503123e-01   2.7256029e-02   8.9858459e-02
   9.7945768e-01   2.6991581e+00   3.6604567e+00   5.5501556e+00   1.3409967e+00   9.5698108e-02
   2.1896287e+00   2.6628458e+00   7.2364952e+00   8.8731522e+00   1.1838269e+00   7.8003816e-01
   4.7817532e+00   1.7481288e+00   1.9812068e+01   1.0963812e+01   6.8373646e-01   3.7825588e+00
   8.9574471e-01   3.9514027e+00   4.9109967e+00   1.3543071e+01   2.6326015e+00   1.7118094e-01
   4.5728490e+00   3.8993366e+00   2.6241381e+01   2.3642702e+01   2.7658969e+00   3.2672021e+00
   2.7605979e+00   1.8490371e+00   7.6924335e+00   4.9008000e+00   5.3960851e-01   1.0876531e+00
   1.6456037e+00   2.6763273e+00   5.5487103e+00   8.6854989e+00   1.2776219e+00   4.9211898e-01
   1.8413302e+00   2.2965223e+00   4.0378312e+00   6.1110013e+00   6.8190929e-01   5.9781055e-01
   3.2245913e+00   2.2039756e+00   8.6185253e+00   1.0636933e+01   6.7526482e-01   1.8140325e+00
   1.1475423e+00   2.7857568e+00   4.0854009e+00   6.9028310e+00   1.3711111e+00   1.8494379e-01
   1.0394496e+00   3.9545600e+00   6.0374174e+00   1.3858593e+01   3.2348001e+00   5.8469929e-02
   1.0231831e+00   2.2407556e+00   2.6816483e+00   4.6016705e+00   8.7705774e-01   1.1185701e-01
   6.5046921e-01   3.3916343e+00   3.2145460e+00   9.0698919e+00   1.9822930e+00   4.2000342e-02
   7.6887217e-01   1.8804218e+00   1.4910237e+00   3.8742393e+00   5.6120972e-01   7.4928314e-02
   3.9849808e+00   2.3565329e+00   1.6518682e+01   1.2552408e+01   1.1553185e+00   2.1935125e+00
   3.7638821e+00   1.0454812e+00   1.1894100e+01   6.2961297e+00   2.2394011e-01   2.2007943e+00
   4.5434878e+00   3.7309813e+00   2.5088878e+01   2.5546951e+01   2.5013769e+00   3.2087450e+00
   1.3695247e+00   2.8526419e+00   3.8677119e+00   9.2082325e+00   1.4751252e+00   3.5362487e-01
   1.8946590e+00   2.2396817e+00   6.9336233e+00   5.3296999e+00   9.1351290e-01   6.1125485e-01
   1.5381505e+00   2.7652093e+00   5.8808095e+00   7.7766275e+00   1.3514369e+00   2.6569725e-01
   5.5756773e-01   8.1941765e-01   5.2021891e-01   6.3638432e-01   1.1226250e-01   7.1974407e-02
   9.8873258e-01   3.1820966e+00   4.2748085e+00   8.8852433e+00   2.0364912e+00   2.0502323e-01
   3.4131790e+00   3.3602727e+00   1.5915415e+01   1.8205606e+01   1.7708964e+00   2.0886404e+00
   2.1204038e+00   2.0326014e+00   6.4106067e+00   6.8880666e+00   7.6035473e-01   7.8007347e-01
   4.3623987e+00   1.5265909e+00   1.2637596e+01   9.9460682e+00   3.7695674e-01   2.9559385e+00
   2.6643477e+00   2.1462338e+00   7.6224142e+00   8.0619324e+00   8.9743577e-01   1.1259759e+00
   1.2038817e+00   6.6666190e-01   1.5238411e+00   6.7433870e-01   5.0722593e-02   1.8895635e-01
   1.9548353e+00   1.3075591e+00   4.5151619e+00   2.0041867e+00   4.1760068e-01   4.8667523e-01
   3.1667167e+00   1.0325689e+00   7.2279095e+00   4.5129531e+00   1.1962791e-01   1.2326888e+00
   4.5447384e+00   3.6177823e+00   2.3156417e+01   2.1968066e+01   2.6559911e+00   3.4370037e+00
   3.8795546e+00   3.7586772e+00   2.1557441e+01   1.7062266e+01   2.5311645e+00   2.2980571e+00
   3.7406425e+00   5.0135217e-01   9.5089553e+00   5.0548678e+00   5.6072139e-02   2.2217857e+00
   1.1016615e+00   3.4963667e+00   5.9130687e+00   9.2558934e+00   2.2410203e+00   1.4621747e-01
   3.9910893e+00   4.7743382e+00   2.4910762e+01   2.8339253e+01   3.8601950e+00   2.2774278e+00
   3.1794330e+00   3.4878928e+00   1.2731525e+01   1.4292198e+01   2.1707913e+00   1.5843146e+00
   4.9560739e+00   6.1019937e-01   1.3267897e+01   7.2187922e+00   5.2059544e-02   4.3497307e+00
   5.7028573e-01   7.2603258e-01   6.1908367e-01   5.6969336e-01   6.6507142e-02   4.9597596e-02
   4.2494260e+00   2.4016858e+00   1.9654809e+01   1.1241674e+01   9.3972703e-01   2.5722999e+00
   1.1362733e+00   1.1494551e+00   1.3352620e+00   1.4039056e+00   3.4952606e-01   1.8527667e-01
   4.7557349e+00   1.9963298e+00   1.8467525e+01   1.6196588e+01   5.3061897e-01   3.4746857e+00
   2.0426694e+00   1.7503998e+00   7.0409210e+00   5.0389987e+00   6.1721731e-01   6.4169014e-01
   3.2208943e+00   4.8630822e+00   1.8594621e+01   2.6583304e+01   4.0140679e+00   1.4666582e+00
   8.0316480e-01   1.6961899e+00   1.2189080e+00   3.6937524e+00   6.6067070e-01   1.2699163e-01
   4.0784902e+00   2.3173943e+00   1.6691191e+01   1.2452648e+01   9.4478328e-01   2.6207860e+00
   1.7449237e+00   1.7070286e+00   3.9889269e+00   3.3504720e+00   6.1921697e-01   5.5177566e-01
   6.5088889e-01   4.0116514e+00   4.4317566e+00   1.1577029e+01   2.9435007e+00   5.1678301e-02
   4.1848018e+00   3.6967104e+00   2.3198839e+01   1.8584911e+01   2.5868008e+00   3.0205667e+00
   3.9858478e+00   3.9092905e+00   2.0305224e+01   1.9979658e+01   2.6468231e+00   2.3858086e+00
   1.0910627e+00   1.5558506e+00   2.8372218e+00   2.2859043e+00   5.4697465e-01   1.4309550e-01
   1.0498260e+00   2.4225417e+00   3.4542672e+00   4.5219505e+00   1.0697055e+00   2.2139328e-01
   2.0283438e+00   1.1962312e+00   3.4343964e+00   3.3904917e+00   2.8140857e-01   6.3725838e-01
   2.2526356e+00   5.8004093e-01   3.4994802e+00   2.4351950e+00   4.0141032e-02   8.3721190e-01
   1.7017791e+00   3.0207935e+00   5.0741729e+00   8.4871808e+00   1.5469725e+00   4.1887482e-01
   6.6127968e-01   2.2943054e+00   1.7930484e+00   4.8928590e+00   9.5186616e-01   5.5661214e-02
   2.2187367e+00   1.3057326e+00   4.2200879e+00   3.7323721e+00   2.0995075e-01   7.9204851e-01
   3.0200177e+00   4.0333352e+00   1.5763481e+01   1.9430870e+01   2.8734220e+00   1.4097028e+00
   1.8138830e+00   1.8933467e+00   3.3263961e+00   4.7192011e+00   5.8368182e-01   4.5691617e-01
   5.9723117e-01   2.8704739e+00   2.6397160e+00   5.8040962e+00   1.5483425e+00   2.9747149e-02
   1.7513297e+00   1.8952431e+00   4.6429320e+00   4.9888986e+00   6.2961458e-01   3.4991726e-01
   3.3128518e+00   4.4432021e+00   1.9281538e+01   2.1973903e+01   3.7059012e+00   1.6599421e+00
   1.5723200e+00   8.7828128e-01   1.5376884e+00   1.1994893e+00   1.0722210e-01   3.2844843e-01
   1.3306961e+00   2.6516169e+00   5.1933176e+00   7.2954404e+00   1.5187120e+00   3.9758780e-01
   3.9934898e+00   1.0280663e+00   1.1547774e+01   5.8442074e+00   2.0883537e-01   2.3610197e+00
   4.2894779e+00   3.6995791e+00   2.1262470e+01   2.2379229e+01   2.0550215e+00   2.8932499e+00
   3.4526016e+00   2.9613486e+00   1.6052544e+01   1.2972637e+01   1.5271127e+00   2.0293350e+00
   1.5013019e+00   4.7700850e+00   1.1117194e+01   1.5424037e+01   4.4514032e+00   3.8166898e-01
   3.1152260e+00   3.5411847e+00   1.5112109e+01   1.5435980e+01   2.5372415e+00   1.8871466e+00
   4.8121731e+00   1.7462362e+00   1.6751381e+01   1.2141990e+01   4.5570555e-01   3.4131367e+00
   1.9568012e+00   2.5961957e+00   6.3724361e+00   6.9107980e+00   1.2952415e+00   6.1378241e-01
   1.0867818e+00   3.4821654e+00   6.1246036e+00   9.2091158e+00   2.4113907e+00   1.7079194e-01
   3.8310186e+00   3.2969701e+00   1.6516430e+01   1.4837288e+01   2.0768401e+00   2.1448817e+00
   4.6784013e+00   9.3469916e-01   1.5766068e+01   6.7444290e+00   1.5915764e-01   3.6363948e+00
   2.1529699e+00   3.8348169e+00   1.2001588e+01   1.5559083e+01   3.0547550e+00   6.3565602e-01
   1.0463848e+00   4.3451283e+00   6.7001473e+00   1.3346295e+01   3.4086780e+00   1.5864503e-01
   1.2143042e+00   3.5469024e+00   6.2416472e+00   1.0171990e+01   2.0800773e+00   2.6590131e-01
   4.4036619e+00   3.6882376e+00   2.0259943e+01   2.4505122e+01   2.5180707e+00   2.9093074e+00
   2.6900892e+00   9.3513282e-01   5.4073384e+00   4.1275928e+00   3.8942130e-02   1.1436065e+00
   1.4019477e+00   2.2363911e+00   3.8133077e+00   4.8679314e+00   1.0310147e+00   2.5399889e-01
   1.6386859e+00   7.4402659e-01   3.1267324e+00   1.7014595e+00   7.0310271e-02   4.6585284e-01
   3.6642496e+00   4.0530177e+00   1.8466803e+01   1.9423968e+01   2.8494601e+00   2.0432200e+00
   3.9511863e+00   1.3357732e+00   1.3321950e+01   5.8400161e+00   4.0900465e-01   2.9089542e+00
   2.6845571e+00   2.0432924e+00   8.7317084e+00   7.6668435e+00   8.9226933e-01   1.3305811e+00
   4.6575100e+00   8.6144058e-01   1.1403942e+01   6.7767565e+00   9.0980220e-02   3.0796309e+00
   3.2979220e+00   4.1839431e+00   1.8613770e+01   1.9898639e+01   3.1918775e+00   1.6223601e+00
   1.5102780e+00   1.2237860e+00   2.8319792e+00   2.2394205e+00   3.1484236e-01   2.7609183e-01
   4.1953028e+00   4.0122171e+00   2.3690220e+01   2.4483612e+01   2.6129952e+00   2.9476588e+00
   1.2635898e+00   4.8654907e+00   1.0121000e+01   2.1464576e+01   4.5859427e+00   2.3577946e-01
   4.6439674e+00   2.1927546e+00   1.5567256e+01   1.3643169e+01   7.4588965e-01   3.4094925e+00
   3.9908837e+00   4.1167629e+00   2.1044405e+01   2.4109100e+01   3.0208334e+00   2.3463116e+00
   4.6404692e+00   1.1715505e+00   1.5952641e+01   6.6374892e+00   1.7990258e-01   3.7763974e+00
   1.5134108e+00   4.4642346e+00   9.7823850e+00   1.5729838e+01   3.6946460e+00   4.0540834e-01
   2.4676774e+00   2.7303137e+00   8.1412787e+00   1.2744055e+01   1.0673814e+00   8.9955519e-01
   3.4453682e+00   1.2009581e+00   1.0692044e+01   8.1440994e+00   3.8959813e-01   1.9560312e+00
   4.9925529e+00   3.5619678e+00   2.5386333e+01   2.2716433e+01   2.3407111e+00   3.8356991e+00
   7.3080252e-01   3.2707399e+00   3.8489657e+00   9.5398899e+00   2.2064929e+00   1.4513269e-01
   1.7921568e+00   3.2306687e+00   6.9500428e+00   1.0478980e+01   1.7138919e+00   3.8863972e-01
   1.2189336e+00   3.9698440e+00   5.8739337e+00   1.2309827e+01   2.6718414e+00   1.7536876e-01
   4.6421963e+00   1.7302840e+00   1.8171736e+01   1.2461332e+01   6.8481942e-01   3.3243055e+00
   9.9974075e-01   4.8881868e+00   5.9188078e+00   1.9319201e+01   3.8877033e+00   1.7644004e-01
   8.2636820e-01   2.5401483e+00   2.8724031e+00   5.0312975e+00   1.0701693e+00   1.5587078e-01
   3.4009879e+00   2.4335426e+00   1.2940111e+01   1.1224426e+01   1.1359033e+00   1.7636064e+00
   2.5936009e+00   2.7465178e+00   9.1152336e+00   9.2230022e+00   1.4723468e+00   1.1223658e+00
   2.3063139e+00   7.5978276e-01   4.7594110e+00   2.7731648e+00   1.4439215e-01   9.5963832e-01
   4.1463794e+00   2.4922969e+00   1.6308438e+01   1.5813157e+01   1.2439443e+00   2.9863684e+00
   7.7470736e-01   1.5634940e+00   2.2566398e+00   2.5622206e+00   4.9189050e-01   1.2251157e-01
   7.9993943e-01   1.3946806e+00   1.3716796e+00   1.5090408e+00   3.0334378e-01   8.1964742e-02
   4.7754370e+00   2.8034469e+00   2.1804625e+01   1.6900068e+01   1.0449141e+00   3.3794848e+00
   3.0975638e+00   3.3764479e+00   1.1840706e+01   1.7023989e+01   1.8776747e+00   1.6992201e+00
   4.9650430e+00   1.1161411e+00   1.6636969e+01   8.8457819e+00   1.1841887e-01   3.8082035e+00
   1.3484291e+00   1.6862503e+00   3.3298786e+00   3.1206581e+00   5.8977371e-01   1.6887214e-01
   4.7803468e+00   3.7326664e+00   2.5777253e+01   2.5528225e+01   2.6006665e+00   3.0175518e+00
   3.4050349e+00   2.7538163e+00   1.0267349e+01   1.0568550e+01   1.2692292e+00   1.6343199e+00
   2.3849608e+00   1.2264171e+00   6.5130532e+00   4.1963730e+00   2.6184433e-01   9.0328143e-01
   1.0295182e+00   2.1324307e+00   3.0755266e+00   2.8035539e+00   7.4309896e-01   1.9546835e-01
   1.7284307e+00   1.0431713e+00   2.3849286e+00   1.9625487e+00   1.4488186e-01   4.8907447e-01
   7.4759321e-01   3.7369014e+00   4.7521003e+00   1.1406538e+01   2.4527165e+00   9.1941296e-02
   6.0147409e-01   1.7265687e+00   7.4984706e-01   2.5190836e+00   3.1244824e-01   4.2983059e-02
   3.2449933e+00   3.5559585e+00   1.7478509e+01   1.6182840e+01   2.5302722e+00   1.8277556e+00
   4.7086888e+00   3.5456986e+00   2.6926169e+01   2.3160466e+01   2.4123814e+00   3.6551042e+00
   3.7381323e+00   1.6751639e+00   1.2160765e+01   7.0567335e+00   4.3035615e-01   1.8655095e+00
   7.1474026e-01   2.6729613e+00   2.5889521e+00   5.0078513e+00   1.2038064e+00   5.4759207e-02
   4.3777634e+00   2.6711811e+00   2.1253979e+01   1.7145392e+01   1.2013775e+00   2.8024625e+00
   7.2634200e-01   2.3296512e+00   2.2791037e+00   6.0922603e+00   9.8556336e-01   5.2994066e-02
   4.1585213e+00   4.4109841e+00   2.4608469e+01   3.0553385e+01   3.5712770e+00   3.0958877e+00
   1.8856113e+00   4.4368138e+00   9.9714666e+00   1.6329644e+01   3.6395964e+00   5.2952785e-01
   4.4459681e+00   2.1412199e+00   1.7250018e+01   1.1099378e+01   8.9936870e-01   2.9191956e+00
   2.8479813e+00   3.1314196e+00   1.1552717e+01   1.2158641e+01   1.6423313e+00   1.2726113e+00
   2.6532575e+00   4.1245326e+00   1.5004755e+01   1.9472783e+01   3.2394725e+00   1.3125905e+00
   2.5331551e+00   3.8625323e+00   1.4779878e+01   1.7263257e+01   3.2172610e+00   1.0013319e+00
   2.0280510e+00   1.4151034e+00   5.0092908e+00   3.4422807e+00   4.8926881e-01   6.4561098e-01
   2.2761622e+00   1.3289027e+00   4.4947231e+00   3.9593185e+00   2.4003088e-01   8.1111416e-01
   2.2533648e+00   1.6081933e+00   6.7637434e+00   4.9971424e+00   5.8020972e-01   8.3241975e-01
   3.1649745e+00   4.4290028e+00   1.7248953e+01   2.3147420e+01   3.8592754e+00   1.4587665e+00
   9.1989864e-01   2.4480239e+00   3.2845310e+00   6.0618738e+00   1.0502090e+00   5.2715337e-02
   2.2672484e+00   1.8322905e+00   6.4053399e+00   5.9542918e+00   7.5531730e-01   6.9382904e-01
   4.5303122e+00   2.4534511e+00   1.7318972e+01   1.2772667e+01   1.0123155e+00   3.1550832e+00
   2.7525832e+00   3.1438925e+00   1.0454113e+01   1.1232026e+01   2.0784091e+00   1.0909504e+00
   4.6094014e+00   3.7172684e+00   2.9925827e+01   2.2995958e+01   2.8227210e+00   3.6873884e+00
   1.2218183e+00   1.3013787e+00   1.7258022e+00   2.6599855e+00   3.7131408e-01   2.1100462e-01
   1.8196302e+00   4.5041624e+00   1.0325809e+01   1.9953526e+01   3.6558444e+00   3.8791659e-01
   4.2640831e+00   2.0950559e+00   1.4770774e+01   1.0869181e+01   7.3551284e-01   2.7404531e+00
   4.0388442e+00   4.5562697e+00   2.4554919e+01   2.4699039e+01   3.6075313e+00   2.6735572e+00
   4.6514856e+00   3.0800339e+00   2.3544670e+01   1.8518885e+01   1.9920693e+00   3.3916122e+00
   1.4532925e+00   2.5315486e+00   6.6866057e+00   7.3425449e+00   1.2517320e+00   2.7045372e-01
   2.1027784e+00   2.6543206e+00   5.9605735e+00   1.0031956e+01   1.2781748e+00   5.6433340e-01
   3.6149851e+00   3.8150780e+00   1.7576518e+01   2.3143841e+01   2.5966389e+00   2.2472236e+00
   4.6902840e+00   3.1375681e+00   2.1943996e+01   1.9322104e+01   1.7684346e+00   3.2200074e+00
   2.4470497e+00   3.7701381e+00   1.3073051e+01   1.5666591e+01   2.8414175e+00   8.3078357e-01
   3.2444185e+00   2.2654834e+00   1.1689981e+01   1.0123504e+01   8.3854848e-01   1.5091125e+00
   3.5949876e+00   4.4877061e+00   2.1124114e+01   2.4828154e+01   3.8825103e+00   1.9354062e+00
   4.0767412e+00   4.8212172e+00   2.6329026e+01   2.8970282e+01   4.3913908e+00   2.8919283e+00
   4.3995065e+00   3.1010717e+00   2.1365068e+01   2.2423164e+01   1.6557959e+00   3.3829842e+00
   2.5027019e+00   1.9613164e+00   5.4488101e+00   5.6626931e+00   6.1690084e-01   8.5862008e-01
   3.7372258e+00   6.9010281e-01   8.4816521e+00   2.7465726e+00   1.1238008e-01   2.3564840e+00
   3.9894763e+00   2.2845133e+00   1.7949032e+01   1.2243219e+01   1.0630216e+00   2.6777183e+00
   2.6086346e+00   3.7858077e+00   1.3687556e+01   1.4496887e+01   2.8171309e+00   1.1780578e+00
   3.2951809e+00   3.2313745e+00   1.4208210e+01   1.5480658e+01   2.1415208e+00   1.4968320e+00
   3.5929144e+00   3.7354531e+00   1.7614886e+01   1.8423357e+01   2.6044480e+00   2.0827247e+00
   1.2467163e+00   1.6294799e+00   2.1381338e+00   3.7099851e+00   4.0200178e-01   2.5936698e-01
   1.7151662e+00   7.4002113e-01   1.6980624e+00   2.0286999e+00   7.1962258e-02   4.7761895e-01
   2.7687949e+00   3.9157466e+00   1.5572423e+01   1.9504032e+01   3.1783743e+00   1.2300216e+00
   1.4270098e+00   4.0366919e+00   7.3750898e+00   1.2499181e+01   2.9082263e+00   2.6119102e-01
   2.5361519e+00   8.8085098e-01   3.9121054e+00   3.0102272e+00   6.3956146e-02   6.9712446e-01
   4.1190993e+00   3.9476823e+00   2.4668553e+01   2.0962101e+01   2.9458880e+00   2.3906539e+00
   3.5274516e+00   4.0093309e+00   1.9247070e+01   2.4778725e+01   2.6927323e+00   1.9331014e+00
   1.6905651e+00   4.0626487e+00   9.7333290e+00   1.3795912e+01   3.2521184e+00   4.2013755e-01
   5.7874786e-01   4.1651555e+00   5.3139259e+00   1.1192664e+01   3.3554086e+00   4.6316273e-02
   3.3100840e+00   3.1642660e+00   1.4776094e+01   1.3842148e+01   1.8889142e+00   1.7973350e+00
   3.5284681e+00   2.7478085e+00   1.4825629e+01   1.3813648e+01   1.2257200e+00   2.0402217e+00
   2.3041093e+00   3.1113618e+00   1.0223258e+01   1.1355493e+01   1.6762904e+00   7.1398953e-01
   4.4868616e+00   1.0609582e+00   1.4671862e+01   7.2081626e+00   1.5614040e-01   3.2380124e+00
   2.6705697e+00   4.0594130e+00   1.2512467e+01   1.6327993e+01   2.8593147e+00   1.2177739e+00
   2.6626242e+00   1.7039614e+00   7.2657954e+00   6.3642319e+00   3.8729437e-01   1.2254267e+00
   4.5907358e+00   4.0116289e+00   2.5071445e+01   2.5997091e+01   2.7935203e+00   3.2176983e+00
   1.9134651e+00   4.3997828e+00   1.2120868e+01   2.2479290e+01   3.7695339e+00   6.0805862e-01
   1.7527515e+00   4.1352916e+00   9.6573596e+00   1.5813931e+01   3.1266380e+00   4.4218879e-01
   4.3753089e+00   2.0358173e+00   1.4685360e+01   1.2953200e+01   8.6475640e-01   2.8088392e+00
   4.3106899e+00   1.4751994e+00   1.3669323e+01   9.0329138e+00   3.7998632e-01   2.9577216e+00
   4.2010474e+00   9.7838669e-01   1.3004316e+01   7.9956609e+00   3.2992873e-01   3.2778006e+00
   3.1454141e+00   4.1154544e+00   1.5774356e+01   2.2494138e+01   3.0186577e+00   1.5943130e+00
   4.9290631e+00   2.8049498e+00   2.4473384e+01   1.7926845e+01   1.3076632e+00   3.9575844e+00
   1.6276608e+00   2.5130612e+00   5.4828234e+00   7.2696392e+00   1.0861312e+00   4.7638134e-01
   3.8733430e+00   3.1313218e+00   1.9831169e+01   1.7904795e+01   1.9124235e+00   2.3860471e+00
   1.8879241e+00   1.9062508e+00   8.0177073e+00   5.5158635e+00   6.9922355e-01   5.6156622e-01
   5.9520371e-01   1.4184672e+00   9.3998686e-01   1.9938375e+00   2.6711205e-01   1.0828516e-02
   1.7344298e+00   3.3698474e+00   8.0394217e+00   1.0732894e+01   2.1268317e+00   4.3201181e-01
   4.9615082e+00   2.6846964e+00   2.5200000e+01   1.5536664e+01   1.3349508e+00   3.7886685e+00
   2.2046010e+00   9.6196148e-01   3.7702222e+00   2.6484390e+00   1.4627176e-01   5.7916713e-01
   4.9642542e+00   7.8517664e-01   1.4464973e+01   7.5300569e+00   6.9657402e-02   3.7645725e+00
   1.6780667e+00   3.7494426e+00   8.8581010e+00   1.2775318e+01   2.4288171e+00   5.5511084e-01
   3.4263138e+00   1.5906560e+00   1.0026962e+01   5.9092553e+00   3.1335195e-01   1.7347460e+00
   3.7263941e+00   3.6586414e+00   2.0870636e+01   1.9785433e+01   2.4365102e+00   1.9937156e+00
   3.7275771e+00   2.9614323e+00   1.4355353e+01   1.3846918e+01   1.6175937e+00   1.9282400e+00
   3.8138434e+00   3.9616419e+00   2.3591126e+01   2.3686166e+01   3.2708080e+00   2.3374071e+00
   9.9616657e-01   3.7810220e+00   5.2084964e+00   1.1072286e+01   2.5908337e+00   2.5020126e-01
   1.1087501e+00   3.0235129e+00   5.0823536e+00   9.9058854e+00   1.7745045e+00   2.3681750e-01
   3.1352606e+00   1.7093711e+00   8.9316460e+00   6.8008280e+00   5.0330218e-01   1.7627596e+00
   2.8148631e+00   2.0585108e+00   8.7415833e+00   6.5333798e+00   7.3798364e-01   1.1933477e+00
   3.3581374e+00   3.9382316e+00   1.7032729e+01   2.0450488e+01   2.7967446e+00   1.8195335e+00
   4.6116137e+00   3.0218159e+00   1.9912430e+01   1.5364960e+01   1.6957991e+00   3.1704951e+00
   2.1123330e+00   1.0176356e+00   3.7979403e+00   2.3545373e+00   1.9128931e-01   6.2398983e-01
   2.4264149e+00   3.1761905e+00   1.1366204e+01   1.0537783e+01   1.8283048e+00   7.4460612e-01
   4.0841912e+00   2.3743108e+00   1.5783203e+01   1.1543863e+01   1.0164332e+00   2.6069027e+00
   1.8347705e+00   2.4278911e+00   6.1704034e+00   7.5532391e+00   1.3063611e+00   3.8741713e-01
   3.1862218e+00   1.0614139e+00   7.4399369e+00   4.6963736e+00   1.1226027e-01   1.4233959e+00
   4.2524433e+00   2.0322455e+00   1.6040083e+01   1.1758019e+01   7.0241608e-01   2.6595749e+00
   8.9283632e-01   2.1350575e+00   2.5560037e+00   4.4897107e+00   7.0742208e-01   1.6731241e-01
   3.1432743e+00   3.2174212e+00   1.3333320e+01   1.4270062e+01   2.1471241e+00   1.6925978e+00
   4.0625964e+00   3.5326901e+00   1.8938399e+01   1.9924849e+01   2.0180364e+00   2.8073942e+00
   7.4108310e-01   1.4679293e+00   2.1597941e+00   3.2184082e+00   4.5671696e-01   1.0842342e-01
   1.8664385e+00   1.1781653e+00   3.0680791e+00   1.8452502e+00   1.9098200e-01   5.4705606e-01
   7.4715987e-01   1.0542856e+00   1.0033094e+00   1.4546522e+00   1.8867657e-01   9.3119378e-02
   1.7071763e+00   1.6584560e+00   3.8793498e+00   4.8507798e+00   4.1954133e-01   2.7957480e-01
   1.8642689e+00   6.5665633e-01   2.4048507e+00   1.9446158e+00   1.3658670e-01   4.8776215e-01
   2.6537805e+00   4.3258181e+00   1.5917620e+01   2.0934858e+01   3.5754476e+00   9.8858552e-01
   3.7892407e+00   3.7738502e+00   2.0183820e+01   2.1583793e+01   2.6854742e+00   2.5498856e+00
   2.2963548e+00   2.3581825e+00   8.0651212e+00   7.8825550e+00   1.1351630e+00   8.1506786e-01
   2.8400266e+00   1.1572657e+00   4.8568641e+00   4.1374426e+00   2.5494029e-01   1.3226677e+00
   1.0610380e+00   2.9645761e+00   4.2789716e+00   7.3240112e+00   1.4679425e+00   2.1162509e-01
   3.4704801e+00   4.1334272e+00   1.7064870e+01   1.9624800e+01   3.1929888e+00   1.9186690e+00
   2.4111690e+00   2.1348915e+00   6.7671300e+00   6.9290081e+00   8.1167518e-01   9.7248121e-01
   4.3592015e+00   2.6298314e+00   1.9436685e+01   1.2839508e+01   1.0212552e+00   3.0520157e+00
   4.8137742e+00   2.5193912e+00   2.0959053e+01   1.5501108e+01   1.1516650e+00   3.8340727e+00
   1.6001561e+00   3.7052631e+00   5.8728304e+00   1.2909378e+01   2.7435999e+00   4.4339704e-01
   3.9069020e+00   4.1366669e+00   2.4029562e+01   2.5550617e+01   2.7687772e+00   2.2674454e+00
   4.8685624e+00   1.4961866e+00   1.7570144e+01   8.8095140e+00   3.5209374e-01   3.2565855e+00
   3.5934762e+00   1.8448776e+00   1.0936410e+01   9.1319052e+00   6.7782780e-01   1.8746358e+00
   3.1918530e+00   4.9113898e+00   1.9713445e+01   2.9752575e+01   4.6953716e+00   1.8327716e+00
   2.6293627e+00   3.6687244e+00   1.2812198e+01   1.3824473e+01   2.7228380e+00   1.0363825e+00
   1.0631831e+00   2.3028813e+00   2.5231127e+00   4.7149100e+00   9.0871198e-01   1.5026913e-01
   2.6302537e+00   2.1962043e+00   1.0027849e+01   6.4145564e+00   7.4919991e-01   1.0426274e+00
   3.5812929e+00   1.9939818e+00   9.3818818e+00   8.2445063e+00   6.7276559e-01   1.8369957e+00
   2.3848080e+00   3.7998510e+00   1.2867706e+01   1.6648813e+01   2.7660233e+00   9.7418746e-01
   2.0787061e+00   2.9410749e+00   5.9895582e+00   1.1073264e+01   1.3852943e+00   7.1610319e-01
   1.4189464e+00   2.9877597e+00   8.3179245e+00   9.7334026e+00   1.5664697e+00   2.7855029e-01
   1.3790805e+00   1.1201110e+00   2.2173801e+00   3.2227509e+00   2.2467166e-01   4.8021598e-01
   1.4356638e+00   3.5797000e+00   4.4654999e+00   1.0513345e+01   2.0934557e+00   2.1255709e-01
   1.0344440e+00   1.7954292e+00   1.7489741e+00   3.2069999e+00   5.7365441e-01   2.2208102e-01
   3.3297722e+00   4.6401650e+00   2.1941350e+01   2.4861406e+01   4.2110676e+00   1.8364917e+00
   4.8337039e+00   1.0567285e+00   1.6351982e+01   8.3519005e+00   1.8407103e-01   3.7366984e+00
   4.8828832e+00   3.9059300e+00   2.6841909e+01   2.7218332e+01   2.5422593e+00   3.9353856e+00
   4.4799936e+00   2.4965043e+00   1.8937925e+01   1.6137364e+01   1.2093968e+00   3.3805898e+00
   3.8339728e+00   4.4967465e+00   2.2061082e+01   2.7986171e+01   3.3005298e+00   2.1542362e+00
   3.9154037e+00   4.3218504e+00   2.2890792e+01   2.3767185e+01   3.2829117e+00   2.3510399e+00
   4.2838095e+00   3.4230585e+00   1.9848189e+01   1.7713227e+01   2.0321183e+00   2.9119139e+00
   1.6995623e+00   4.8794041e+00   1.0661818e+01   2.1210150e+01   3.9665420e+00   3.3717102e-01
   1.9544660e+00   4.3878596e+00   8.7040295e+00   1.9857358e+01   3.1756097e+00   5.4820849e-01
   4.8377592e+00   2.6298716e+00   2.3663658e+01   1.5264711e+01   1.5082620e+00   3.4827254e+00
   1.9880557e+00   4.5802049e+00   1.2872250e+01   1.8366049e+01   4.1948594e+00   5.2901427e-01
   4.2982926e+00   1.9636949e+00   1.7107050e+01   1.1343479e+01   8.4641146e-01   2.8808348e+00
   4.3027116e+00   3.3657964e+00   1.9338366e+01   1.8360299e+01   2.0172900e+00   2.9876987e+00
   2.4987490e+00   4.7106787e+00   1.4961030e+01   2.2526423e+01   3.8803266e+00   9.9015874e-01
   4.6888384e+00   2.3182984e+00   2.1763135e+01   1.4136837e+01   1.1563781e+00   3.5230169e+00
   1.2204437e+00   4.4858129e+00   9.8514317e+00   1.6185105e+01   3.9681476e+00   3.1187369e-01
   5.4354322e-01   3.2766357e+00   3.3936009e+00   8.5884122e+00   1.6854215e+00   5.4512291e-02
   4.2667081e+00   9.0611150e-01   1.2129247e+01   6.8918359e+00   1.2324281e-01   3.0958669e+00
   2.0456645e+00   3.7382910e+00   8.4800425e+00   1.5025759e+01   2.5666863e+00   6.6954625e-01
   1.0665294e+00   1.0699731e+00   1.6710597e+00   2.2913700e+00   2.2731066e-01   2.0696199e-01
   3.0161934e+00   4.3393925e+00   1.4786473e+01   2.1113496e+01   3.7959942e+00   1.3051950e+00
   1.4581111e+00   7.2898359e-01   2.2503205e+00   1.1624982e+00   4.8344062e-02   2.7501469e-01
   3.4412420e+00   2.1282742e+00   1.2692370e+01   9.0019058e+00   9.5540662e-01   1.7180886e+00
   2.3695147e+00   4.4297610e+00   1.3949890e+01   2.1384455e+01   3.6395283e+00   1.1038097e+00
   2.3775624e+00   2.8186597e+00   8.7267881e+00   9.3403711e+00   1.5089752e+00   8.2001480e-01
   3.7012983e+00   3.1416490e+00   1.6603828e+01   1.7762990e+01   1.5138914e+00   2.3029593e+00
   4.6363919e+00   3.6534545e+00   2.8744934e+01   2.1825666e+01   2.7717766e+00   3.1773205e+00
   3.3892141e+00   4.3834149e+00   1.6227187e+01   2.2900989e+01   3.5649335e+00   1.5284893e+00
   1.9862576e+00   1.4440460e+00   6.1097798e+00   3.9016584e+00   3.7605778e-01   5.7950659e-01
   3.7368012e+00   2.2337041e+00   1.3628040e+01   1.2130852e+01   9.7420302e-01   2.6348400e+00
   1.4742351e+00   4.1031105e+00   7.6008330e+00   1.6004115e+01   2.8071766e+00   5.0604573e-01
   1.9310391e+00   2.7330374e+00   5.4606840e+00   8.0336719e+00   1.3121371e+00   5.0308009e-01
   1.2404652e+00   9.4634840e-01   2.2183101e+00   1.4410767e+00   2.5630007e-01   1.9309559e-01
   1.3658240e+00   2.2795063e+00   3.4000203e+00   7.3221247e+00   1.0327016e+00   3.1516045e-01
   4.3521773e+00   4.5398179e+00   2.4199666e+01   2.8028136e+01   3.6823895e+00   3.0101298e+00
   1.2824288e+00   1.1861293e+00   2.1975134e+00   2.0239433e+00   2.4030416e-01   3.2145187e-01
   1.4626745e+00   3.9360297e+00   6.8994497e+00   1.2964572e+01   3.0214051e+00   3.2427630e-01
   3.8888477e+00   4.9004679e+00   2.3351462e+01   2.4489113e+01   4.0322466e+00   2.1866878e+00
   4.3264906e+00   1.2036884e+00   1.2736275e+01   7.3560504e+00   2.7410435e-01   2.7481852e+00
   1.9511480e+00   4.5739944e+00   1.1289962e+01   1.8957005e+01   3.3440719e+00   3.7969023e-01
   2.4823002e+00   2.0957961e+00   6.5716395e+00   7.1613015e+00   8.5615255e-01   1.2012215e+00
   4.0843298e+00   3.6109745e+00   2.0556188e+01   2.0498873e+01   2.4690035e+00   2.8490920e+00
   4.7002691e+00   8.2659791e-01   1.6091361e+01   5.5679447e+00   1.8857544e-01   3.6756111e+00
   2.4775855e+00   2.1079032e+00   8.5374253e+00   6.2154442e+00   8.8823965e-01   8.3812914e-01
   1.2176483e+00   4.3636727e+00   6.5789975e+00   1.4301051e+01   3.1332488e+00   1.9183077e-01
   4.0975560e+00   2.5235698e+00   1.6046680e+01   1.2160382e+01   1.4297556e+00   2.5616958e+00
   1.5352819e+00   9.7225962e-01   1.8521278e+00   2.0690584e+00   1.5781208e-01   2.8223241e-01
   6.3488326e-01   2.8228178e+00   2.4776618e+00   7.0387186e+00   1.3752551e+00   9.4624096e-02
   3.8282030e+00   2.3958105e+00   1.6238066e+01   9.6722108e+00   9.1433228e-01   2.0205313e+00
   1.9728227e+00   4.0179600e+00   1.0146964e+01   1.4656215e+01   3.2552920e+00   5.8389098e-01
   9.1426887e-01   4.6188744e+00   9.0592216e+00   1.7751578e+01   4.2623222e+00   1.0594903e-01
   1.5449407e+00   3.5484442e+00   7.2306086e+00   1.1335276e+01   2.4449752e+00   3.6159089e-01
   7.6002516e-01   3.1624753e+00   3.1855997e+00   8.0627140e+00   1.6665950e+00   1.1428205e-01
   4.0974695e+00   2.7579196e+00   1.8293742e+01   1.5573414e+01   1.3520484e+00   2.4688437e+00
   2.5160262e+00   4.3762997e+00   1.7407751e+01   2.3045013e+01   3.5737060e+00   1.1864694e+00
   7.9978678e-01   2.1541374e+00   3.2558664e+00   4.6764252e+00   8.6560477e-01   1.0787819e-01
   4.8887896e+00   3.1471365e+00   2.6646018e+01   2.0909584e+01   2.1165701e+00   4.1341385e+00
   1.8726801e+00   7.6578083e-01   3.8291147e+00   2.3264207e+00   8.0529576e-02   5.6986892e-01
   1.4379536e+00   3.8206132e+00   6.6102334e+00   1.3675692e+01   2.4738656e+00   3.9820987e-01
   3.2702796e+00   2.2792282e+00   1.1466506e+01   9.4231460e+00   7.6413480e-01   1.4766502e+00
   4.0718206e+00   1.4754236e+00   1.3906999e+01   7.6327259e+00   5.4096924e-01   2.6602930e+00
   3.5248699e+00   1.2316524e+00   1.2046246e+01   6.4652229e+00   2.3583331e-01   2.1528166e+00
   1.4684147e+00   3.1828542e+00   6.4455561e+00   9.7268015e+00   2.0330892e+00   3.1455865e-01
   3.5511391e+00   1.1193628e+00   1.0817129e+01   4.8148064e+00   2.4771108e-01   2.0207922e+00
   9.6885661e-01   5.4434804e-01   5.4546338e-01   8.9834923e-01   5.4400605e-02   1.1334066e-01
   3.6240639e+00   4.2126715e+00   2.1282281e+01   2.3201203e+01   3.7815277e+00   1.8804997e+00
   4.1488132e+00   1.3412503e+00   1.3766378e+01   6.9248331e+00   2.1752902e-01   2.6825594e+00
   4.8457986e+00   8.5729009e-01   1.8130047e+01   7.1427623e+00   1.5744085e-01   3.5955857e+00
   4.2311810e+00   9.0934723e-01   1.4294223e+01   4.9078196e+00   1.6115890e-01   2.8836417e+00
   4.4651049e+00   3.8953012e+00   2.7838192e+01   2.2672295e+01   2.7094342e+00   3.1033186e+00
   3.0667986e+00   4.6614644e+00   1.6200280e+01   2.2315975e+01   3.7809945e+00   1.1750134e+00
   4.6367680e+00   9.8846110e-01   1.5202857e+01   7.0139840e+00   2.4786407e-01   3.3731732e+00
   9.3828437e-01   3.3293369e+00   3.7831627e+00   8.5822572e+00   2.0024300e+00   1.1602432e-01
   9.1418891e-01   4.2189849e+00   6.6116889e+00   1.2183144e+01   3.6589258e+00   9.2371770e-02
   3.6597038e+00   8.9864011e-01   8.2187386e+00   4.2874631e+00   1.5546250e-01   2.0350077e+00
   1.0747289e+00   5.8817417e-01   7.3686789e-01   7.3430391e-01   5.0023271e-03   1.3496454e-01
   3.3512616e+00   4.5470612e+00   1.8539313e+01   2.6464689e+01   4.0848961e+00   1.8985779e+00
   4.9016966e+00   2.6730324e+00   2.2480191e+01   1.4968107e+01   1.4650541e+00   3.6695010e+00
   1.9267814e+00   4.1643319e+00   1.0613837e+01   1.4960283e+01   2.9977786e+00   4.4028310e-01
   3.0664060e+00   4.6734452e+00   1.7742192e+01   2.4061938e+01   3.8129231e+00   1.5567831e+00
   1.8629326e+00   1.1223453e+00   2.7535443e+00   2.6047407e+00   2.6235411e-01   5.1706523e-01
   2.0154668e+00   1.1412017e+00   3.0623650e+00   2.4099361e+00   2.0156646e-01   5.5987537e-01
   3.3373952e+00   4.4317410e+00   1.8096955e+01   2.5669497e+01   3.5756068e+00   1.6385544e+00
   4.3926138e+00   1.8936959e+00   1.7076378e+01   1.2452496e+01   6.4030525e-01   3.1963233e+00
   1.4997137e+00   1.2699157e+00   3.0596522e+00   1.7716238e+00   3.3848432e-01   3.6532442e-01
   2.2123867e+00   4.2849774e+00   1.1022975e+01   1.9932327e+01   3.1985842e+00   8.8972444e-01
   1.4733335e+00   2.6018606e+00   6.4596380e+00   7.4422852e+00   1.3385627e+00   4.0186388e-01
   2.4903360e+00   2.9092678e+00   9.2475840e+00   1.1337215e+01   1.5609162e+00   8.7659380e-01
   2.7234236e+00   4.9381228e+00   1.7244091e+01   2.4240483e+01   4.4605201e+00   1.1017668e+00
   3.9364424e+00   1.0017154e+00   1.2563142e+01   4.4257329e+00   2.0812610e-01   2.3871167e+00
   1.1904824e+00   3.3669389e+00   5.5933274e+00   1.0415441e+01   2.2284566e+00   1.7588738e-01
   4.4973326e+00   1.0901907e+00   1.3950643e+01   8.8695666e+00   1.3424474e-01   3.5103491e+00
   4.8289609e+00   4.5614535e+00   3.1686873e+01   2.9549163e+01   3.6294913e+00   3.9184461e+00
   4.7621740e+00   4.6367788e+00   3.2221617e+01   3.0004434e+01   4.1004703e+00   3.6568225e+00
   2.2772016e+00   2.9985374e+00   6.4259052e+00   1.1581719e+01   1.4260171e+00   8.7435938e-01
   4.0131761e+00   1.9706002e+00   1.4078502e+01   1.0557164e+01   7.8940730e-01   2.6046468e+00
   4.2747989e+00   4.6088101e+00   2.6329096e+01   3.2169356e+01   4.0864914e+00   2.6520444e+00
   3.9310457e+00   2.4528632e+00   1.4704567e+01   1.2805491e+01   1.2097934e+00   2.6287158e+00
   2.2514564e+00   4.0250189e+00   1.2424137e+01   1.8170629e+01   3.0401752e+00   8.6376817e-01
   2.0522715e+00   1.5441113e+00   4.1063278e+00   3.9403128e+00   3.6272606e-01   5.8842101e-01
   4.8977807e+00   1.6130179e+00   1.9729084e+01   9.6492433e+00   4.9072783e-01   4.1536528e+00
   4.1162882e+00   7.7524865e-01   1.1400548e+01   4.7833739e+00   7.1407167e-02   2.5998053e+00
   8.1692035e-01   2.9058193e+00   4.6245975e+00   7.6064016e+00   1.5102196e+00   1.2099179e-01
   3.4923875e+00   2.6922008e+00   1.5930138e+01   1.3101750e+01   1.1175819e+00   1.7401298e+00
   4.0754783e+00   4.0999103e+00   2.1110311e+01   2.4016472e+01   2.9189471e+00   2.6427637e+00
   3.8526549e+00   3.5473352e+00   2.1370606e+01   1.7466862e+01   2.4865877e+00   2.3927163e+00
   2.7525813e+00   3.6393063e+00   1.1636187e+01   1.7680982e+01   2.4077200e+00   1.4386792e+00
   3.9202039e+00   2.1012558e+00   1.2764998e+01   1.1336178e+01   8.8304620e-01   2.5198972e+00
   3.0437214e+00   3.0000772e+00   1.1216990e+01   1.3906629e+01   1.5168914e+00   1.3390380e+00
   3.9826996e+00   2.8895609e+00   1.5680913e+01   1.6217821e+01   1.4683376e+00   2.7938438e+00
   3.3149764e+00   2.2289283e+00   1.3601764e+01   9.2810194e+00   7.9154894e-01   1.8451080e+00
   4.1193339e+00   3.8806290e+00   2.2954171e+01   1.9278083e+01   3.1166073e+00   2.5779477e+00
   2.9548903e+00   3.5592482e+00   1.3304716e+01   1.4936192e+01   2.2049310e+00   1.3944887e+00
   1.6214141e+00   3.1599294e+00   6.9042916e+00   8.1341232e+00   1.9054624e+00   2.6881172e-01
   4.5281278e+00   8.2275323e-01   1.2508586e+01   5.8865810e+00   1.3991373e-01   3.3679878e+00
   4.3478889e+00   1.1760121e+00   1.3403113e+01   6.7377584e+00   2.3880469e-01   2.8222249e+00
   3.1496410e+00   1.9462320e+00   1.1041430e+01   7.6195989e+00   7.5701145e-01   1.4468892e+00
   7.3674954e-01   4.4291866e+00   5.9107755e+00   1.5031141e+01   3.7767269e+00   8.3511143e-02
   2.7335451e+00   4.0543511e+00   1.2478117e+01   1.9262629e+01   3.0030406e+00   1.1412706e+00
   3.8979070e+00   3.5303681e+00   1.7095390e+01   1.9726305e+01   2.4224829e+00   2.5201270e+00
   4.5384725e+00   2.3009081e+00   1.9098458e+01   1.3760112e+01   8.6737277e-01   3.5230980e+00
   8.8146089e-01   4.7918888e+00   6.8456083e+00   1.6207202e+01   4.4941156e+00   1.2415073e-01
   2.7839274e+00   4.3358343e+00   1.4726331e+01   1.9914361e+01   3.3217763e+00   1.1489066e+00
   5.7619293e-01   2.2505858e+00   2.3202394e+00   3.2646304e+00   1.0167059e+00   2.8018117e-02
   1.3934013e+00   3.5621796e+00   6.8522995e+00   1.2883853e+01   2.2859208e+00   3.3637496e-01
   2.1841262e+00   2.6027513e+00   6.4893130e+00   7.9042796e+00   1.2649506e+00   7.5504508e-01
   3.7693570e+00   1.1787804e+00   1.0512012e+01   5.3869716e+00   1.4397855e-01   2.2383428e+00
   3.3793774e+00   1.5818288e+00   8.2360831e+00   7.1374758e+00   3.6609016e-01   1.9055686e+00
   4.9139105e+00   1.4819623e+00   1.7622195e+01   9.4645914e+00   3.4004347e-01   4.3231104e+00
   2.2480777e+00   3.1190585e+00   9.1869256e+00   1.2076299e+01   1.6211447e+00   9.6474539e-01
   1.0539297e+00   1.9543888e+00   2.5602187e+00   4.2375213e+00   5.9615286e-01   1.3699590e-01
   4.4195325e+00   6.1925983e-01   1.2648295e+01   6.5517928e+00   7.5232759e-02   3.1987970e+00
   4.0649278e+00   3.2138872e+00   1.8169296e+01   1.7145435e+01   2.2010402e+00   2.7112993e+00
   4.3404790e+00   2.9584919e+00   2.0358396e+01   1.7626933e+01   1.5168902e+00   3.2988902e+00
   4.2232136e+00   3.2252496e+00   1.9815073e+01   1.6228707e+01   1.8707457e+00   2.9128093e+00
   4.9271914e+00   2.6912315e+00   2.0832707e+01   1.8868239e+01   1.1979865e+00   3.7657966e+00
   1.9595458e+00   4.9855622e+00   1.1291782e+01   2.4177140e+01   4.5651041e+00   5.8830734e-01
   1.6091912e+00   1.8953873e+00   3.6988625e+00   4.7449763e+00   6.4727072e-01   4.4557055e-01
   1.3521179e+00   1.7217742e+00   2.6692349e+00   4.5584448e+00   5.5055445e-01   2.8471040e-01
   5.9644794e-01   1.4231867e+00   1.8851230e+00   1.5713440e+00   4.4700442e-01   6.4232467e-02
   1.6975521e+00   4.3726192e+00   9.5616839e+00   1.7979660e+01   3.9427134e+00   4.7059001e-01
   1.6968437e+00   1.0777330e+00   3.4372627e+00   1.6701129e+00   3.2304810e-01   4.7740180e-01
   4.6231818e+00   4.1791760e+00   2.6052610e+01   2.4898183e+01   3.2118661e+00   3.5984112e+00
   2.6782409e+00   4.3681006e+00   1.3764009e+01   1.9374007e+01   3.3080225e+00   1.3369339e+00
   4.9935671e+00   2.7382734e+00   2.0123469e+01   1.7854921e+01   1.2910665e+00   3.8236918e+00
   6.2447210e-01   4.4258358e+00   6.0597035e+00   1.3886071e+01   3.4500379e+00   6.5504720e-02
   4.4991138e+00   3.6976050e+00   2.5638313e+01   2.0975190e+01   2.3625809e+00   3.1997105e+00
   2.6190311e+00   3.3334439e+00   8.5735176e+00   1.5823390e+01   1.9145749e+00   1.2748611e+00
   1.1989679e+00   3.3417515e+00   5.6476504e+00   9.5456415e+00   2.0932822e+00   1.8322080e-01
   3.4286402e+00   4.6474829e+00   1.7957544e+01   2.4727512e+01   3.9929343e+00   1.8406210e+00
   2.0794838e+00   4.9255786e+00   1.1885398e+01   2.0762740e+01   3.9510568e+00   6.1864950e-01
   9.5509514e-01   3.5128666e+00   4.8082010e+00   9.7697601e+00   2.4688329e+00   1.2892181e-01
   2.1021852e+00   1.1628871e+00   3.7014986e+00   3.3695400e+00   2.9322888e-01   6.8685523e-01
   3.4833113e+00   6.5034612e-01   7.0363938e+00   4.2212833e+00   6.9542884e-02   1.8159126e+00
   1.1694332e+00   1.4638780e+00   1.6486345e+00   2.0343263e+00   3.6693729e-01   2.8300817e-01
   3.7858193e+00   2.0062147e+00   1.3711078e+01   1.4196890e+01   9.4935580e-01   2.5151956e+00
   2.7341704e+00   3.0126483e+00   1.0301561e+01   1.2213462e+01   1.4025074e+00   1.3688354e+00
   2.6138002e+00   2.2911458e+00   7.9291032e+00   1.0310156e+01   9.2629586e-01   9.8289941e-01
   3.0712758e+00   7.1897682e-01   8.2752567e+00   3.9167999e+00   1.3332952e-01   1.5133795e+00
   3.3859499e+00   2.7533114e+00   1.3545310e+01   1.0194048e+01   1.4225770e+00   1.6259564e+00
   1.6992407e+00   2.5005108e+00   6.5969974e+00   7.4145829e+00   1.2402400e+00   4.8633160e-01
   2.7291424e+00   1.8860333e+00   8.0450523e+00   6.7223923e+00   6.0468757e-01   1.1351637e+00
   4.3757912e+00   4.3684965e+00   2.3162007e+01   2.8626413e+01   3.6237458e+00   2.9874161e+00
   3.6188898e+00   2.9285828e+00   1.6188089e+01   1.5456703e+01   1.6441080e+00   2.4864623e+00
   2.8252285e+00   2.0944778e+00   9.3194212e+00   8.8328477e+00   8.0387022e-01   1.5458007e+00
   3.9165573e+00   8.8606373e-01   1.0939844e+01   5.7337141e+00   8.1386438e-02   2.3498763e+00
   9.4275316e-01   2.3298380e+00   4.1201196e+00   4.6966006e+00   9.0206560e-01   1.6591371e-01
   2.5964366e+00   2.5895759e+00   1.0205024e+01   9.5952116e+00   1.1979922e+00   9.7424284e-01
   3.8428732e+00   1.5006457e+00   1.3573745e+01   5.9008154e+00   3.1040354e-01   2.6685635e+00
   4.5439717e+00   8.1286909e-01   1.5523971e+01   6.0404049e+00   1.6020080e-01   3.5839121e+00
   9.5421483e-01   3.7535271e+00   4.5751670e+00   1.0413023e+01   2.5934462e+00   1.8404898e-01
   1.8628218e+00   1.4602252e+00   4.1295414e+00   3.3944149e+00   4.3864218e-01   4.6023739e-01
   1.0644068e+00   1.8365672e+00   1.9215423e+00   2.6082324e+00   4.6473586e-01   1.7611704e-01
   2.7486197e+00   3.0920157e+00   9.4564885e+00   1.1053175e+01   1.3983090e+00   1.0447109e+00
   3.9272872e+00   3.9266220e+00   1.9484579e+01   2.1677875e+01   2.9718131e+00   2.3429159e+00
   3.4995233e+00   4.1956727e+00   2.0513910e+01   2.3660750e+01   3.0894288e+00   2.0123744e+00
   3.2961175e+00   2.6869987e+00   1.5184412e+01   1.2847466e+01   1.3803748e+00   1.4421752e+00
   1.3530518e+00   2.6146316e+00   3.4041203e+00   6.7384406e+00   1.0222790e+00   2.8572574e-01
   2.4065636e+00   2.7522903e+00   7.8940041e+00   1.0279915e+01   1.4303813e+00   8.7651505e-01
   4.7961273e+00   3.9106950e+00   2.6563019e+01   2.6262978e+01   2.6239079e+00   3.7171651e+00
   1.1078102e+00   1.8202688e+00   2.0153949e+00   3.1806703e+00   5.7798957e-01   1.8387662e-01
   3.0182627e+00   4.1633660e+00   1.3992371e+01   1.8045179e+01   3.0473264e+00   1.6850393e+00
   7.1447367e-01   3.6630439e+00   5.0888518e+00   9.7249186e+00   2.4832512e+00   4.7102750e-02
   1.3799367e+00   5.2334390e-01   1.2739057e+00   7.9700495e-01   7.0068084e-02   3.0811684e-01
   2.7886730e+00   1.2096445e+00   9.4870772e+00   5.2117163e+00   2.8233476e-01   1.2225790e+00
   2.4078963e+00   3.4656532e+00   8.3263848e+00   1.1070275e+01   1.7707409e+00   1.0276550e+00
   4.6810091e+00   4.3617051e+00   2.6352254e+01   2.4874242e+01   3.2092832e+00   3.3609083e+00
   3.2330671e+00   2.2707348e+00   1.2585373e+01   1.1462496e+01   1.0204822e+00   1.7494806e+00
   2.2127803e+00   3.6140266e+00   1.0064169e+01   1.4677594e+01   2.5687951e+00   8.5741045e-01
   7.6441026e-01   4.9148531e+00   6.7731743e+00   1.8048991e+01   4.0646066e+00   1.4681562e-01
   2.9444597e+00   4.6335175e+00   1.6743522e+01   2.1748412e+01   4.0231957e+00   1.2284346e+00
   2.8686442e+00   2.8193380e+00   1.0396953e+01   1.0633240e+01   1.3776280e+00   1.2813887e+00
   4.5344693e+00   3.3515825e+00   2.4717893e+01   2.2116416e+01   2.0478109e+00   3.5424846e+00
   3.8074937e+00   2.2107621e+00   1.4957381e+01   1.0749548e+01   8.7797263e-01   2.3255473e+00
   3.1874042e+00   9.0849552e-01   8.2933901e+00   4.6181072e+00   2.1471742e-01   1.5031456e+00
   4.3500461e+00   1.5418842e+00   1.6181542e+01   8.6308876e+00   5.2971479e-01   2.9012910e+00
   9.5592353e-01   8.7843613e-01   2.0217309e+00   1.3892405e+00   1.3915675e-01   1.8263830e-01
   3.0029213e+00   4.9452716e+00   1.8114987e+01   2.3869673e+01   4.5259031e+00   1.5242111e+00
   1.8619447e+00   2.5784871e+00   6.7045645e+00   7.1330262e+00   1.2070021e+00   4.6257838e-01
   4.7160722e+00   3.9466042e+00   2.8038396e+01   2.7863384e+01   2.8183809e+00   3.3313540e+00
   2.3884358e+00   3.8628084e+00   1.2964957e+01   1.4674317e+01   2.6352836e+00   9.1085240e-01
   6.1436012e-01   2.6151437e+00   1.9556858e+00   6.0791427e+00   1.2951035e+00   2.8630244e-02
   1.5606197e+00   2.5170781e+00   4.6371344e+00   6.0714371e+00   1.1447543e+00   3.3747012e-01
   3.8708886e+00   4.1170349e+00   1.9905079e+01   2.0873071e+01   3.0379330e+00   2.3842378e+00
   4.5274446e+00   3.1978042e+00   1.9995956e+01   1.9383803e+01   1.7674460e+00   3.5747030e+00
   3.7883921e+00   2.4209714e+00   1.4947428e+01   1.4733808e+01   1.0111362e+00   2.4897935e+00
   1.7938946e+00   1.9048660e+00   4.8551721e+00   4.9046450e+00   4.9991236e-01   4.1179046e-01
   4.0697342e+00   1.8935920e+00   1.5269486e+01   1.1587713e+01   7.4412178e-01   2.7157072e+00
   1.5253987e+00   3.7353113e+00   7.5760687e+00   1.3011435e+01   2.2987429e+00   4.0380396e-01
   2.9599917e+00   3.5925736e+00   1.2278676e+01   1.4274839e+01   2.3110332e+00   1.1245861e+00
   1.9830508e+00   2.9898497e+00   6.5797584e+00   9.5244461e+00   1.4687124e+00   5.1986398e-01
   3.5245533e+00   4.4559998e+00   2.1354927e+01   2.6841372e+01   3.7021694e+00   2.0093898e+00
   3.6480657e+00   7.9087693e-01   8.1240315e+00   3.6207449e+00   1.1768677e-01   1.9305088e+00
   3.0838522e+00   4.5108633e+00   1.8747779e+01   2.1812110e+01   3.6421536e+00   1.5864996e+00
   3.6459597e+00   3.3140530e+00   1.6366074e+01   1.5318898e+01   1.9384340e+00   2.0226277e+00
   4.5601953e+00   7.7195499e-01   1.4618386e+01   5.7303407e+00   7.3781233e-02   3.0886099e+00
   2.7041416e+00   4.9175827e+00   1.6338280e+01   2.3730197e+01   4.3802465e+00   1.1583467e+00
   1.6902392e+00   4.5280173e+00   1.2279112e+01   1.7429085e+01   3.7547722e+00   4.5196744e-01
   3.5994667e+00   1.8638024e+00   1.0458045e+01   7.3769480e+00   8.5800159e-01   2.1519728e+00
   4.2726065e+00   2.9443870e+00   1.9805882e+01   1.6566458e+01   1.2718742e+00   2.9073176e+00
   4.8821188e+00   2.0665210e+00   2.0142769e+01   1.3447894e+01   8.8339344e-01   3.9943378e+00
   4.4330305e+00   2.1432274e+00   1.7152178e+01   1.1433400e+01   7.9777536e-01   3.1867084e+00
   2.2485689e+00   2.8090347e+00   7.7318499e+00   7.5363574e+00   1.4018787e+00   6.7112884e-01
   8.0878744e-01   4.1075570e+00   6.4471790e+00   1.1842544e+01   3.1865038e+00   7.5983358e-02
   3.1489897e+00   2.6448468e+00   1.3261524e+01   1.1024360e+01   1.4507906e+00   1.5584600e+00
   3.4969266e+00   4.9574147e+00   2.2499536e+01   2.8296537e+01   4.4131047e+00   1.9373136e+00
   1.7095594e+00   2.1790302e+00   4.6062050e+00   5.3743858e+00   8.9883030e-01   5.1721245e-01
   3.3496769e+00   4.3117869e+00   1.7802463e+01   2.1963397e+01   3.7022498e+00   1.7810506e+00
   3.9894910e+00   6.5315157e-01   1.1692693e+01   4.3984587e+00   3.2209927e-02   2.5285066e+00
   3.4065850e+00   3.9948093e+00   1.8118723e+01   2.0474035e+01   2.7496911e+00   1.6763291e+00
   3.4092268e+00   1.9962754e+00   1.2088302e+01   7.6452905e+00   9.3854677e-01   1.4955091e+00
   1.8038317e+00   1.6712190e+00   4.5350385e+00   4.3639218e+00   5.4479796e-01   4.4920305e-01
   4.0481469e+00   3.4221754e+00   1.7205811e+01   2.0968785e+01   1.9876902e+00   2.6670662e+00
   1.8082215e+00   4.8481251e+00   1.0778375e+01   2.0462130e+01   4.0253043e+00   5.1250649e-01
   4.8216898e+00   3.1287950e+00   2.1212299e+01   1.8428836e+01   1.4925810e+00   3.4882610e+00
   2.3946250e+00   4.4007309e+00   1.3059344e+01   2.0658765e+01   3.4972021e+00   9.5465398e-01
   2.5111672e+00   2.8485519e+00   1.0402376e+01   1.2230644e+01   1.5246082e+00   8.2045861e-01
   2.0987088e+00   2.3549017e+00   6.9646194e+00   6.8879555e+00   9.8092624e-01   7.9221518e-01
   1.7431941e+00   2.9299019e+00   7.6235009e+00   9.1438304e+00   1.6265712e+00   4.7289758e-01
   4.7862346e+00   1.7907871e+00   1.8115479e+01   8.7513298e+00   6.5114815e-01   3.5587153e+00
   1.9189765e+00   3.5608223e+00   9.7420306e+00   1.2267022e+01   2.1377407e+00   4.0498384e-01
   1.6613559e+00   2.3313304e+00   4.3345601e+00   7.0740907e+00   1.0512452e+00   3.4872747e-01
   7.1654940e-01   1.1062804e+00   1.0865530e+00   1.6697482e+00   2.8272167e-01   9.4652347e-02
   1.8278486e+00   3.1187146e+00   6.0961809e+00   9.9108256e+00   1.4380362e+00   5.1246204e-01
   1.0123809e+00   1.0569036e+00   8.9450738e-01   1.3731141e+00   1.8380464e-01   2.0136003e-01
   3.8525792e+00   4.7386559e+00   2.2043116e+01   2.8179002e+01   3.9850502e+00   2.3284068e+00
   1.6865053e+00   1.9534864e+00   4.5008681e+00   3.9688177e+00   5.7777662e-01   3.6085773e-01
   4.2858364e+00   3.7445356e+00   2.1672453e+01   2.4177340e+01   2.4038935e+00   2.7977624e+00
   3.9190786e+00   4.2366180e+00   2.1286644e+01   2.3601723e+01   3.1184810e+00   2.2739438e+00
   1.6488401e+00   7.8166738e-01   1.9577681e+00   1.2965922e+00   9.6101199e-02   5.4421843e-01
   3.6146755e+00   1.5674505e+00   1.1036620e+01   7.6367224e+00   3.5043158e-01   1.9680728e+00
   9.3071223e-01   3.2304889e+00   3.8251514e+00   9.7167912e+00   1.8805577e+00   9.9836437e-02
   3.7244999e+00   4.2323156e+00   2.1539400e+01   2.5703738e+01   3.4259164e+00   2.3513303e+00
   3.3965992e+00   3.5967737e+00   1.6744933e+01   1.8482692e+01   2.2210315e+00   2.1576084e+00
   4.4812099e+00   7.1359240e-01   1.3449684e+01   6.1577371e+00   9.0674605e-02   3.1602135e+00
   2.1513696e+00   3.5786304e+00   9.1696835e+00   1.4398815e+01   2.3037610e+00   7.5182604e-01
   1.2409061e+00   4.5413761e+00   6.5901055e+00   1.5661449e+01   3.7692941e+00   1.7145862e-01
   1.3072557e+00   7.6010600e-01   1.9689598e+00   1.9614045e+00   1.2186409e-01   3.3898381e-01
   2.4788489e+00   9.3865191e-01   5.8049877e+00   3.4388051e+00   1.8213118e-01   9.6734574e-01
   2.0138468e+00   2.2909357e+00   5.8192112e+00   7.2028324e+00   8.9480609e-01   5.4052877e-01
   1.9581112e+00   4.5243831e+00   1.2286729e+01   1.7048883e+01   4.1723560e+00   5.9576664e-01
   9.3826933e-01   3.5177122e+00   4.7229135e+00   8.5400896e+00   2.0836947e+00   1.3141563e-01
   2.8158147e+00   4.2099627e+00   1.3179263e+01   1.9069241e+01   2.9293893e+00   1.1598227e+00
   7.0208022e-01   4.4084351e+00   6.4038602e+00   1.3835719e+01   3.7231158e+00   2.3321905e-02
   2.8159815e+00   3.3367982e+00   1.3053401e+01   1.4543713e+01   2.2024575e+00   1.3008262e+00
   6.7078736e-01   3.0761214e+00   4.3583095e+00   5.6279819e+00   1.9296182e+00   2.1714017e-02
   2.2139484e+00   2.5610260e+00   6.6975568e+00   6.5822328e+00   1.0677815e+00   6.6114514e-01
   3.1285304e+00   2.4908646e+00   1.0782854e+01   9.7987615e+00   1.0207905e+00   1.2693025e+00
   4.7110185e+00   8.8522338e-01   1.4231633e+01   7.2106707e+00   1.7973176e-01   3.4534487e+00
   5.7625528e-01   6.3133271e-01   8.9870344e-01   2.7430286e-01   1.1676028e-01   2.7007109e-02
   1.9073714e+00   4.1323911e+00   9.5942693e+00   1.7164520e+01   3.2996403e+00   6.2873015e-01
   3.4652990e+00   3.5353026e+00   1.7163079e+01   1.8293671e+01   2.0496220e+00   2.1048560e+00
   1.9902859e+00   1.7543986e+00   5.8083215e+00   5.6181356e+00   6.3960539e-01   7.1384972e-01
   2.0295845e+00   1.3681232e+00   2.8184375e+00   4.2921717e+00   2.6727535e-01   7.9721144e-01
   4.0357869e+00   2.2722437e+00   1.4184508e+01   1.2422817e+01   7.3358359e-01   2.3053957e+00
   1.5257955e+00   3.3457520e+00   5.5899573e+00   1.0346781e+01   1.7516400e+00   3.1653851e-01
   7.8274191e-01   1.5176723e+00   1.6587174e+00   1.8471976e+00   3.9011736e-01   6.1098003e-02
   4.7147155e+00   6.7927082e-01   1.6085306e+01   6.1206074e+00   1.6398104e-01   3.5689075e+00
   7.6376801e-01   9.0103142e-01   1.4501047e+00   1.9083252e+00   1.2733648e-01   1.4455089e-01
   7.6865490e-01   1.9553737e+00   1.5639138e+00   3.0710380e+00   6.2296266e-01   1.3452638e-01
   2.8490052e+00   3.2313791e+00   1.2109073e+01   1.3343930e+01   1.8399351e+00   1.3530405e+00
   4.8915710e+00   2.4263868e+00   2.2680870e+01   1.4909045e+01   1.0314284e+00   3.5383447e+00
   7.1340582e-01   4.5437340e+00   4.7350915e+00   1.3377159e+01   3.9072146e+00   5.7324625e-02
   2.5367427e+00   2.8612455e+00   1.1631059e+01   9.1313663e+00   1.4224373e+00   7.3412208e-01
   4.0649231e+00   4.2371509e+00   2.6604699e+01   2.1016017e+01   3.4646693e+00   2.3695205e+00
   4.2556240e+00   2.8287905e+00   1.6699059e+01   1.4317889e+01   1.5437599e+00   2.5542389e+00
   1.3186965e+00   2.2833244e+00   2.8323149e+00   4.3590203e+00   9.7861485e-01   3.2247983e-01
   2.3534869e+00   1.4287634e+00   4.9344787e+00   4.3250801e+00   3.2702439e-01   7.8857545e-01
   4.5525589e+00   3.7465980e+00   2.0816008e+01   2.4770707e+01   2.5337181e+00   3.4592903e+00
   2.2725077e+00   2.1438790e+00   6.1953785e+00   6.6644009e+00   7.2790870e-01   9.9217144e-01
   3.1451788e+00   2.9950660e+00   1.4417352e+01   1.3420403e+01   1.3786056e+00   1.5522930e+00
   1.9679431e+00   3.3773198e+00   1.0109120e+01   1.2221880e+01   2.4211969e+00   5.5715655e-01
   1.7397260e+00   3.8918183e+00   8.9962936e+00   1.1606365e+01   3.0931090e+00   6.8479285e-01
   2.1168574e+00   2.5298345e+00   8.7830534e+00   8.4027463e+00   1.3255014e+00   7.1401992e-01
   3.3398833e+00   5.9349630e-01   6.2844149e+00   2.8975346e+00   3.2938179e-02   1.7761020e+00
   2.4980726e+00   1.3845037e+00   5.1065995e+00   3.9313544e+00   3.4445069e-01   1.0535427e+00
   3.4802892e+00   1.6681214e+00   8.7864821e+00   8.3173274e+00   3.9578079e-01   2.0538365e+00
   2.6632483e+00   2.8234369e+00   1.1604241e+01   1.5877269e+01   1.3377654e+00   1.3260292e+00
   2.2350104e+00   1.6189573e+00   6.5723248e+00   5.5615199e+00   4.9850333e-01   8.4319780e-01
   2.1860562e+00   3.3671526e+00   8.8092725e+00   1.3893386e+01   1.7413968e+00   5.2542898e-01
   4.8049768e+00   3.6199782e+00   2.9418375e+01   2.1804979e+01   2.5910752e+00   4.0299800e+00
   1.2312479e+00   3.9228660e+00   5.9487655e+00   1.2490153e+01   2.6545428e+00   1.9894662e-01
   2.6510547e+00   1.6747491e+00   6.8045645e+00   7.8532511e+00   4.4350596e-01   1.1563327e+00
   4.8478558e+00   1.3790896e+00   1.7211699e+01   9.5521149e+00   2.7854063e-01   3.8174705e+00
   4.6739367e+00   4.2807515e+00   3.1430380e+01   3.0634555e+01   3.1993399e+00   3.3071398e+00
   5.6010046e-01   1.4574502e+00   4.9543987e-01   1.7528505e+00   2.9073366e-01   9.6195052e-02
   5.8948863e-01   3.7418524e+00   4.5875106e+00   1.1749493e+01   2.6018031e+00   5.1449697e-02
   2.4669574e+00   3.1897172e+00   8.6798975e+00   1.0842383e+01   1.7883669e+00   8.3726288e-01
   7.3669858e-01   1.1758771e+00   8.2793352e-01   1.3955528e+00   2.8338901e-01   7.9092356e-02
   4.3541951e+00   3.0785232e+00   2.0113349e+01   1.9132119e+01   1.9847717e+00   3.4177100e+00
   4.2014181e+00   2.3075675e+00   1.7144876e+01   1.1816267e+01   7.1643818e-01   2.4985859e+00
   2.6606334e+00   2.0274372e+00   4.9526814e+00   6.0313023e+00   5.9573139e-01   1.1390715e+00
   3.4358635e+00   2.9720803e+00   1.6074084e+01   1.5039355e+01   1.6445057e+00   1.9754162e+00
   1.6506771e+00   4.3515310e+00   1.0820283e+01   1.5546711e+01   3.4347401e+00   3.9105192e-01
   3.5420680e+00   2.5418729e+00   1.1145225e+01   1.2220776e+01   1.3319361e+00   1.7539414e+00
   1.6977995e+00   2.0957702e+00   4.7612177e+00   6.8785094e+00   8.8874124e-01   6.0234928e-01
   4.3674706e+00   2.3649495e+00   1.5152765e+01   1.4906017e+01   8.3379563e-01   3.3928500e+00
   2.4655142e+00   1.9476747e+00   9.9266879e+00   5.4666876e+00   9.1313379e-01   9.9683925e-01
   4.5459904e+00   4.5861521e+00   2.9033551e+01   3.1537696e+01   3.8504653e+00   3.3992288e+00
   4.6242196e+00   4.7742017e+00   3.3335313e+01   3.2039214e+01   3.9645603e+00   3.2454959e+00
   4.5267997e+00   3.6730719e+00   2.3487768e+01   2.2965793e+01   2.5260602e+00   3.3330399e+00
   2.8320699e+00   9.1720317e-01   6.2831432e+00   3.0765261e+00   2.1994056e-01   1.1490120e+00
   3.3145453e+00   4.1410719e+00   1.7791360e+01   2.0390255e+01   3.4326595e+00   1.6959397e+00
   9.9116836e-01   1.7190934e+00   2.5499985e+00   2.4823834e+00   3.9047147e-01   1.9593295e-01
   5.6411052e-01   3.5906814e+00   3.1000345e+00   9.4385399e+00   2.2780304e+00   5.3798104e-02
   2.7202939e+00   4.6101307e+00   1.5174529e+01   2.3366945e+01   3.6478892e+00   1.2298429e+00
   2.3231645e+00   9.2175858e-01   4.7933465e+00   1.9396600e+00   1.7373925e-01   9.9809287e-01
   4.9864280e+00   1.8363386e+00   1.9110313e+01   1.1807064e+01   4.5221928e-01   3.9779393e+00
   4.9997778e+00   3.9655279e+00   2.7313237e+01   2.6951345e+01   2.5084198e+00   3.9438641e+00
   1.8357378e+00   2.8353786e+00   5.7206285e+00   8.6208269e+00   1.6156397e+00   5.0857191e-01
   2.7890774e+00   3.2769675e+00   1.2512625e+01   1.2360635e+01   1.9516780e+00   1.2981100e+00
   4.3019396e+00   1.0363096e+00   1.2094323e+01   5.5860973e+00   2.5289931e-01   3.0616915e+00
   3.0966128e+00   3.0224566e+00   1.2337269e+01   1.3690978e+01   1.7436177e+00   1.3499040e+00
   2.8128735e+00   4.8041338e+00   1.5994054e+01   2.4147783e+01   4.2105166e+00   1.3891230e+00
   6.1845158e-01   3.7734174e+00   4.0333761e+00   1.0690877e+01   2.7824715e+00   2.8979167e-02
   5.5875763e-01   4.6549578e+00   6.5568325e+00   1.5911079e+01   4.2973825e+00   7.9462682e-02
   3.5319752e+00   7.3991597e-01   7.3354161e+00   3.6974049e+00   7.5563726e-02   2.0389262e+00
   4.3434194e+00   3.7639795e+00   2.4399364e+01   2.1857474e+01   2.6109701e+00   2.9177899e+00
   4.3571828e+00   8.6998059e-01   1.2866755e+01   7.3934993e+00   1.5903148e-01   3.1476117e+00
   3.9062262e+00   3.7568244e+00   2.0796098e+01   1.9012800e+01   2.6521837e+00   2.1630476e+00
   1.5407455e+00   7.0705894e-01   2.9793791e+00   1.1358679e+00   1.6760635e-01   3.8647287e-01
   2.8568125e+00   3.1345837e+00   1.1083934e+01   1.3544186e+01   1.8412082e+00   1.3574366e+00
   2.8229348e+00   1.8553406e+00   9.1673164e+00   4.3388182e+00   4.8786895e-01   9.5525507e-01
   3.3102015e+00   2.3657640e+00   9.5146460e+00   9.6680290e+00   8.4019454e-01   1.5949063e+00
   2.7713579e+00   4.8137178e+00   1.8840149e+01   2.4899005e+01   3.8651620e+00   1.2583196e+00
   1.9150655e+00   1.3931137e+00   4.2018710e+00   4.6895365e+00   3.5987102e-01   6.6703762e-01
   6.3911495e-01   2.7229580e+00   3.8675867e+00   6.9700645e+00   1.2944921e+00   5.2029491e-02
   7.0815679e-01   9.0247781e-01   7.2857689e-01   1.0828190e+00   1.9886508e-01   1.5208666e-01
   2.7372660e+00   4.2836431e+00   1.3728422e+01   2.2394084e+01   3.0035208e+00   1.2277756e+00
   7.4172481e-01   3.4000284e+00   3.8371336e+00   9.1643315e+00   2.2810825e+00   1.2341678e-01
   4.4092254e+00   5.3409868e-01   1.3117058e+01   4.6475222e+00   4.4752226e-02   2.9267016e+00
   2.0047161e+00   4.8114335e+00   1.1566773e+01   1.8265115e+01   4.0065434e+00   7.4660828e-01
   2.4052746e+00   1.5079424e+00   5.5609423e+00   4.4807845e+00   3.4643606e-01   8.7132849e-01
   5.1297576e-01   1.5340163e+00   1.4470902e+00   3.2284280e+00   4.6514679e-01   1.0141872e-01
   2.3440042e+00   4.0013622e+00   1.2151280e+01   1.7030128e+01   3.1596144e+00   9.0642912e-01
   3.6226286e+00   4.9653300e+00   2.5161441e+01   3.0476631e+01   4.5346705e+00   2.1791855e+00
   2.4242231e+00   2.9608113e+00   1.0094509e+01   9.9950817e+00   1.8152012e+00   7.8656996e-01
   1.5005121e+00   9.6157222e-01   2.4757434e+00   2.0462813e+00   1.8246585e-01   4.0150493e-01
   4.4402892e+00   7.5271637e-01   1.2734967e+01   5.3910446e+00   1.3449464e-01   3.0423868e+00
   4.3374471e+00   1.5190625e+00   1.6175257e+01   6.9336610e+00   3.2923794e-01   2.4659014e+00
   1.9457995e+00   1.8929448e+00   5.8429931e+00   5.5437850e+00   7.3228085e-01   5.8828854e-01
   2.2186773e+00   4.1549558e+00   1.3010761e+01   1.6190217e+01   3.1259899e+00   7.1818479e-01
   1.5630904e+00   4.3515501e+00   8.7438644e+00   1.6695241e+01   3.4529882e+00   4.3543868e-01
   4.7103531e+00   1.1493746e+00   1.4263200e+01   6.5392833e+00   2.4361995e-01   3.7159350e+00
   1.2439021e+00   1.4586656e+00   2.1273759e+00   3.4139651e+00   3.6957441e-01   2.8528875e-01
   3.3243103e+00   6.2007240e-01   7.7408430e+00   3.4029204e+00   9.9698620e-02   1.7116908e+00
   1.1305448e+00   2.0161214e+00   3.1181447e+00   3.5211939e+00   6.5009721e-01   1.6365737e-01
   1.2042198e+00   3.5434695e+00   5.4271093e+00   1.1601059e+01   2.0857538e+00   1.9900773e-01
   4.3802846e+00   4.7989059e+00   2.7919114e+01   3.2179856e+01   4.2562280e+00   2.9474998e+00
   1.3887477e+00   7.2508488e-01   1.4137175e+00   2.1715793e+00   6.4581784e-02   3.6860063e-01
   4.8235275e+00   3.7024666e+00   2.3511263e+01   2.3209111e+01   2.6492288e+00   3.8557216e+00
   2.1390525e+00   1.5424190e+00   5.3145424e+00   4.7438378e+00   4.5002298e-01   6.3065415e-01
   5.2044576e-01   1.2200417e+00   7.7351202e-01   6.2010357e-01   2.8106745e-01   2.6152227e-02
   4.3505595e+00   3.8470046e+00   2.3615839e+01   2.5767876e+01   2.6638461e+00   2.8327495e+00
   4.3151744e+00   4.8695335e+00   2.2413791e+01   3.1716998e+01   3.9145547e+00   3.1256009e+00
   2.9331996e+00   2.1661143e+00   8.9227313e+00   8.0967580e+00   9.7433404e-01   1.2506442e+00
   2.6409921e+00   3.4484484e+00   1.1658497e+01   1.2604108e+01   2.0056626e+00   8.7627248e-01
   8.8240845e-01   3.5670419e+00   4.2352384e+00   1.1671753e+01   2.1886797e+00   1.3550365e-01
   2.2084054e+00   1.0700275e+00   4.4479582e+00   2.9385264e+00   2.3070855e-01   7.0017103e-01
   2.8558729e+00   4.8538941e+00   1.5984953e+01   2.5044741e+01   4.2023722e+00   1.4471663e+00
   4.8688207e+00   1.5910884e+00   1.8401523e+01   8.3460556e+00   4.4954627e-01   3.5933814e+00
   2.4739836e+00   2.8974067e+00   1.2377661e+01   1.2710655e+01   1.6336464e+00   1.0743754e+00
   4.1537734e+00   4.2414879e+00   2.3203669e+01   2.6087160e+01   3.2797903e+00   2.7933134e+00
   4.5323982e+00   3.5703283e+00   2.5262958e+01   2.1520139e+01   2.3063597e+00   3.0925792e+00
   4.2351566e+00   2.8271455e+00   2.0441876e+01   1.3851415e+01   1.4420642e+00   2.7863953e+00
   2.7051933e+00   2.3439659e+00   9.7978106e+00   8.7408613e+00   9.4757953e-01   1.1033185e+00
   3.9534072e+00   1.1529633e+00   1.1185541e+01   6.1406984e+00   2.6435307e-01   2.4749042e+00
   5.5981168e-01   1.6045111e+00   1.5256277e+00   2.7513780e+00   3.7523686e-01   7.4196319e-02
   2.0680336e+00   3.6449057e+00   9.6678678e+00   1.5663474e+01   2.2461606e+00   6.5085121e-01
   1.4640443e+00   2.3825173e+00   5.7926835e+00   6.4139446e+00   1.0690441e+00   2.9116939e-01
   3.3331116e+00   1.1854314e+00   9.4191465e+00   5.4367222e+00   3.0822293e-01   1.7927306e+00
   1.9903933e+00   4.1602254e+00   1.0583912e+01   1.2745702e+01   3.1479544e+00   6.4854398e-01
   1.3998789e+00   9.3231531e-01   2.8146123e+00   9.9597315e-01   1.9024530e-01   3.4075881e-01
   4.3824834e+00   4.4297698e+00   2.7980715e+01   2.7675125e+01   3.5127698e+00   3.2598111e+00
   3.7296071e+00   2.8196021e+00   1.5678416e+01   1.2142112e+01   1.5512052e+00   2.5592582e+00
   1.9868365e+00   1.2366889e+00   2.5951665e+00   2.3606848e+00   1.8553712e-01   5.9757765e-01
   4.7570529e+00   3.8562873e+00   2.6628218e+01   2.3893329e+01   2.7517363e+00   3.8963474e+00
   3.1551957e+00   2.4360658e+00   1.1261785e+01   1.1016112e+01   1.1320207e+00   1.9067188e+00
   2.4456422e+00   1.2096235e+00   4.7304399e+00   4.2786843e+00   2.2395793e-01   9.3208157e-01
   1.4220606e+00   8.8253621e-01   3.4947541e+00   2.8910928e+00   1.8119666e-01   3.6114957e-01
   1.3504319e+00   4.3877652e+00   9.1007941e+00   1.4598772e+01   3.7774085e+00   2.1505455e-01
   5.4855507e-01   3.9971179e+00   3.0655269e+00   1.0913341e+01   2.7798033e+00   3.7047219e-02
   4.3112025e+00   1.7015699e+00   1.3033710e+01   6.9896331e+00   3.3060287e-01   2.8581835e+00
   1.7620751e+00   1.7809271e+00   5.1876163e+00   5.2189755e+00   7.4775465e-01   5.3945926e-01
   2.3082923e+00   3.2314433e+00   1.1779177e+01   1.3189193e+01   2.0812973e+00   9.8704801e-01
   3.7258414e+00   7.1295210e-01   1.0459378e+01   3.7259316e+00   1.1308067e-01   2.0481766e+00
   4.3287753e+00   4.2599819e+00   2.6022186e+01   2.3429093e+01   3.0756437e+00   2.7378050e+00
   2.5041053e+00   4.8596233e+00   1.5685909e+01   2.3568245e+01   4.5802738e+00   8.5118552e-01
   3.7098405e+00   3.8754453e+00   2.0916134e+01   2.0909004e+01   2.7121185e+00   2.1437078e+00
   4.4975511e+00   4.6590506e+00   2.6138295e+01   3.2043929e+01   3.9729860e+00   3.5761463e+00
   3.3410557e+00   9.8150803e-01   7.8191011e+00   4.5933682e+00   2.1961566e-01   1.6411491e+00
   4.9402069e+00   4.5912785e+00   2.9745482e+01   2.8619131e+01   3.6727166e+00   4.1932688e+00
   1.2824266e+00   4.1881132e+00   8.0408060e+00   1.2607691e+01   3.0614221e+00   2.0160608e-01
   3.3263994e+00   3.3962496e+00   1.7695884e+01   1.5563677e+01   2.1089480e+00   1.8355096e+00
   3.5808094e+00   4.9947623e+00   2.3705301e+01   2.7166910e+01   4.6331715e+00   2.1560998e+00
   1.2539173e+00   1.4665476e+00   2.4422418e+00   1.9207419e+00   3.2452517e-01   2.3023196e-01
   1.1708405e+00   4.9583104e+00   9.4413825e+00   1.7022190e+01   4.5562225e+00   1.6919681e-01
   1.1409751e+00   6.0139263e-01   8.7451696e-01   1.1505406e+00   1.0685205e-01   2.6578925e-01
   9.1689442e-01   2.2784847e+00   3.0567960e+00   5.5112227e+00   9.8468223e-01   1.6748077e-01
   4.6279570e+00   3.0336132e+00   2.2083611e+01   1.7805698e+01   1.6247262e+00   3.5009130e+00
   4.3398253e+00   3.0374821e+00   1.8538522e+01   1.9172613e+01   1.3634043e+00   2.8157626e+00
   2.1070930e+00   2.6125010e+00   5.5529708e+00   7.7211208e+00   1.3073684e+00   6.1370886e-01
   9.1429600e-01   2.4960305e+00   1.9401457e+00   4.8081126e+00   1.0931728e+00   1.6386700e-01
   1.9949479e+00   1.4070721e+00   5.0330916e+00   4.3932234e+00   2.7502625e-01   7.0141639e-01
   8.0357817e-01   1.3827948e+00   2.0338163e+00   2.1116489e+00   2.8199144e-01   1.2012289e-01
   8.9620729e-01   4.3350390e+00   7.1381514e+00   1.6309117e+01   3.5366354e+00   1.1275002e-01
   3.7537202e+00   3.6101251e+00   2.2837235e+01   1.8620450e+01   2.6618790e+00   2.2349315e+00
   2.3481763e+00   2.2048541e+00   6.9372692e+00   7.8767152e+00   1.0150322e+00   8.2146217e-01
   2.8405160e+00   1.3561255e+00   8.5186493e+00   3.1568916e+00   3.1906451e-01   1.1055377e+00
   1.7160029e+00   1.6503120e+00   3.4396863e+00   2.9379400e+00   3.5198832e-01   4.7177094e-01
   3.7571430e+00   1.8362030e+00   1.1539160e+01   7.1527451e+00   4.3919121e-01   2.0642222e+00
   4.4097954e+00   4.5311250e+00   2.8177967e+01   2.8950301e+01   3.5022179e+00   2.9952470e+00
   1.2950168e+00   4.9593210e+00   8.9313939e+00   2.2185981e+01   4.4055335e+00   2.9700184e-01
   2.2812312e+00   8.7797498e-01   4.8437467e+00   2.0501522e+00   1.2974739e-01   9.1901048e-01
   2.3109168e+00   2.0616860e+00   6.5220081e+00   6.6353186e+00   7.3758069e-01   8.4250700e-01
   2.8516489e+00   8.9820042e-01   5.7020441e+00   2.5133204e+00   1.1909358e-01   1.0545140e+00
   1.2868213e+00   3.3378696e+00   4.4351892e+00   8.8599589e+00   1.8913080e+00   2.9013406e-01
   2.3707242e+00   1.6332772e+00   7.2356465e+00   4.4398370e+00   6.2563059e-01   8.8014368e-01
   5.2062729e-01   2.4165377e+00   1.8045184e+00   3.6328901e+00   9.3577589e-01   4.0593049e-02
   4.6194929e+00   2.7910507e+00   2.0747667e+01   1.7779584e+01   1.6318688e+00   3.7985125e+00
   2.4424679e+00   1.7530903e+00   7.1142731e+00   6.7875978e+00   5.2548037e-01   9.3392743e-01
   3.8136982e+00   2.9222800e+00   1.7616329e+01   1.5762427e+01   1.3870189e+00   2.3560807e+00
   9.5133448e-01   4.1113354e+00   5.5869154e+00   1.1334284e+01   3.0689062e+00   7.9147078e-02
   8.7778061e-01   1.0502256e+00   1.2934348e+00   1.1603268e+00   2.2239357e-01   1.1746635e-01
   4.0214263e+00   3.8771166e+00   2.2762979e+01   2.2389397e+01   2.6929352e+00   2.8081847e+00
   4.6545596e+00   2.6595884e+00   2.2614574e+01   1.5886811e+01   1.3643479e+00   2.9733496e+00
   1.5319440e+00   4.9949307e+00   1.0114341e+01   1.8327342e+01   4.2227441e+00   3.1256669e-01
   2.5362063e+00   2.6015594e+00   1.1097881e+01   8.3111698e+00   1.1686978e+00   9.9197772e-01
   1.4323992e+00   2.9349905e+00   7.0937161e+00   7.1345230e+00   1.8196362e+00   3.3641821e-01
   9.8100483e-01   8.9720901e-01   1.6023871e+00   2.0632647e+00   1.1889035e-01   1.5211559e-01
   8.8676995e-01   4.8645347e+00   7.7535082e+00   1.6500771e+01   4.0209753e+00   1.9396021e-01
   4.9681063e+00   3.3006543e+00   2.6008334e+01   2.3977451e+01   1.8687843e+00   3.8637348e+00
   2.4836820e+00   2.5239601e+00   8.2406631e+00   1.0617808e+01   1.1222984e+00   1.1285761e+00
   1.6432601e+00   4.5951789e+00   9.5857122e+00   1.8524522e+01   3.6883803e+00   3.6584826e-01
   3.7824231e+00   4.5789388e+00   2.3954534e+01   2.6797026e+01   3.9060612e+00   2.3118169e+00
   2.2376428e+00   1.0691847e+00   5.7651209e+00   3.6735508e+00   2.4093944e-01   1.1313428e+00
   3.1463234e+00   1.6570233e+00   1.1025698e+01   8.8312910e+00   5.4454343e-01   1.7254883e+00
   3.9990059e+00   3.2151899e+00   2.0599077e+01   1.7724601e+01   2.1533555e+00   2.6680244e+00
   3.7011144e+00   1.3466315e+00   1.0396699e+01   5.1951132e+00   3.3913552e-01   2.0358342e+00
   4.7619076e+00   1.6957270e+00   1.7070447e+01   8.9574973e+00   4.5885874e-01   3.3825006e+00
   3.9202424e+00   1.2821658e+00   1.2118631e+01   6.7112969e+00   2.4855448e-01   2.2960589e+00
   1.2861075e+00   2.7882981e+00   4.1820170e+00   7.4661871e+00   1.1473995e+00   2.0416078e-01
   2.7530691e+00   3.3196305e+00   1.0872846e+01   1.5046750e+01   2.0474752e+00   1.1860647e+00
   1.8401060e+00   2.3655383e+00   5.2403282e+00   7.0690258e+00   9.2254024e-01   5.3504040e-01
   4.3813435e+00   9.2249861e-01   1.1513398e+01   5.5537151e+00   1.2646647e-01   2.8902001e+00
   3.4846782e+00   2.0741697e+00   1.1514661e+01   1.0834373e+01   8.0470947e-01   2.1871845e+00
   3.5906893e+00   2.8810912e+00   1.5232556e+01   1.3244235e+01   1.6679721e+00   1.9899058e+00
   1.0226634e+00   4.9658278e+00   8.1350294e+00   1.8413047e+01   4.3285277e+00   1.6032550e-01
   3.2449967e+00   9.7523977e-01   7.7509365e+00   3.8047770e+00   1.3792716e-01   1.7709881e+00
   2.1310844e+00   3.3374493e+00   1.0536545e+01   1.1104503e+01   2.3424160e+00   7.6486316e-01
   2.3236315e+00   3.2181562e+00   1.0906493e+01   1.4393332e+01   1.6805931e+00   8.6153194e-01
   1.3635862e+00   3.9857220e+00   9.5223587e+00   1.1026508e+01   2.8420674e+00   2.6410339e-01
   4.2374120e+00   2.6096477e+00   1.8486572e+01   1.3117680e+01   1.1135022e+00   3.4194951e+00
   4.7538864e+00   1.1575222e+00   1.7021782e+01   8.9225477e+00   2.4918203e-01   3.9869587e+00
   4.5610661e+00   1.4774966e+00   1.4815750e+01   8.2099765e+00   4.4497722e-01   3.0149269e+00
   3.2026928e+00   4.4214597e+00   1.7213014e+01   2.3292361e+01   3.4735265e+00   1.7865888e+00
   2.4083419e+00   4.7404432e+00   1.2698209e+01   2.6462059e+01   4.1415261e+00   9.5423409e-01
   5.3754872e-01   9.8205800e-01   4.3796081e-01   6.7756870e-01   9.7334552e-02   5.0426848e-02
   7.2160425e-01   2.7643104e+00   3.8242953e+00   5.7945329e+00   1.7301966e+00   5.4576383e-02
   2.8398934e+00   1.8716445e+00   8.2691017e+00   5.7745407e+00   5.1603233e-01   1.0923538e+00
   2.6705874e+00   3.9919375e+00   1.3651651e+01   1.7403308e+01   3.2818112e+00   1.0505356e+00
   5.5748512e-01   3.7742920e+00   4.5017221e+00   1.1548370e+01   2.4600716e+00   6.9484382e-02
   2.5717144e+00   1.7061947e+00   6.9802309e+00   6.0869316e+00   6.1437455e-01   1.0289371e+00
   6.1787942e-01   3.9582368e+00   4.7875338e+00   1.0697731e+01   2.8260685e+00   5.1370647e-02
   3.9602436e+00   4.2862525e+00   2.3269412e+01   2.6218678e+01   3.3888889e+00   2.6009776e+00
   2.4437726e+00   2.3123024e+00   8.1853476e+00   6.2065876e+00   9.8239032e-01   8.5992200e-01
   4.8270204e+00   4.7316938e+00   3.0261824e+01   3.0255345e+01   3.7153687e+00   3.7964675e+00
   3.0519515e+00   5.7006503e-01   5.8836004e+00   2.5150973e+00   3.4172578e-02   1.3236612e+00
   4.4291562e+00   3.2633682e+00   2.4747782e+01   2.0112723e+01   1.9322631e+00   2.9128379e+00
   3.0785671e+00   1.2144085e+00   8.1082016e+00   3.8821706e+00   1.5227010e-01   1.4750587e+00
   2.6441062e+00   2.2153526e+00   1.1405621e+01   8.4495574e+00   9.8130585e-01   1.0053635e+00
   3.1691837e+00   2.4114663e+00   1.2158533e+01   8.7156799e+00   1.0514854e+00   1.4715078e+00
   4.7190593e+00   3.5652852e+00   2.4724024e+01   2.5326686e+01   2.3960168e+00   3.6912082e+00
   5.5686176e-01   2.2381124e+00   2.5068226e+00   4.0874679e+00   1.0972307e+00   4.0854977e-02
   1.7649933e+00   1.6428926e+00   4.6242996e+00   3.3042931e+00   5.7887785e-01   3.9662045e-01
   8.4058114e-01   3.9600476e+00   4.4482334e+00   1.1203697e+01   2.8784819e+00   1.4570119e-01
   3.5117325e+00   1.3196322e+00   8.8782155e+00   7.1952234e+00   3.3472597e-01   1.7542753e+00
   3.3261129e+00   4.9933479e+00   2.1598152e+01   2.9363473e+01   4.4539838e+00   1.8531634e+00
   9.2011389e-01   1.9455967e+00   2.1461855e+00   2.9304981e+00   6.8183138e-01   1.5127554e-01
   3.5101440e+00   1.0429570e+00   8.3385055e+00   5.3692009e+00   1.6058485e-01   2.0514184e+00
   9.8772804e-01   3.9971505e+00   5.9695324e+00   1.1460080e+01   2.8586480e+00   1.3296058e-01
   3.3494832e+00   4.8301454e+00   2.1084709e+01   2.5255145e+01   3.7370052e+00   1.7879028e+00
   1.2729969e+00   2.2657673e+00   2.6797297e+00   3.6402218e+00   9.7303728e-01   2.4911028e-01
   1.8877619e+00   3.5402502e+00   9.5686724e+00   1.1199338e+01   2.3814051e+00   6.7078879e-01
   2.0298432e+00   1.8358640e+00   6.1091215e+00   5.4540937e+00   7.8793161e-01   6.9788162e-01
   4.3190035e+00   1.5316330e+00   1.6161178e+01   9.0714339e+00   4.7171240e-01   2.5866642e+00
   1.4942541e+00   4.2830402e+00   8.0079785e+00   1.7005136e+01   3.2123798e+00   2.9605437e-01
   4.1678054e+00   2.2542918e+00   1.6771564e+01   1.1168458e+01   1.0042518e+00   2.4616071e+00
   3.0669555e+00   3.3007072e+00   1.0584181e+01   1.6559668e+01   1.7065482e+00   1.3014133e+00
   3.1447946e+00   4.1676619e+00   1.6918092e+01   2.2830121e+01   2.9057969e+00   1.4327021e+00
   3.4939495e+00   4.8065936e+00   2.2112570e+01   2.9245000e+01   4.2474788e+00   1.7615269e+00
   1.2540716e+00   2.7305083e+00   3.9179903e+00   6.2964992e+00   1.4651176e+00   2.0747611e-01
   2.5535371e+00   4.2969426e+00   1.4457079e+01   1.8428894e+01   3.4181962e+00   1.1546964e+00
   2.1193901e+00   2.9490056e+00   7.7250294e+00   8.9184326e+00   1.7125521e+00   7.2348017e-01
   1.0287448e+00   3.2085540e+00   4.0633649e+00   8.1956940e+00   1.9608096e+00   1.0697909e-01
   1.6953005e+00   2.4963077e+00   5.2148114e+00   7.2036862e+00   9.8970943e-01   6.2537819e-01
   3.8608034e+00   3.5686896e+00   2.0910389e+01   2.0979398e+01   2.5822452e+00   2.4848092e+00
   3.2410425e+00   3.5277316e+00   1.4307388e+01   1.5882772e+01   1.9937943e+00   1.4000149e+00
   2.0059155e+00   4.6350499e+00   1.3421539e+01   1.9531925e+01   4.2633521e+00   5.3884342e-01
   2.0764200e+00   3.2584999e+00   1.0098125e+01   9.9698206e+00   2.3804946e+00   6.1150256e-01
   2.6384058e+00   1.5474320e+00   7.6660255e+00   6.0664102e+00   4.9458936e-01   1.3115131e+00
   2.1403457e+00   1.1453196e+00   3.4036373e+00   3.7577783e+00   1.6466407e-01   7.1681463e-01
   3.7814047e+00   1.2792013e+00   7.9131570e+00   5.8690744e+00   2.4454299e-01   2.3163167e+00
   2.7102528e+00   3.8884817e+00   1.4021652e+01   1.7175677e+01   2.6430234e+00   1.0788014e+00
   7.6140277e-01   8.3955050e-01   9.2141420e-01   4.6966974e-01   1.4367878e-01   6.5077758e-02
   4.9253797e+00   8.3288594e-01   1.3630933e+01   6.7608877e+00   7.7838356e-02   4.1063744e+00
   8.2661502e-01   1.6473598e+00   1.5515980e+00   3.4979903e+00   3.6399903e-01   1.7637257e-01
   2.2746505e+00   1.1935886e+00   4.2578838e+00   4.2171585e+00   2.3522687e-01   9.6160179e-01
   3.8342960e+00   1.3570043e+00   1.2824257e+01   6.1356531e+00   4.1466615e-01   2.1944129e+00
   3.6267599e+00   3.4117221e+00   1.9265626e+01   1.4479951e+01   2.0444293e+00   2.0766132e+00
   5.5318667e-01   4.0470580e+00   4.5439293e+00   1.3695010e+01   2.9905247e+00   3.1395471e-02
   2.9502312e+00   5.3708640e-01   5.9356471e+00   2.7916006e+00   5.0351583e-02   1.2469165e+00
   2.2966385e+00   4.9264184e+00   1.3741195e+01   2.3833972e+01   4.0387416e+00   8.2980489e-01
   1.8910307e+00   5.3534257e-01   2.1045676e+00   1.7186875e+00   1.0913647e-01   4.8502734e-01
   2.6852947e+00   4.1518405e+00   1.2145170e+01   2.0156030e+01   2.9001205e+00   1.1539903e+00
   4.9933943e+00   9.8938395e-01   1.4326321e+01   6.7272336e+00   1.2692994e-01   3.7395133e+00
   4.8000084e+00   4.6397862e+00   2.6999859e+01   3.1210412e+01   4.0764589e+00   3.9274790e+00
   4.1719811e+00   6.3145793e-01   9.5755670e+00   5.2487066e+00   5.3936364e-02   2.4069526e+00
   4.8506971e+00   3.2328937e+00   2.4658693e+01   1.8776654e+01   1.9910012e+00   3.4522180e+00
   2.0274537e+00   3.7471212e+00   9.7912206e+00   1.2843850e+01   2.5120501e+00   6.2805189e-01
   4.4735171e+00   8.5134223e-01   1.4153956e+01   5.6952328e+00   1.1311014e-01   3.1750027e+00
   2.1793666e+00   3.7597386e+00   1.0076628e+01   1.6481420e+01   2.5695010e+00   9.0167946e-01
   1.3312897e+00   4.6241328e+00   6.2002701e+00   1.8717903e+01   3.7347111e+00   2.7392645e-01
   1.6405584e+00   3.6401992e+00   9.1479080e+00   1.3482154e+01   2.5253220e+00   3.0817835e-01
   3.1132436e+00   4.4921274e+00   1.8078893e+01   2.2942818e+01   3.4191396e+00   1.4172209e+00
   2.6107140e+00   3.2104960e+00   1.1194325e+01   1.1464799e+01   1.8041285e+00   1.2766711e+00
   3.7895761e+00   4.8959357e+00   2.2835227e+01   3.2300407e+01   4.4232274e+00   2.2888455e+00
   4.2071786e+00   4.1384570e+00   2.3283516e+01   2.2441186e+01   3.2099314e+00   2.8110723e+00
   4.0658368e+00   4.8548348e+00   2.5196415e+01   2.9270134e+01   4.1117429e+00   2.5200695e+00
   2.0971353e+00   2.4835175e+00   6.4687384e+00   8.2845693e+00   1.2697249e+00   6.4118308e-01
   1.1550997e+00   3.6501109e+00   6.2204205e+00   1.0457306e+01   2.2557716e+00   1.6844007e-01
   1.1928095e+00   3.2413106e+00   4.3752614e+00   9.8099652e+00   1.7151454e+00   2.0311343e-01
   2.1261817e+00   2.2695336e+00   6.8280333e+00   6.7427413e+00   9.0934523e-01   6.1026501e-01
   2.7226590e+00   1.0984691e+00   5.5073997e+00   2.6366066e+00   1.0306596e-01   1.3873176e+00
   2.7287650e+00   3.4216956e+00   1.1351337e+01   1.4476424e+01   1.8150270e+00   1.0697115e+00
   2.4292759e+00   3.0104620e+00   1.3236839e+01   1.2113762e+01   1.7291870e+00   9.8101153e-01
   8.9072326e-01   1.8316586e+00   1.9087427e+00   3.6380890e+00   6.5637773e-01   1.5807545e-01
   3.9522530e+00   7.2108603e-01   9.3680927e+00   4.6351484e+00   1.3073487e-01   2.7904485e+00
   2.7787818e+00   3.6851112e+00   1.5438497e+01   1.5255704e+01   2.8632264e+00   1.3772764e+00
   4.6818000e+00   1.0714566e+00   1.4455829e+01   8.2225947e+00   1.8242323e-01   3.6275034e+00
   2.9876998e+00   4.5444019e+00   1.8070084e+01   2.0002935e+01   3.5513978e+00   1.3329609e+00
   1.5086169e+00   7.4999767e-01   1.3805466e+00   1.6080833e+00   5.5138962e-02   2.5475167e-01
   3.5921213e+00   1.6880883e+00   1.2042549e+01   7.3188483e+00   3.9549343e-01   2.1324567e+00
   1.7675288e+00   8.5050182e-01   2.3102825e+00   2.0325970e+00   1.2240632e-01   4.4734074e-01
   4.3856567e+00   4.6929199e+00   2.9226396e+01   2.8984382e+01   3.8828981e+00   2.7266561e+00
   1.7505193e+00   5.3298644e-01   2.8584926e+00   8.1509724e-01   7.6171026e-02   4.6498575e-01
   3.3894698e+00   1.0721386e+00   9.2008364e+00   3.0369283e+00   1.5702344e-01   1.7671814e+00
   2.8394111e+00   4.9961467e+00   1.8431796e+01   2.9933169e+01   4.4017653e+00   1.2400254e+00
   3.7209595e+00   1.9531151e+00   1.0953628e+01   1.1469986e+01   5.4594306e-01   2.1640307e+00
   2.7015697e+00   5.9634070e-01   3.9038467e+00   2.3642142e+00   5.0944545e-02   9.0953314e-01
   1.5167059e+00   1.3234577e+00   3.6275130e+00   2.2766046e+00   4.3887796e-01   4.2611976e-01
   2.3534565e+00   1.5089973e+00   7.1664191e+00   4.8093916e+00   3.5364036e-01   9.0028867e-01
   1.7536583e+00   4.8009551e+00   1.1407261e+01   1.8558840e+01   4.3838590e+00   4.3318080e-01
   2.0226373e+00   1.0937027e+00   4.4358204e+00   2.6107019e+00   1.6324448e-01   7.5787698e-01
   3.6143714e+00   2.0738285e+00   1.0045590e+01   8.0827631e+00   7.2274204e-01   2.0791738e+00
   3.7626712e+00   4.6430056e+00   2.5347076e+01   2.6064600e+01   4.2709260e+00   2.2207008e+00
   3.1574416e+00   2.2806473e+00   1.1616259e+01   9.1098205e+00   9.7420226e-01   1.8663560e+00
   7.9482777e-01   4.4505422e+00   6.8462009e+00   1.4277286e+01   3.7615962e+00   1.2012054e-01
   1.5711707e+00   3.1999729e+00   6.0228627e+00   1.1479624e+01   1.6745431e+00   3.6433966e-01
   1.1300770e+00   2.8570846e+00   4.5323361e+00   7.3830741e+00   1.6332440e+00   2.0363367e-01
   4.1163342e+00   9.1598257e-01   1.2262789e+01   5.2297446e+00   1.1478714e-01   2.6277727e+00
   4.1194310e+00   4.8034400e+00   2.4478139e+01   2.8925293e+01   4.1657091e+00   2.8915205e+00
   3.5212181e+00   2.9196065e+00   1.4268330e+01   1.5473811e+01   1.2689006e+00   2.1093351e+00
   2.3817789e+00   4.1496480e+00   1.1571755e+01   1.7487692e+01   3.3350590e+00   1.0004729e+00
   2.1205469e+00   2.9394224e+00   8.5622669e+00   1.1960447e+01   1.5794515e+00   4.9382652e-01
   1.0113074e+00   3.6484850e+00   4.0121676e+00   9.6711050e+00   2.5080066e+00   1.2208313e-01
   9.0080936e-01   4.9382343e+00   6.5827308e+00   1.8812074e+01   4.4251576e+00   1.4867282e-01
   1.3500381e+00   9.0558831e-01   2.1156219e+00   1.1789055e+00   6.2303799e-02   3.9921062e-01
   4.6330168e+00   4.7722132e+00   2.9774085e+01   3.2307641e+01   4.7103697e+00   3.5119964e+00
   3.9880666e+00   7.1896707e-01   9.6571138e+00   4.8867820e+00   5.0980603e-02   2.5251357e+00
   4.3199180e+00   4.7734034e+00   2.9911372e+01   3.2491830e+01   4.1113923e+00   3.1124218e+00
   4.9841145e+00   1.3690018e+00   1.5960282e+01   8.3954403e+00   3.7094800e-01   3.7546676e+00
   3.8683590e+00   1.4073499e+00   1.2023585e+01   7.6042787e+00   3.9135356e-01   2.3359688e+00
   7.3302256e-01   2.0218263e+00   1.5688441e+00   3.5248310e+00   8.8708789e-01   1.1041038e-01
   5.9216387e-01   6.0432017e-01   1.2363933e-01   2.3862122e-01   9.4936787e-02   5.1176456e-02
   4.1421730e+00   2.1398727e+00   1.9113761e+01   1.0492941e+01   1.0189801e+00   2.8387967e+00
   3.5845556e+00   2.6980787e+00   1.4857505e+01   1.1435620e+01   1.2935825e+00   1.8402078e+00
   4.6558377e+00   1.2945495e+00   1.3499084e+01   8.2419562e+00   2.2770650e-01   3.1662796e+00
   4.2862239e+00   4.2391769e+00   2.1321078e+01   2.7170083e+01   3.3843610e+00   3.0315880e+00
   3.1080695e+00   6.1224082e-01   6.7796708e+00   3.5516218e+00   8.2182876e-02   1.4691556e+00
   3.9570410e+00   3.5030032e+00   2.0613281e+01   1.9744996e+01   2.2504400e+00   2.2985639e+00
   4.3619369e+00   3.7748434e+00   2.7699841e+01   2.2724813e+01   2.8841983e+00   3.2138762e+00
   2.2753838e+00   7.5890401e-01   5.4718231e+00   2.5202325e+00   1.4602074e-01   8.9661940e-01
   1.0392402e+00   3.2321882e+00   5.7121315e+00   7.7755149e+00   1.8510934e+00   1.4298742e-01
   2.4992096e+00   5.3975953e-01   7.0023479e+00   1.9279251e+00   1.0869789e-01   1.0716777e+00
   1.4881106e+00   3.4298422e+00   6.2464596e+00   1.1622207e+01   2.1407945e+00   2.2811231e-01
   1.0395450e+00   2.4864440e+00   3.0890120e+00   6.9327836e+00   1.0452256e+00   1.8429648e-01
   8.0408817e-01   3.2471644e+00   4.0232125e+00   8.7035422e+00   1.8724232e+00   9.5561483e-02
   2.7441913e+00   1.1883203e+00   6.6473421e+00   4.1673958e+00   2.5693838e-01   1.2682536e+00
   2.2083718e+00   1.1563328e+00   3.4559620e+00   4.2367950e+00   2.6054506e-01   7.7157322e-01
   1.2455153e+00   4.8914030e+00   8.7678296e+00   1.9593216e+01   4.5026448e+00   1.8605057e-01
   4.1100314e+00   3.7841305e+00   2.3761882e+01   2.3915243e+01   2.9522744e+00   2.8599267e+00
   5.0487754e-01   5.9273271e-01   2.3689879e-01   5.4625097e-01   9.9390454e-02   2.2284676e-02
   2.8013057e+00   1.9499410e+00   7.1581611e+00   8.1409311e+00   7.4535369e-01   1.0962078e+00
   1.7724018e+00   2.1642132e+00   4.9374784e+00   4.6766896e+00   7.1962179e-01   4.7941532e-01
   1.8758801e+00   1.4136236e+00   5.0707647e+00   2.8548969e+00   4.2067347e-01   4.5660274e-01
   3.4312674e+00   2.7124956e+00   1.1739867e+01   1.3005935e+01   1.2040630e+00   1.8949178e+00
   2.5561761e+00   1.1789892e+00   6.8573721e+00   4.4503755e+00   2.3652701e-01   1.1116459e+00
   3.3052316e+00   4.2999547e+00   2.0579316e+01   2.3382080e+01   3.7962478e+00   1.6177958e+00
   2.2470801e+00   2.8842785e+00   8.1304188e+00   1.2802091e+01   1.7195145e+00   8.4221691e-01
   1.7522061e+00   3.1871653e+00   6.1830353e+00   7.6913996e+00   1.5394629e+00   6.2156684e-01
   1.1600783e+00   1.9111138e+00   2.5821940e+00   4.5025933e+00   6.4471344e-01   2.6827204e-01
   2.8259955e+00   2.0418695e+00   7.3957078e+00   7.9823538e+00   6.4286324e-01   1.2508811e+00
   2.8347599e+00   2.5658514e+00   1.0980649e+01   8.5199121e+00   1.0421419e+00   1.5300681e+00
   2.9768683e+00   7.9776214e-01   7.9619356e+00   4.2730348e+00   1.6790839e-01   1.4700234e+00
   2.6081678e+00   1.8265228e+00   7.9250517e+00   7.2098352e+00   6.1284201e-01   9.6991558e-01
   3.3854215e+00   3.6017307e+00   1.3509721e+01   1.6805530e+01   2.3899761e+00   1.7715716e+00
   2.2238285e+00   1.1577034e+00   4.7358067e+00   2.2284563e+00   2.2663307e-01   8.6241812e-01
   1.4250779e+00   4.9036982e+00   9.1645988e+00   2.0755542e+01   4.1499536e+00   3.0116981e-01
   6.7129421e-01   4.9558691e+00   5.5161912e+00   1.7147893e+01   4.4369710e+00   8.5027849e-02
   4.5453262e+00   1.1586938e+00   1.6664341e+01   5.9917049e+00   2.3004945e-01   2.9970645e+00
   7.2897121e-01   2.3988466e+00   3.0800024e+00   3.8319199e+00   1.1372544e+00   1.1632643e-01
   1.8141097e+00   3.6110414e+00   6.1324581e+00   1.2705486e+01   2.4059252e+00   3.7016475e-01
   7.8092057e-01   3.2102532e+00   4.9580354e+00   9.3065729e+00   2.2229483e+00   1.0017412e-01
   9.2567200e-01   4.5754598e+00   8.3070892e+00   1.6323633e+01   3.9350641e+00   1.2525187e-01
   4.8123320e+00   1.2391943e+00   1.4999312e+01   9.6635857e+00   1.5954535e-01   3.9245087e+00
   2.8854851e+00   2.0562566e+00   8.5051122e+00   8.8131955e+00   7.3564152e-01   1.2795360e+00
   4.3490643e+00   2.6372029e+00   1.8907422e+01   1.4663518e+01   1.2641867e+00   2.8754726e+00
   3.2778876e+00   2.0693189e+00   1.1708752e+01   9.3475123e+00   7.4611970e-01   1.7043035e+00
   3.9451070e+00   3.0967500e+00   1.8020019e+01   1.4984063e+01   1.8099938e+00   2.5375487e+00
   9.1102063e-01   3.0238259e+00   3.8909076e+00   7.1113192e+00   1.4465538e+00   8.3917158e-02
   2.3328456e+00   4.8263261e+00   1.6386956e+01   2.4449329e+01   3.9708572e+00   8.1731248e-01
   4.8917809e+00   2.6791471e+00   2.5649940e+01   1.6479573e+01   1.4503515e+00   3.9861823e+00
   6.3049084e-01   2.6362521e+00   2.4867482e+00   5.9023242e+00   1.3117101e+00   1.1456627e-01
   1.0759479e+00   3.0149721e+00   3.7781773e+00   9.1925521e+00   1.4567389e+00   2.4585235e-01
   6.4259029e-01   3.6472655e+00   5.5267630e+00   8.7441695e+00   2.3876323e+00   7.0682094e-02
   1.5116124e+00   4.5503294e+00   9.2206918e+00   1.6500973e+01   3.8638286e+00   3.5297315e-01
   1.1142756e+00   1.7701136e+00   3.3150306e+00   3.0447426e+00   6.1041988e-01   1.7551670e-01
   3.9236875e+00   3.6633598e+00   1.9952963e+01   2.0181477e+01   2.0279348e+00   2.3600667e+00
   7.1208061e-01   3.3020311e+00   4.2497331e+00   8.9436372e+00   1.9655612e+00   5.2246774e-02
   1.4460457e+00   1.7902706e+00   4.1711579e+00   4.8052287e+00   6.6658693e-01   4.2088457e-01
   4.8870890e+00   4.5884515e+00   2.7316572e+01   3.3247057e+01   3.8797468e+00   3.6109926e+00
   1.7098452e+00   4.0321652e+00   8.3620884e+00   1.4077948e+01   2.4429625e+00   3.6073071e-01
   2.2370096e+00   4.7142981e+00   1.4570650e+01   2.2827894e+01   4.4143072e+00   7.5171413e-01
   7.7255007e-01   4.5128727e+00   7.4392873e+00   1.5993656e+01   3.9508105e+00   1.4956494e-01
   1.4265237e+00   2.0116305e+00   4.0827888e+00   5.0807617e+00   7.5683352e-01   2.3625420e-01
   4.2972663e+00   3.2859559e+00   2.0317792e+01   1.8209253e+01   1.6615706e+00   2.7188277e+00
   3.2774498e+00   2.5948869e+00   1.3006950e+01   1.3621208e+01   1.0956898e+00   1.8509147e+00
   3.7996728e+00   1.0460351e+00   8.9709776e+00   5.8835223e+00   1.3047407e-01   2.0312855e+00
   1.1323638e+00   4.7128068e+00   8.2643556e+00   1.7459526e+01   3.8792565e+00   1.7072440e-01
   4.9365598e+00   2.8790087e+00   2.1795127e+01   2.0794422e+01   1.5008979e+00   3.9175997e+00
   3.5229298e+00   4.6045455e+00   2.0803880e+01   2.0655594e+01   3.8759302e+00   1.6100758e+00
   4.5147109e+00   1.5726804e+00   1.5138347e+01   8.7498468e+00   3.9454665e-01   3.1737576e+00
   1.6002057e+00   1.9536024e+00   4.3037173e+00   4.3610377e+00   6.4223831e-01   4.3728128e-01
   3.2732721e+00   3.3894117e+00   1.5226352e+01   1.6795406e+01   2.0572944e+00   1.4613211e+00
   2.4120724e+00   2.2551527e+00   7.1266230e+00   6.6535262e+00   9.8717850e-01   9.5533497e-01
   2.2377265e+00   7.3744531e-01   3.9893854e+00   1.6883246e+00   1.1789365e-01   6.7256218e-01
   4.5452620e+00   4.0500923e+00   2.6002461e+01   2.6217466e+01   3.3816356e+00   3.1630518e+00
   4.3000994e+00   3.5050250e+00   2.0530660e+01   1.8575921e+01   1.7716063e+00   2.9664109e+00
   2.9536719e+00   3.2772664e+00   1.2065354e+01   1.4397885e+01   2.0777114e+00   1.2096656e+00
   4.0957550e+00   8.6643825e-01   1.1008172e+01   4.9212726e+00   1.2129161e-01   2.4559452e+00
   9.3135283e-01   1.7007722e+00   1.6644140e+00   3.0021199e+00   4.3254110e-01   7.1669492e-02
   2.0456710e+00   3.2067220e+00   9.0589649e+00   1.2347113e+01   2.0107433e+00   7.4240470e-01
   2.9319062e+00   4.7934363e+00   1.8774091e+01   2.6611418e+01   3.8527877e+00   1.3362462e+00
   2.5005534e+00   1.5572040e+00   6.2702599e+00   4.7112322e+00   4.0596820e-01   1.0098248e+00
   9.4293365e-01   1.3000708e+00   2.1486986e+00   1.6031964e+00   3.5755954e-01   1.7611892e-01
   3.2552304e+00   2.2944138e+00   1.1556068e+01   1.1114381e+01   9.5358479e-01   1.7013997e+00
   3.3995125e+00   2.4143633e+00   1.1973232e+01   9.7032406e+00   1.2045236e+00   1.9208092e+00
   3.1115663e+00   3.2065313e+00   1.4687262e+01   1.6634448e+01   1.9770924e+00   1.4249855e+00
   2.4546385e+00   9.1195263e-01   3.9406199e+00   1.7259461e+00   1.2568627e-01   7.4485856e-01
   3.5510293e+00   4.7855014e+00   2.2647035e+01   2.7933312e+01   4.1580349e+00   2.3220796e+00
   1.3586176e+00   1.3440274e+00   2.2160893e+00   2.2974562e+00   2.7079167e-01   3.4365183e-01
   4.5784667e+00   4.8776243e+00   3.3591708e+01   2.9340881e+01   4.4996021e+00   3.1697324e+00
   4.9406722e+00   2.1232577e+00   2.2114596e+01   1.2475235e+01   8.7505391e-01   4.0808932e+00
   4.7466990e+00   4.8976083e+00   3.3100642e+01   3.3555910e+01   4.4084464e+00   3.4715329e+00
   1.9416499e+00   1.1338089e+00   4.4420691e+00   3.5205024e+00   2.4899181e-01   5.4498654e-01
   8.5157113e-01   1.6378644e+00   1.8477906e+00   3.2485020e+00   4.6933428e-01   7.4800712e-02
   5.5869627e-01   1.3256161e+00   1.0354608e+00   2.2085249e+00   3.2347120e-01   6.4202987e-02
   3.7189375e+00   2.3518727e+00   1.2823901e+01   1.0216357e+01   8.2459943e-01   2.0208188e+00
   4.5501860e+00   2.6981269e+00   1.7638701e+01   1.5262969e+01   1.2009012e+00   2.9471066e+00
   3.3377872e+00   4.0713445e+00   2.1953013e+01   1.9475294e+01   3.2249593e+00   1.6872441e+00
   1.7190046e+00   3.0881905e+00   7.2250174e+00   8.4452850e+00   1.6793431e+00   5.5499216e-01
   1.3578178e+00   2.6406834e+00   4.0226163e+00   7.5555897e+00   1.0904579e+00   4.4901576e-01
   4.9222561e+00   2.9212709e+00   2.3887365e+01   1.7929923e+01   1.8340455e+00   4.0713087e+00
   2.3462779e+00   6.8078195e-01   4.1681103e+00   2.3799093e+00   1.1459804e-01   1.0187602e+00
   3.2952363e+00   2.5769647e+00   1.3319309e+01   1.1743173e+01   1.3600135e+00   1.5989097e+00
   4.6647123e+00   3.7285536e+00   2.9232909e+01   2.4913498e+01   2.5252026e+00   3.1133859e+00
   3.3438179e+00   3.1881775e+00   1.5610746e+01   1.4366393e+01   1.9781239e+00   1.7380677e+00
   1.1913413e+00   4.8696965e+00   8.2378473e+00   1.5255556e+01   4.0136221e+00   1.3014802e-01
   1.5429146e+00   3.4815118e+00   6.0811756e+00   1.1850947e+01   1.9187838e+00   3.2564353e-01
   4.7239092e+00   1.1823736e+00   1.7192317e+01   9.6244180e+00   2.9004321e-01   3.6013350e+00
   2.7161805e+00   1.0836270e+00   7.6620891e+00   4.7088441e+00   1.6465627e-01   1.3073360e+00
   2.6843439e+00   4.5960231e+00   1.6113591e+01   2.4230323e+01   4.2349610e+00   1.1048867e+00
   2.9035417e+00   4.6391935e+00   1.6080105e+01   2.1154121e+01   3.7693212e+00   1.3332406e+00
   4.5414104e+00   1.1241232e+00   1.2515496e+01   8.2099064e+00   1.9194051e-01   3.1634202e+00
   2.6738840e+00   7.2195856e-01   4.9903264e+00   2.3579139e+00   1.1569181e-01   1.0517243e+00
   8.2856135e-01   1.6579098e+00   1.5454320e+00   3.0284305e+00   4.7904535e-01   1.7752813e-01
   3.9425717e+00   4.7353942e+00   2.4713300e+01   3.1270674e+01   3.9548574e+00   2.7632035e+00
   2.6735884e+00   2.2900056e+00   8.0484258e+00   6.7903109e+00   9.7376742e-01   1.1550828e+00
   1.2592595e+00   2.2278113e+00   3.5519006e+00   5.3638606e+00   8.1387798e-01   2.0009419e-01
   1.8219071e+00   3.9339170e+00   8.8026354e+00   1.4865180e+01   3.0948969e+00   5.7054145e-01
   1.7356633e+00   1.2169111e+00   2.7427202e+00   2.7227486e+00   2.2335577e-01   3.9705969e-01
   1.8152524e+00   4.3177201e+00   9.9354960e+00   1.6956244e+01   3.5360163e+00   5.1556129e-01
   4.7355367e+00   2.0073480e+00   1.8631457e+01   1.2333442e+01   6.2975378e-01   3.6143173e+00
   2.3393729e+00   3.3501823e+00   9.7325515e+00   1.1216410e+01   1.8396681e+00   7.2170516e-01
   2.3785776e+00   6.4054048e-01   7.1716867e+00   2.1538383e+00   1.0028843e-01   8.8584296e-01
   2.5964299e+00   3.3349148e+00   1.1059794e+01   1.4827910e+01   2.0739571e+00   9.4604516e-01
   1.9077843e+00   4.0021660e+00   1.1256787e+01   1.8784292e+01   3.5032568e+00   7.1785018e-01
   4.3761561e+00   2.4805043e+00   1.8720168e+01   1.3377651e+01   9.4252169e-01   3.0062156e+00
   3.0025006e+00   9.8895489e-01   7.8060580e+00   2.8628441e+00   1.3237188e-01   1.5148955e+00
   2.9884018e+00   8.7546807e-01   7.0691438e+00   3.2483443e+00   1.4938665e-01   1.3595562e+00
   8.6097261e-01   3.3117010e+00   5.2052346e+00   7.4023347e+00   1.6775522e+00   1.3252117e-01
   2.0880541e+00   1.9135148e+00   6.5685052e+00   5.7132157e+00   9.1491014e-01   8.5093903e-01
   2.0022895e+00   4.3225680e+00   1.1521477e+01   1.9183590e+01   3.2076299e+00   4.8240828e-01
   4.2840599e+00   8.6265241e-01   1.1916396e+01   5.6659903e+00   1.1798634e-01   3.0571034e+00
   1.8662266e+00   3.9182570e+00   1.0047941e+01   1.6575173e+01   3.2638980e+00   6.6978018e-01
   2.0005556e+00   3.6210817e+00   9.7170372e+00   1.5089320e+01   2.5434933e+00   5.9090006e-01
   4.0945457e+00   3.6673854e+00   1.8278605e+01   2.0797212e+01   2.3651912e+00   2.6794404e+00
   3.2023060e+00   1.2294500e+00   9.9019570e+00   5.4470987e+00   4.4987246e-01   1.8774333e+00
   9.4299829e-01   1.9746057e+00   1.8456548e+00   3.7823005e+00   5.6933877e-01   2.4635829e-01
   3.8544733e+00   3.8844745e+00   2.1422949e+01   1.9049570e+01   2.6881207e+00   2.5502852e+00
   2.0576953e+00   1.0204770e+00   3.7402725e+00   3.3464331e+00   2.4045017e-01   7.5443772e-01
   1.7163866e+00   4.4037429e+00   1.0293430e+01   1.6765025e+01   3.7050756e+00   4.3977187e-01
   1.5734210e+00   2.9865564e+00   5.6090936e+00   8.5003916e+00   1.2522078e+00   2.9687654e-01
   4.3089617e+00   4.4217696e+00   2.6233667e+01   3.0655006e+01   3.7749040e+00   3.0123722e+00
   3.0453811e+00   4.8880027e+00   1.8348537e+01   2.9327319e+01   3.8472864e+00   1.4147369e+00
   1.5501579e+00   3.2838289e+00   7.7847767e+00   1.0871662e+01   1.9964954e+00   4.4737257e-01
   1.7274891e+00   1.7392232e+00   3.6271626e+00   3.9092054e+00   6.0535422e-01   5.1549782e-01
   4.5097644e+00   5.5510167e-01   1.1810405e+01   3.7659779e+00   6.8210787e-03   2.8330840e+00
   2.8066626e+00   4.7992061e+00   1.6919026e+01   2.2523489e+01   4.5597914e+00   1.4127828e+00
   4.1305189e+00   3.6275846e+00   2.1755754e+01   1.7947743e+01   2.7151502e+00   2.5765574e+00
   4.5670896e+00   1.1812686e+00   1.4814828e+01   7.5049888e+00   2.6663943e-01   3.1188440e+00
   3.6501077e+00   3.3551952e+00   1.7975716e+01   1.5493172e+01   2.1482791e+00   2.0851792e+00
   2.7130852e+00   1.4196079e+00   6.1252910e+00   4.7157949e+00   3.1688889e-01   1.0510940e+00
   2.3506423e+00   4.7122486e+00   1.5385216e+01   1.8596998e+01   4.1153524e+00   7.4032146e-01
   2.7185648e+00   1.5234786e+00   9.4423810e+00   4.5083293e+00   5.0374307e-01   1.2104767e+00
   3.0509252e+00   1.1799554e+00   5.5571210e+00   5.2897379e+00   2.6351882e-01   1.3689507e+00
   4.2054928e+00   4.9390723e+00   2.4313444e+01   2.9466863e+01   4.3219373e+00   2.6262142e+00
   2.8097731e+00   4.8296732e+00   1.9495077e+01   2.1536951e+01   4.6495593e+00   1.2782107e+00
   1.4215672e+00   4.3720018e+00   1.0428491e+01   1.4997883e+01   3.2395329e+00   2.8853104e-01
   2.6961211e+00   2.4450898e+00   8.7885730e+00   9.6860095e+00   1.1089238e+00   1.1732236e+00
   6.6055364e-01   2.6570763e+00   2.4801675e+00   6.0596904e+00   1.2627166e+00   1.0476036e-01
   6.3884877e-01   4.1667236e+00   5.1556248e+00   1.4016631e+01   3.4371591e+00   1.5768098e-01
   3.1556407e+00   2.3911871e+00   1.1129803e+01   8.7907013e+00   8.5982192e-01   1.7850345e+00
   1.4338158e+00   5.2790719e-01   1.5525782e+00   9.0944244e-01   6.3280466e-02   3.1399307e-01
   3.2344590e+00   8.8090987e-01   8.3799110e+00   2.5735925e+00   2.1583029e-01   1.5456825e+00
   9.5686672e-01   2.5395347e+00   3.3418554e+00   4.7939630e+00   1.1761882e+00   7.5182694e-02
   1.5720139e+00   4.8321194e+00   1.3279671e+01   1.9909999e+01   4.3889180e+00   3.2307509e-01
   4.2661627e+00   1.8219652e+00   1.3747094e+01   9.5749789e+00   6.3972710e-01   2.8393053e+00
   4.6142162e+00   1.9983408e+00   1.9925575e+01   1.0655162e+01   8.4929267e-01   3.0812849e+00
   1.0157359e+00   3.7428178e+00   5.2036670e+00   9.8401576e+00   2.7370758e+00   2.0848592e-01
   1.2893864e+00   1.1469216e+00   2.4887390e+00   2.4265710e+00   3.8104135e-01   3.1959344e-01
   4.6739093e+00   3.9033868e+00   2.5560886e+01   2.0985531e+01   2.8086567e+00   3.4582718e+00
   4.5046786e+00   4.2129354e+00   2.7519946e+01   2.4216800e+01   3.4322583e+00   3.1443719e+00
   4.9267533e+00   3.5295818e+00   2.6406041e+01   2.2713060e+01   2.3250607e+00   3.5772076e+00
   3.6212413e+00   1.4525069e+00   1.0463175e+01   4.3713824e+00   4.7255515e-01   2.0342863e+00
   3.7901261e+00   4.9861767e+00   2.7914573e+01   3.0283479e+01   4.6387101e+00   2.2615191e+00
   4.7038406e+00   4.4236260e+00   2.7980396e+01   2.8132171e+01   4.0540647e+00   3.5923111e+00
   3.7292788e+00   4.1296914e+00   1.9755190e+01   2.0358584e+01   3.2692072e+00   2.0002107e+00
   2.6438131e+00   2.7391149e+00   9.3324378e+00   1.0644871e+01   1.6472088e+00   1.1277990e+00
   3.1520181e+00   2.8790137e+00   1.2506034e+01   1.2500172e+01   1.4076660e+00   1.5695449e+00
   3.7122733e+00   1.5165937e+00   9.5139629e+00   8.4498639e+00   3.3675122e-01   2.4400933e+00
   1.0010708e+00   2.8526311e+00   3.9535357e+00   7.2314949e+00   1.3251921e+00   1.8742422e-01
   4.1667292e+00   1.5159164e+00   1.4097288e+01   6.6991771e+00   4.6601872e-01   2.6268440e+00
   2.6704622e+00   1.9518767e+00   1.0639384e+01   8.9872053e+00   8.4293924e-01   1.0859026e+00
   3.5759970e+00   1.4715503e+00   1.1864895e+01   5.9145737e+00   3.3625095e-01   2.0094908e+00
   4.5207538e+00   2.6516164e+00   1.8832920e+01   1.8459004e+01   1.0566626e+00   3.2767369e+00
   3.6128328e+00   2.7428032e+00   1.3569987e+01   1.2012038e+01   1.6849145e+00   2.1833903e+00
   5.4342100e-01   4.2508220e+00   5.2013432e+00   1.3907072e+01   3.4192992e+00   4.3300781e-03
   1.8615931e+00   2.0571520e+00   3.7528419e+00   5.2010563e+00   8.0286852e-01   6.4567228e-01
   2.9635614e+00   6.9661218e-01   5.3951293e+00   2.7499991e+00   5.0348020e-02   1.2424480e+00
   3.2822136e+00   4.1193291e+00   2.0175165e+01   2.3019171e+01   3.3141891e+00   2.1478276e+00
   2.9075924e+00   3.5644824e+00   1.3670761e+01   1.9230779e+01   2.2855790e+00   1.4589630e+00
   5.9616629e-01   4.2074865e+00   4.1781274e+00   1.1683547e+01   2.7542810e+00   7.3682262e-02
   2.9134412e+00   1.0964477e+00   6.4136213e+00   3.0995380e+00   2.4021975e-01   1.2450249e+00
   5.8360242e-01   7.4913006e-01   3.1368830e-01   9.4128680e-01   1.1423908e-01   4.8167587e-02
   4.2006854e+00   4.2778331e+00   2.4674369e+01   2.4977189e+01   3.1614888e+00   2.8368714e+00
   3.8806469e+00   4.0513825e+00   1.9959211e+01   2.3742100e+01   2.6928464e+00   2.4151844e+00
   2.6189388e+00   4.9510518e+00   1.3680538e+01   2.7198809e+01   4.0689714e+00   1.1755803e+00
   3.9662433e+00   6.2772471e-01   8.9451639e+00   3.5785834e+00   3.8952093e-02   2.4972898e+00
   3.1059205e+00   3.9018686e+00   1.5436431e+01   1.7452197e+01   2.8429602e+00   1.5306080e+00
   1.9372588e+00   1.2425433e+00   2.5125257e+00   4.0305413e+00   1.6807144e-01   5.7056092e-01
   2.1393236e+00   1.8814443e+00   5.1128576e+00   6.0310658e+00   6.4337707e-01   7.4946851e-01
   1.2526934e+00   2.1377123e+00   4.1215423e+00   4.7590399e+00   6.1851182e-01   2.7959808e-01
   2.1465339e+00   2.4181793e+00   6.6822427e+00   6.7745314e+00   1.1603833e+00   6.9249052e-01
   4.3759392e+00   4.6037020e+00   2.5809059e+01   2.7119467e+01   4.1597581e+00   3.0875937e+00
   7.0083063e-01   3.9336106e+00   4.2788720e+00   1.2476164e+01   2.5356440e+00   7.6612336e-02
   4.8291434e+00   3.4770675e+00   2.7129259e+01   2.2910856e+01   2.3649606e+00   3.6334167e+00
   5.7904030e-01   4.3040494e+00   6.0408699e+00   1.4163993e+01   3.8284938e+00   5.5690297e-02
   2.6953907e+00   7.7945336e-01   4.3765745e+00   3.8541682e+00   6.0900022e-02   1.1946267e+00
   2.2188882e+00   5.3014893e-01   2.4207930e+00   2.8196477e+00   2.3708431e-02   9.1965676e-01
   3.5895148e+00   8.0284615e-01   8.4095814e+00   4.4948395e+00   1.5983898e-01   2.1048704e+00
   3.0080844e+00   8.5875030e-01   6.2227028e+00   3.5295294e+00   1.2843607e-01   1.4986155e+00
   4.4980616e+00   4.5175465e+00   2.6601460e+01   2.4737021e+01   3.6770109e+00   3.3272157e+00
   3.0624212e+00   1.8472606e+00   8.4831198e+00   5.3174899e+00   6.1420176e-01   1.2683257e+00
   3.6821174e+00   1.0261488e+00   1.1173089e+01   7.6021117e+00   2.1308411e-01   2.0368041e+00
   2.7792034e+00   1.1714391e+00   6.7768388e+00   3.6176827e+00   2.4750646e-01   1.1911762e+00
   3.4143800e+00   3.9186468e+00   1.9257664e+01   2.0934975e+01   2.7369446e+00   1.9372535e+00
   1.3746553e+00   2.3318722e+00   4.2309862e+00   6.8956722e+00   9.1659005e-01   2.9764432e-01
   2.6389757e+00   3.3250500e+00   8.8441941e+00   1.3564746e+01   1.9480283e+00   1.1415496e+00
   9.4617779e-01   8.4242677e-01   1.0179136e+00   9.2407679e-01   1.1319112e-01   1.7954535e-01
   4.7797800e+00   3.6867863e+00   2.5427274e+01   2.4044002e+01   2.5605907e+00   3.8143593e+00
   2.1537032e+00   4.5369167e+00   1.5005796e+01   1.9517777e+01   4.1894820e+00   6.9306402e-01
   4.3557758e+00   1.6397267e+00   1.3205682e+01   8.5418637e+00   2.8689349e-01   2.8075706e+00
   4.9059324e+00   4.5516397e+00   3.0169268e+01   2.6641778e+01   4.2082290e+00   3.6672991e+00
   1.8822691e+00   1.2255900e+00   4.2444062e+00   2.9759120e+00   4.0745641e-01   5.1623490e-01
   4.2699631e+00   4.5424675e+00   2.5500397e+01   3.0257885e+01   3.7000842e+00   3.0583796e+00
   7.0763985e-01   3.6037889e+00   3.7673861e+00   8.4673718e+00   2.2222223e+00   1.3318862e-01
   4.4082068e+00   4.8589676e+00   3.0600958e+01   2.6882553e+01   4.2636913e+00   2.6371960e+00
   2.0102846e+00   2.3370169e+00   5.1968111e+00   8.0910187e+00   9.5014238e-01   6.8190975e-01
   1.8558456e+00   4.6541853e+00   9.2800458e+00   2.0425211e+01   3.5186964e+00   5.9813576e-01
   4.5290270e+00   1.9743158e+00   1.8052438e+01   1.2036564e+01   6.5512084e-01   3.0294611e+00
   2.8373018e+00   7.4270246e-01   6.7593381e+00   4.2194549e+00   1.3301334e-01   1.2624374e+00
   1.6724233e+00   3.3486302e+00   7.4852339e+00   9.8904212e+00   2.0445191e+00   3.6483545e-01
   4.7340466e+00   1.3831614e+00   1.6940400e+01   1.1251498e+01   4.4520462e-01   3.6138685e+00
   4.1348257e+00   6.1677755e-01   9.9454722e+00   6.5686010e+00   6.8774517e-02   2.7557070e+00
   9.5453388e-01   3.1128863e+00   5.0165440e+00   7.0942529e+00   1.9534630e+00   1.1484270e-01
   4.9365696e+00   2.7947015e+00   2.5089275e+01   1.9741743e+01   1.3906142e+00   3.9491693e+00
   1.0213562e+00   3.3638615e+00   2.7116261e+00   7.3526294e+00   1.7228694e+00   7.9257398e-02
   2.8574074e+00   4.1702437e+00   1.6293653e+01   2.1176580e+01   3.0398029e+00   1.0809003e+00
   9.6460701e-01   4.0627233e+00   5.5210697e+00   1.3925720e+01   2.9901926e+00   2.6695980e-01
   8.8763302e-01   2.3789813e+00   2.8238011e+00   4.3595500e+00   1.1467476e+00   7.7317770e-02
   3.0089576e+00   1.7561136e+00   8.0858133e+00   5.7327530e+00   6.4880364e-01   1.1781422e+00
   4.6323881e+00   3.4594441e+00   2.4821579e+01   2.0752934e+01   2.0577685e+00   3.4729435e+00
   7.7533382e-01   2.8495752e+00   2.8851829e+00   8.4526438e+00   1.4497771e+00   7.2495902e-02
   4.4578104e+00   6.8387529e-01   1.5027492e+01   3.9262559e+00   8.4454625e-02   2.5616957e+00
   2.7117326e+00   3.5475833e+00   1.2223197e+01   1.4021396e+01   2.4060701e+00   1.0848728e+00
   2.0363563e+00   1.7278421e+00   3.9840560e+00   5.2603427e+00   3.8859266e-01   6.5415518e-01
   4.2044068e+00   2.1426285e+00   1.5463240e+01   1.2285185e+01   7.8718539e-01   2.5501008e+00
   4.7602216e+00   4.1329444e+00   2.7292501e+01   3.0208759e+01   3.1734529e+00   3.8564874e+00
   3.4228585e+00   4.7766327e+00   1.8427948e+01   2.6288211e+01   4.0080152e+00   1.8337981e+00
   4.9001532e+00   2.2437634e+00   2.2278472e+01   1.4231513e+01   9.7089310e-01   3.9416111e+00
   2.7759356e+00   4.8909000e+00   1.6147343e+01   2.5668376e+01   4.3516271e+00   1.1979681e+00
   4.5705167e+00   9.4769923e-01   1.5562867e+01   6.9600670e+00   1.7430990e-01   3.5514732e+00
   2.9505778e+00   4.6518729e+00   1.8023126e+01   2.3780596e+01   3.8231986e+00   1.4386589e+00
   4.1868015e+00   5.1702988e-01   1.0999059e+01   4.8738160e+00   7.9838637e-02   2.5803869e+00
   4.4239097e+00   4.1829398e+00   2.3344134e+01   2.5131340e+01   3.2087382e+00   3.2812180e+00
   4.1953457e+00   4.4317507e+00   2.3794469e+01   3.0387271e+01   3.3328138e+00   3.2347737e+00
   4.0129692e+00   4.0038495e+00   2.3975140e+01   2.7974503e+01   3.1134702e+00   2.9318960e+00
   4.4744799e+00   4.5758990e+00   2.7133342e+01   2.9773002e+01   3.6444215e+00   2.9141446e+00
   6.4206747e-01   2.0862026e+00   2.1211589e+00   3.6159165e+00   1.0414944e+00   6.0241089e-02
   4.9195848e+00   4.4115462e+00   2.9067417e+01   2.9746466e+01   3.7910840e+00   3.8395087e+00
   4.4522997e+00   3.2522931e+00   2.4882078e+01   2.1517140e+01   1.8150921e+00   3.1688170e+00
   3.4149904e+00   4.9979852e+00   1.9058530e+01   3.0488227e+01   4.1456503e+00   2.0779326e+00
   3.6792869e+00   1.7487468e+00   1.4809651e+01   8.4855331e+00   5.1121555e-01   2.1246437e+00
   4.7693508e+00   1.8248127e+00   1.6664100e+01   1.0910558e+01   4.4760414e-01   3.7759751e+00
   2.4444212e+00   4.4009938e+00   1.4893631e+01   1.9820467e+01   3.5106957e+00   7.7039145e-01
   4.6003924e+00   1.9940974e+00   1.9209719e+01   1.3887074e+01   8.4072017e-01   3.5278128e+00
   4.9242196e+00   1.4417245e+00   1.7994811e+01   9.4182208e+00   2.6573167e-01   3.7709509e+00
   2.4844010e+00   2.5806885e+00   1.0386215e+01   1.0600602e+01   1.3988931e+00   1.1879138e+00
   1.6239084e+00   3.1609064e+00   7.2678569e+00   1.0458661e+01   1.9488844e+00   3.6827755e-01
   3.3327324e+00   5.4734530e-01   7.2808876e+00   4.0781900e+00   5.2996401e-02   1.8542353e+00
   3.1928409e+00   9.4905655e-01   6.9227891e+00   3.2418197e+00   1.1507123e-01   1.6136358e+00
   5.4530219e-01   3.7493783e+00   3.1142627e+00   1.3960583e+01   2.6177733e+00   9.0793657e-02
   2.9139204e+00   7.2676312e-01   6.4003408e+00   3.8916741e+00   1.1382510e-01   1.4218661e+00
   2.8370532e+00   1.9663238e+00   9.8899998e+00   7.4740169e+00   6.6091412e-01   1.1566181e+00
   4.6492100e+00   1.8321383e+00   1.8595059e+01   9.1687217e+00   6.4872520e-01   3.3398613e+00
   1.2904131e+00   4.6459767e+00   8.2487240e+00   1.7607828e+01   3.8155937e+00   2.4300957e-01
   3.1863343e+00   3.6556891e+00   1.4415865e+01   1.7010630e+01   2.4990791e+00   1.7228242e+00
   5.2708181e-01   9.5259009e-01   9.9048344e-01   1.5089463e+00   1.5487103e-01   6.9587446e-02
   4.1404266e+00   1.6565554e+00   1.4129861e+01   7.7632245e+00   5.3339048e-01   2.4782729e+00
   3.1372536e+00   1.4713886e+00   9.1818312e+00   5.1834319e+00   5.4413122e-01   1.4580486e+00
   1.7740074e+00   1.9678500e+00   4.0165403e+00   5.6030373e+00   5.4894785e-01   3.5070883e-01
   1.5389850e+00   2.0848286e+00   4.9550961e+00   5.7932228e+00   1.0075257e+00   3.5420707e-01
   9.3550158e-01   4.3020774e+00   7.6112138e+00   1.2117961e+01   3.7463024e+00   1.5040609e-01
   2.8931672e+00   9.8864086e-01   7.4500488e+00   3.6000706e+00   1.8241491e-01   1.3468286e+00
   1.1193618e+00   1.1263044e+00   1.3075226e+00   2.6424853e+00   1.7386873e-01   3.2240804e-01
   3.9528021e+00   1.4266852e+00   1.3765652e+01   5.9515794e+00   3.5740152e-01   2.5144406e+00
   7.0868007e-01   7.0691328e-01   6.4978824e-01   8.2094161e-01   7.5089597e-02   8.9229001e-02
   5.5564498e-01   3.0792034e+00   3.1719575e+00   7.5453541e+00   1.7045048e+00   6.2243637e-02
   4.2116500e+00   4.3199895e+00   2.4665363e+01   2.5687645e+01   3.2422667e+00   2.8828076e+00
   4.2561036e+00   1.9308862e+00   1.7434811e+01   1.1194897e+01   6.8404044e-01   3.0126333e+00
   1.2851668e+00   5.8198490e-01   5.1041971e-01   4.5694078e-01   2.8044401e-02   1.5031751e-01
   4.0469853e+00   2.3902683e+00   1.6140321e+01   1.0571194e+01   9.8638999e-01   2.5906884e+00
   1.8829800e+00   3.5917305e+00   7.7187065e+00   1.3822395e+01   2.2863047e+00   5.8140913e-01
   4.6918429e+00   1.1613894e+00   1.6904346e+01   8.0710488e+00   3.0850381e-01   3.3384602e+00
   4.4634604e+00   1.5987979e+00   1.9042394e+01   9.7652874e+00   5.8251662e-01   2.9026392e+00
   1.4220653e+00   1.4060705e+00   2.5778753e+00   3.8103523e+00   2.4702495e-01   3.6035630e-01
   2.9270692e+00   1.6946234e+00   1.0657268e+01   6.3968393e+00   5.9180967e-01   1.3251185e+00
   3.7858373e+00   3.3459252e+00   1.9678331e+01   1.6760882e+01   1.9551001e+00   2.1677346e+00
   4.1026499e+00   1.8531270e+00   1.2211404e+01   1.1970714e+01   5.4896336e-01   2.5942125e+00
   4.3248374e+00   2.2140210e+00   1.7650647e+01   1.0911215e+01   8.6594135e-01   2.6094335e+00
   2.6186262e+00   3.2010782e+00   9.0296763e+00   1.3865178e+01   1.7963472e+00   1.1969235e+00
   4.3897280e+00   1.5203180e+00   1.6223619e+01   9.8307210e+00   4.2314978e-01   2.9637474e+00
   3.3541056e+00   2.9895389e+00   1.3677819e+01   1.2830986e+01   1.6045896e+00   1.6586812e+00
   1.4935752e+00   1.9578740e+00   4.9880628e+00   4.4578287e+00   1.0016044e+00   3.4738181e-01
   1.1306195e+00   3.7210709e+00   5.8206527e+00   1.0652185e+01   2.5448592e+00   1.9692717e-01
   1.1521039e+00   1.2862564e+00   2.5103381e+00   2.3467312e+00   3.2001466e-01   2.5566954e-01
   3.9834152e+00   4.5596300e+00   2.5248503e+01   2.2905541e+01   3.8978193e+00   2.0623029e+00
   2.7549047e+00   7.7121728e-01   5.1506415e+00   2.9538011e+00   1.4001298e-01   1.0027180e+00
   1.9889412e+00   4.1036922e+00   8.4763292e+00   1.9147385e+01   3.2269390e+00   7.1784665e-01
   4.2380185e+00   5.4388902e-01   1.0250822e+01   4.9918312e+00   5.8601621e-02   3.1163728e+00
   3.7862095e+00   8.2235595e-01   1.0914579e+01   4.6480130e+00   7.1264101e-02   2.1060725e+00
   6.5756434e-01   2.0918603e+00   1.7943227e+00   3.4132535e+00   8.6475909e-01   7.7263255e-02
   4.0880147e+00   2.3223842e+00   1.6306074e+01   1.1749814e+01   1.0354619e+00   2.8663598e+00
   3.9069670e+00   2.4672636e+00   1.4290974e+01   1.3798809e+01   9.9260446e-01   2.4340202e+00
   3.6196539e+00   1.3428335e+00   1.2589941e+01   4.3294173e+00   3.1578680e-01   2.1976657e+00
   2.7494014e+00   7.4134069e-01   5.5760393e+00   1.9153611e+00   1.1169621e-01   1.1241510e+00
   1.3764526e+00   4.6849095e+00   8.0782410e+00   2.0205803e+01   3.6955544e+00   2.3735615e-01
   3.4915893e+00   3.2105659e+00   1.4536329e+01   1.6372374e+01   1.5762651e+00   1.9194461e+00
   1.2368991e+00   4.7780102e+00   9.6002522e+00   1.7983252e+01   4.5902019e+00   2.8110633e-01
   2.2496262e+00   2.9404996e+00   8.1038570e+00   1.0710630e+01   1.5024539e+00   6.7311344e-01
   1.1889297e+00   4.8516345e+00   8.8353952e+00   2.0006489e+01   4.1292632e+00   2.8648274e-01
   7.3725081e-01   1.2283296e+00   8.1501249e-01   2.9297220e+00   2.6796205e-01   1.0690626e-01
   3.6154784e+00   5.0183672e-01   7.8840236e+00   4.2281837e+00   6.4019255e-02   2.4424142e+00
   8.0757493e-01   4.3797397e+00   5.5124241e+00   1.5269169e+01   3.5718516e+00   1.1022480e-01
   3.0695692e+00   1.9380043e+00   8.8362635e+00   6.8724673e+00   7.1311914e-01   1.4341686e+00
   4.7737947e+00   1.3782340e+00   1.6946733e+01   9.7639956e+00   3.1028350e-01   3.7646909e+00
   9.8973625e-01   4.9971279e+00   8.2369157e+00   2.0650008e+01   4.4484576e+00   2.1135730e-01
   3.0486180e+00   1.4468295e+00   8.4511929e+00   5.0498554e+00   5.4809171e-01   1.5286581e+00
   1.0944302e+00   1.7265937e+00   2.9500349e+00   2.5745206e+00   5.5290840e-01   1.9292787e-01
   1.0006444e+00   4.7678987e+00   7.3295901e+00   1.6685220e+01   4.1977414e+00   1.4593121e-01
   4.1151525e+00   5.6971367e-01   1.1781947e+01   3.1133767e+00   6.3567435e-02   3.0049885e+00
   4.5299379e+00   4.4922312e+00   2.6648084e+01   2.9047248e+01   3.8759378e+00   3.1487060e+00
   1.8054706e+00   3.4434053e+00   6.6481170e+00   1.3145811e+01   1.9177914e+00   4.9040450e-01
   3.0450428e+00   4.7958698e+00   1.7842254e+01   2.6366291e+01   4.1601777e+00   1.3955475e+00
   5.8923150e-01   2.2224298e+00   2.3055496e+00   4.1779178e+00   1.0938944e+00   2.9877111e-02
   1.8718843e+00   3.2007745e+00   7.4519765e+00   1.3042597e+01   1.9387676e+00   6.3049747e-01
   4.5909716e+00   1.6382931e+00   1.6482573e+01   9.5288454e+00   4.7948192e-01   3.0186551e+00
   3.1709981e+00   3.2022986e+00   1.2005372e+01   1.2481119e+01   1.7365754e+00   1.5954696e+00
   3.1169400e+00   1.4140683e+00   8.0320097e+00   5.1236743e+00   2.8441441e-01   1.4652177e+00
   4.4023293e+00   3.5765538e+00   1.9341317e+01   1.7849279e+01   2.4075601e+00   2.9899823e+00
   4.2543003e+00   1.1827509e+00   1.3763147e+01   8.7188795e+00   2.0707468e-01   2.8328533e+00
   1.1501136e+00   1.9864142e+00   3.9753050e+00   4.2663165e+00   6.6163828e-01   1.7730718e-01
   7.3872952e-01   3.9825523e+00   5.1659710e+00   1.1079990e+01   3.0516564e+00   5.0283058e-02
   4.4488586e+00   2.0414031e+00   1.8574641e+01   1.3223595e+01   7.8660265e-01   3.4411912e+00
   2.3891314e+00   7.8452234e-01   4.0939752e+00   2.6760490e+00   1.8018276e-01   8.6607166e-01
   1.1626273e+00   3.7818675e+00   7.4782294e+00   1.0808404e+01   2.6514348e+00   1.9951128e-01
   1.5150440e+00   3.1904589e+00   7.1523774e+00   1.1077732e+01   2.0465009e+00   4.4228198e-01
   1.8833517e+00   6.9267142e-01   1.5812137e+00   1.1267269e+00   5.2025235e-02   5.0885272e-01
   3.9346778e+00   4.0674099e+00   2.2185748e+01   2.4014347e+01   3.0567213e+00   2.8619792e+00
   1.9110106e+00   4.0887121e+00   9.5433168e+00   1.5326426e+01   2.9550434e+00   6.5739019e-01
   5.9156994e-01   4.6416797e+00   6.0019693e+00   1.9390261e+01   4.0181881e+00   4.6620839e-02
   4.2352076e+00   3.0300793e+00   1.8662720e+01   1.5097200e+01   1.4690925e+00   2.7881361e+00
   4.9629868e+00   1.1144933e+00   1.3767961e+01   7.6138468e+00   1.4568540e-01   3.2447159e+00
   4.9067335e+00   2.0128038e+00   1.9300029e+01   1.1381222e+01   6.3833891e-01   3.6613682e+00
   3.2241185e+00   3.0850357e+00   1.3345733e+01   1.3451067e+01   1.7324031e+00   1.6091821e+00
   3.1056365e+00   1.4743139e+00   8.3024987e+00   5.6069229e+00   3.6908252e-01   1.6605493e+00
   2.1177730e+00   3.8837412e+00   1.0213713e+01   1.6272834e+01   2.8600695e+00   7.4488733e-01
   4.4251889e+00   3.5729711e+00   2.4315696e+01   2.0031051e+01   2.2806425e+00   2.8291503e+00
   4.2077320e+00   2.8450167e+00   2.0020555e+01   1.5574327e+01   1.4551293e+00   2.8644964e+00
   1.7411202e+00   3.3747052e+00   8.7764826e+00   1.1193475e+01   2.6120505e+00   5.0096746e-01
   2.6374983e+00   4.7625690e+00   1.3821508e+01   2.4575053e+01   3.5630595e+00   9.2557975e-01
   8.0084684e-01   6.1646289e-01   5.4725918e-01   8.3677266e-01   9.0899618e-02   8.6613865e-02
   5.5083202e-01   2.1153089e+00   2.0374340e+00   2.4086584e+00   9.9538212e-01   5.8690565e-02
   4.2796979e+00   2.5682528e+00   1.7817567e+01   1.4601056e+01   1.2201232e+00   3.1675533e+00
   9.3686670e-01   1.6634869e+00   1.9551513e+00   4.0473215e+00   4.4785118e-01   1.8248117e-01
   2.7700924e+00   2.0471284e+00   6.9986085e+00   1.0178468e+01   5.7490739e-01   1.3328434e+00
   4.2577423e+00   4.5487985e+00   2.7339270e+01   3.0134607e+01   3.5759936e+00   2.7788167e+00
   3.4385859e+00   4.3600756e+00   1.9131609e+01   2.1398858e+01   3.3826309e+00   1.8552147e+00
   3.2904422e+00   3.1078305e+00   1.3581430e+01   1.6685343e+01   1.6395866e+00   1.7251224e+00
   3.5410007e+00   6.4928506e-01   7.7947187e+00   4.5125460e+00   1.7371916e-02   1.8969816e+00
   4.2315838e+00   1.7270460e+00   1.6279565e+01   8.3977664e+00   4.9879561e-01   3.1701062e+00
   2.4726259e+00   3.8928611e+00   1.4469806e+01   1.7030910e+01   2.7579041e+00   1.0274151e+00
   7.4399585e-01   4.0046344e+00   5.0803008e+00   1.1425494e+01   2.9384624e+00   6.5536921e-02
   1.4938691e+00   3.5781398e+00   5.4879455e+00   1.2099464e+01   2.0230314e+00   4.2262002e-01
   4.4674600e+00   4.3093336e+00   2.8499128e+01   2.7569895e+01   3.3585403e+00   3.2459110e+00
   3.0414035e+00   3.4065054e+00   1.5704065e+01   1.6991985e+01   2.2494500e+00   1.4164558e+00
   1.3676229e+00   3.8828612e+00   7.5080636e+00   1.3531298e+01   2.7925084e+00   1.6833915e-01
   8.5148912e-01   3.5880072e+00   4.2506534e+00   1.1265267e+01   2.2890776e+00   2.0078753e-01
   1.3542070e+00   5.8915868e-01   1.4907685e+00   1.0614741e+00   4.6188584e-02   3.9056570e-01
   4.8441269e+00   1.5665416e+00   1.5568454e+01   1.2342358e+01   3.7359243e-01   3.8531401e+00
   2.2057567e+00   1.9785542e+00   7.4240973e+00   6.9391494e+00   7.8556575e-01   7.5494908e-01
   3.7922834e+00   2.0796932e+00   1.6023549e+01   1.0255357e+01   9.5216353e-01   2.1921566e+00
   1.0507080e+00   6.1450721e-01   1.3246538e+00   1.2154887e+00   3.0849399e-02   1.8525377e-01
   3.2511309e+00   2.2479669e+00   1.1585619e+01   1.0805945e+01   9.0866158e-01   1.7585689e+00
   1.5672109e+00   1.3578436e+00   2.9555289e+00   4.1099853e+00   4.1839316e-01   5.5230950e-01
   4.0135284e+00   2.4011094e+00   1.7085667e+01   9.5328993e+00   1.2117940e+00   2.4399670e+00
   1.8861860e+00   1.8933908e+00   4.8617232e+00   7.0324146e+00   8.3935854e-01   7.3615353e-01
   1.8185714e+00   3.3583345e+00   6.6159047e+00   1.1976926e+01   1.8296310e+00   5.2297833e-01
   4.4881475e+00   1.2709133e+00   1.6411308e+01   6.0844960e+00   3.4219137e-01   3.2014541e+00
   1.9775147e+00   9.7294164e-01   3.4871713e+00   3.0115998e+00   1.4411053e-01   5.9183908e-01
   1.0908236e+00   1.8647574e+00   2.9604081e+00   2.6552925e+00   6.4184417e-01   2.0116567e-01
   2.8761386e+00   1.9224982e+00   8.5277927e+00   8.9584862e+00   6.0713786e-01   1.1646971e+00
   1.4594926e+00   6.6089328e-01   1.7331679e+00   1.0963332e+00   7.7696085e-02   3.5135018e-01
   4.5757194e+00   1.6734511e+00   1.8346086e+01   7.8865947e+00   5.9724179e-01   3.2396627e+00
   2.4021530e+00   1.9989757e+00   5.8073231e+00   4.8959068e+00   6.4135003e-01   8.3042396e-01
   2.6906752e+00   4.8522052e+00   1.4759625e+01   2.4430063e+01   3.8663897e+00   1.1853503e+00
   8.6356809e-01   2.4330829e+00   4.0665840e+00   4.2232963e+00   1.3459326e+00   8.6303044e-02
   4.8324789e+00   3.7791253e+00   2.3262156e+01   2.3560143e+01   2.5520521e+00   3.3447499e+00
   2.6567742e+00   1.3618294e+00   4.5550584e+00   3.6012723e+00   3.4146992e-01   1.1336525e+00
   1.2724292e+00   1.5621044e+00   3.2719504e+00   2.9866477e+00   4.5303679e-01   2.2476187e-01
   7.6550295e-01   3.1392782e+00   4.3229275e+00   7.7541685e+00   1.9245683e+00   1.0139395e-01
   4.1317936e+00   3.3755329e+00   2.0926736e+01   1.8225295e+01   2.2421111e+00   2.9592305e+00
   5.5190191e-01   2.4257017e+00   1.2781680e+00   3.9957635e+00   9.8288363e-01   3.9640096e-02
   1.3888804e+00   3.3866719e+00   8.0120269e+00   1.0763122e+01   2.1163682e+00   3.3536314e-01
   3.7002325e+00   4.4999355e+00   2.1629762e+01   2.9033468e+01   3.5518259e+00   2.1941043e+00
   2.7577695e+00   3.4471074e+00   1.0631570e+01   1.5601716e+01   2.0498237e+00   1.2551481e+00
   4.2087788e+00   2.2118607e+00   1.7809770e+01   1.0537402e+01   1.1030575e+00   2.9621206e+00
   1.2514353e+00   1.8681335e+00   3.6868300e+00   3.1838656e+00   5.5820358e-01   2.3120739e-01
   4.3022850e+00   1.8350346e+00   1.5430287e+01   8.4029318e+00   5.6732910e-01   2.8164559e+00
   1.8451326e+00   4.4889283e+00   1.2067218e+01   1.7439617e+01   3.4960835e+00   3.9782023e-01
   3.1239987e+00   1.1766331e+00   6.4899251e+00   3.7291204e+00   2.1440190e-01   1.6308650e+00
   4.8746206e+00   4.5722613e+00   2.8190111e+01   3.4130182e+01   3.7036581e+00   3.5069450e+00
   4.3668932e+00   2.8206011e+00   1.8805252e+01   1.6274267e+01   1.2070143e+00   3.2706042e+00
   3.7457592e+00   2.0161425e+00   1.4387133e+01   9.1404422e+00   7.5082109e-01   2.2988054e+00
   3.5236154e+00   7.2256606e-01   9.5693489e+00   3.7045072e+00   9.3701007e-02   2.2032940e+00
   4.0953936e+00   4.2785138e+00   2.2898653e+01   2.5582195e+01   3.2819538e+00   2.5991030e+00
   4.1203338e+00   4.6371400e+00   2.3319290e+01   3.0593753e+01   3.9910849e+00   2.9552314e+00
   2.0747570e+00   4.7334799e+00   1.0831045e+01   2.0343536e+01   3.9594058e+00   8.1128518e-01
   5.9803620e-01   1.8606379e+00   2.0161359e+00   1.9645231e+00   8.0015330e-01   2.5898376e-02
   3.0029119e+00   2.1332855e+00   8.7431149e+00   8.8465949e+00   6.6219232e-01   1.4699479e+00
   1.5689301e+00   1.8854725e+00   4.1175324e+00   6.3273209e+00   5.9188268e-01   3.7173388e-01
   2.1356795e+00   2.2809408e+00   7.7047449e+00   7.3567862e+00   1.0532572e+00   7.2596923e-01
   2.4013096e+00   1.1939757e+00   6.4068323e+00   4.5305116e+00   2.6215067e-01   8.9929187e-01
   3.3569021e+00   1.2355061e+00   9.2220013e+00   6.0621418e+00   3.2703951e-01   1.8972712e+00
   4.3110480e+00   4.3382854e+00   2.9578314e+01   2.6433053e+01   4.0894959e+00   2.9461397e+00
   4.4214702e+00   3.9638605e+00   2.3885200e+01   1.9857751e+01   2.8645190e+00   2.5753131e+00
   4.7674003e+00   2.7112345e+00   2.2239180e+01   1.4718334e+01   1.3197884e+00   3.6161944e+00
   4.5132691e+00   4.9962086e+00   3.2766950e+01   3.6339626e+01   4.7814310e+00   3.5147597e+00
   1.0266529e+00   2.3341474e+00   3.5011343e+00   5.1056153e+00   1.0546142e+00   1.3604460e-01
   3.7261418e+00   3.8072814e+00   1.8717803e+01   2.1525429e+01   2.6333968e+00   2.0238484e+00
   3.3955240e+00   4.5344010e+00   2.0222688e+01   2.3829074e+01   3.8307469e+00   1.8428136e+00
   8.1014597e-01   2.7327016e+00   2.5902882e+00   5.2491992e+00   1.1608312e+00   1.2080732e-01
   3.9922377e+00   3.0910371e+00   1.7136938e+01   1.7597354e+01   1.4598599e+00   2.4625553e+00
   1.9102971e+00   3.8135792e+00   7.4488192e+00   1.2480579e+01   2.3962417e+00   5.1079914e-01
   2.1044767e+00   4.2718349e+00   1.2299042e+01   1.7632303e+01   3.2096391e+00   7.8301732e-01
   1.0456662e+00   3.4108296e+00   4.5380217e+00   1.0546688e+01   1.9218260e+00   2.2816730e-01
   1.6563803e+00   2.5186362e+00   5.7889356e+00   6.3468570e+00   1.0582094e+00   4.8463897e-01
   2.2681739e+00   1.8180028e+00   7.0426888e+00   5.0463527e+00   6.2450792e-01   7.3769571e-01
   4.8943988e+00   9.0395770e-01   1.7841802e+01   7.0922625e+00   1.8188967e-01   3.7282783e+00
   1.9958375e+00   3.7376389e+00   9.1305268e+00   1.5323539e+01   2.6557080e+00   6.2208230e-01
   3.0078089e+00   4.4924731e+00   1.9193771e+01   2.4164870e+01   3.9908496e+00   1.4762120e+00
   3.9644849e+00   3.3889702e+00   1.8169630e+01   1.8599915e+01   2.1553167e+00   2.4192223e+00
   2.9785988e+00   2.8644881e+00   1.1424844e+01   1.2605883e+01   1.5881884e+00   1.2438289e+00
   1.7964378e+00   1.3466014e+00   4.5449452e+00   2.9763722e+00   3.8240493e-01   4.0723746e-01
   2.6721050e+00   1.6491771e+00   6.3940801e+00   6.9475218e+00   5.1656255e-01   1.2845049e+00
   3.4944895e+00   2.9735869e+00   1.6024080e+01   1.3524147e+01   1.6686758e+00   2.1600776e+00
   4.7808171e+00   1.9715517e+00   1.8919588e+01   1.3288948e+01   7.4277576e-01   3.6565562e+00
   4.5853759e+00   1.2281254e+00   1.7617093e+01   5.6596527e+00   2.0936028e-01   3.0956844e+00
   4.3177118e+00   4.6030488e+00   2.6306932e+01   2.7792462e+01   3.7294152e+00   3.0069164e+00
   3.9468066e+00   4.2642652e+00   2.0324318e+01   2.2508696e+01   3.2614977e+00   2.3837415e+00
   1.0983246e+00   3.5285260e+00   7.2565998e+00   1.1065021e+01   2.3555978e+00   1.9642391e-01
   3.4753521e+00   2.5709558e+00   9.8204667e+00   1.0019613e+01   1.0101282e+00   1.7078163e+00
   3.1811441e+00   7.4105885e-01   7.9644438e+00   3.2132010e+00   1.1372081e-01   1.3995168e+00
   2.4415006e+00   7.1065526e-01   4.8910535e+00   2.7498568e+00   9.6383875e-02   1.0682963e+00
   3.7603672e+00   1.6670494e+00   1.0906607e+01   7.8937071e+00   4.1365333e-01   2.3351865e+00
   4.8232949e+00   1.1875527e+00   1.8559102e+01   7.8193532e+00   2.6930414e-01   3.7208359e+00
   7.7780476e-01   3.4064344e+00   2.8283477e+00   1.0980748e+01   1.7740812e+00   1.2377788e-01
   1.7327315e+00   1.3596471e+00   3.5435254e+00   4.0186246e+00   2.9520173e-01   4.5486037e-01
   3.0520614e+00   4.0063577e+00   1.5496494e+01   1.8345260e+01   2.8329813e+00   1.2595250e+00
   3.9800772e+00   1.5142924e+00   1.2985440e+01   7.4534231e+00   4.5758507e-01   2.4610766e+00
   1.5287693e+00   2.5636337e+00   3.9502100e+00   6.4062654e+00   1.1815052e+00   3.9989574e-01
   2.7347260e+00   1.6719619e+00   5.8485208e+00   6.4146534e+00   4.2300995e-01   1.1529635e+00
   1.4597930e+00   3.9470910e+00   6.3070008e+00   1.1495858e+01   2.8579044e+00   4.0486295e-01
   4.8768088e+00   4.2570817e+00   3.1844830e+01   2.4849492e+01   3.2701998e+00   3.9143369e+00
   1.8355835e+00   1.8593525e+00   3.5200228e+00   5.5239878e+00   4.6930523e-01   4.6795585e-01
   3.5866367e+00   2.3252526e+00   1.2087181e+01   9.9538280e+00   9.8314607e-01   1.9700706e+00
   2.1690484e+00   4.6947391e+00   1.1608396e+01   2.3144342e+01   3.9446500e+00   8.3499632e-01
   2.2374419e+00   1.4061592e+00   4.8936462e+00   3.4028015e+00   3.7628716e-01   6.8317323e-01
   2.2109592e+00   3.9585622e+00   1.0672511e+01   1.5856183e+01   2.8348734e+00   7.7315922e-01
   2.9988531e+00   3.3317467e+00   1.2371007e+01   1.7131415e+01   2.0474151e+00   1.4608979e+00
   1.9826861e+00   1.6157322e+00   3.3598131e+00   6.1129862e+00   5.1656531e-01   5.9869343e-01
   1.6489211e+00   2.2449560e+00   3.5451859e+00   4.9956705e+00   8.6018805e-01   3.8027572e-01
   4.3945963e+00   1.6527497e+00   1.3213198e+01   9.6787029e+00   2.9578915e-01   2.8671264e+00
   8.4185962e-01   4.5349699e+00   6.8531499e+00   1.3472043e+01   4.0206827e+00   1.0754408e-01
   4.3936598e+00   2.2903389e+00   1.7624254e+01   1.1990074e+01   7.6040109e-01   3.2162758e+00
   4.2643194e+00   4.4189688e+00   2.7927137e+01   2.4687771e+01   3.8183691e+00   2.7919344e+00
   2.6026613e+00   9.7627014e-01   6.9859742e+00   4.2792991e+00   1.9676558e-01   1.0124232e+00
   3.9719087e+00   3.4748462e+00   2.0544755e+01   2.1116862e+01   2.1789706e+00   2.7435196e+00
   3.9211713e+00   2.6801177e+00   1.3829086e+01   1.4138335e+01   1.2197239e+00   2.3976981e+00
   1.2769988e+00   9.8256594e-01   2.0360233e+00   2.3449966e+00   1.3791126e-01   2.8366332e-01
   4.8368980e+00   3.4738824e+00   2.4108848e+01   2.2390705e+01   1.9184416e+00   3.8356432e+00
   4.4626474e+00   8.0880425e-01   1.2414646e+01   6.3383231e+00   9.2217530e-02   3.0392007e+00
   3.2063434e+00   3.7336935e+00   1.5194227e+01   2.0182311e+01   2.3749489e+00   1.4947246e+00
   5.9741585e-01   2.9715810e+00   3.3745757e+00   4.6619186e+00   1.6730102e+00   2.4528632e-02
   1.3180766e+00   4.9291092e+00   9.3565882e+00   2.1918922e+01   4.2910935e+00   3.0506981e-01
   1.8447554e+00   7.6837673e-01   2.3447837e+00   9.9821871e-01   5.7871761e-02   4.5568131e-01
   2.9447845e+00   2.6012985e+00   9.0892128e+00   8.6827149e+00   1.2892226e+00   1.5234847e+00
   3.6761771e+00   6.9540893e-01   7.7558522e+00   4.7926859e+00   3.6255484e-02   2.3565060e+00
   6.5684808e-01   4.8501607e+00   7.5346601e+00   1.8008469e+01   4.4081461e+00   9.6510402e-02
   2.1471923e+00   2.4535999e+00   5.7997139e+00   6.3758733e+00   1.0373496e+00   6.6852021e-01
   3.0768127e+00   9.7894872e-01   7.2234126e+00   3.7757186e+00   1.2130444e-01   1.4048732e+00
   2.0119422e+00   3.1129332e+00   8.4762036e+00   1.2654871e+01   1.8233657e+00   6.3417110e-01
   1.6322106e+00   7.5315879e-01   2.3396823e+00   7.1219165e-01   8.2171170e-02   4.1749918e-01
   3.0378566e+00   4.5082615e+00   1.6649825e+01   2.6899251e+01   3.3602339e+00   1.5301989e+00
   4.1290240e+00   1.7359494e+00   1.5057136e+01   7.3834454e+00   6.2428802e-01   2.8056513e+00
   4.6893607e+00   2.6282398e+00   2.0159169e+01   1.5886653e+01   1.4919244e+00   3.3533732e+00
   4.2569479e+00   3.7233447e+00   2.2943424e+01   2.3118835e+01   2.2144896e+00   2.7720703e+00
   4.5772730e+00   2.9723309e+00   2.2382373e+01   2.0184234e+01   1.3619768e+00   3.2474877e+00
   3.0872856e+00   1.4137689e+00   9.1069095e+00   5.0091732e+00   4.6780275e-01   1.5140709e+00
   4.7605302e+00   2.7132223e+00   2.4915944e+01   1.5276890e+01   1.4738824e+00   3.4915406e+00
   6.8521869e-01   3.4890094e+00   3.5814909e+00   9.6144686e+00   2.1887998e+00   8.2490496e-02
   3.7491139e+00   1.0259511e+00   1.0211618e+01   4.7478077e+00   2.8706933e-01   1.9584704e+00
   3.3562707e+00   1.4927339e+00   1.1822177e+01   7.2263636e+00   6.0175535e-01   2.0910011e+00
   1.3923410e+00   2.4746461e+00   3.6218226e+00   7.8273903e+00   1.0519379e+00   2.5929861e-01
   3.6812761e+00   3.6080378e+00   1.6048695e+01   1.7791383e+01   2.2460826e+00   2.1278231e+00
   4.4988807e+00   2.5405822e+00   1.9313164e+01   1.4865014e+01   1.0844379e+00   3.2570284e+00
   8.2550441e-01   4.6963407e+00   5.8480836e+00   1.9043142e+01   4.0436820e+00   9.0204531e-02
   4.7311074e+00   3.9782062e+00   2.7294594e+01   2.6034994e+01   2.8194857e+00   3.8569085e+00
   3.3120569e+00   5.4593492e-01   9.8131723e+00   3.3605234e+00   6.9629743e-02   1.8161632e+00
   1.9186068e+00   4.6692138e+00   8.9283970e+00   2.1244103e+01   4.2152318e+00   6.1922345e-01
   3.0253872e+00   9.6366202e-01   7.7839938e+00   3.8562198e+00   1.9854831e-01   1.3727610e+00
   8.8737430e-01   2.3411639e+00   2.1294477e+00   4.6724103e+00   8.4227828e-01   1.7405846e-01
   1.6093249e+00   8.0332909e-01   2.1256032e+00   1.9453646e+00   9.1988273e-02   4.8720389e-01
   2.0645514e+00   3.7696769e+00   9.5985148e+00   1.3375981e+01   2.7642969e+00   6.1794796e-01
   4.3906453e+00   4.7507835e+00   2.5206581e+01   3.6311106e+01   3.8846494e+00   3.2057588e+00
   9.4715701e-01   3.5204822e+00   4.2092795e+00   1.0635405e+01   2.3097030e+00   1.0490343e-01
   3.8223623e+00   2.5828859e+00   1.1812365e+01   1.5027230e+01   1.2729899e+00   2.1380091e+00
   1.7696737e+00   1.1958127e+00   2.2822697e+00   2.2461272e+00   1.7184589e-01   3.3627825e-01
   1.0411185e+00   8.4880443e-01   1.0175924e+00   1.0616467e+00   1.0407532e-01   1.5462951e-01
   4.2540776e+00   2.5584417e+00   1.6334833e+01   1.1014804e+01   1.2448232e+00   2.7048734e+00
   3.9390774e+00   2.2995397e+00   1.6951956e+01   1.4059081e+01   9.4921452e-01   2.4015907e+00
   3.9456162e+00   4.5238904e+00   2.4491519e+01   2.6936729e+01   3.5896217e+00   2.1023092e+00
   9.2659225e-01   2.9331468e+00   4.8294623e+00   5.5655777e+00   1.8848310e+00   1.3035606e-01
   3.6983733e+00   1.6568355e+00   1.2786845e+01   7.7323807e+00   4.4720885e-01   2.1792639e+00
   2.5841647e+00   2.7487235e+00   1.0055581e+01   8.7469200e+00   1.4575129e+00   9.9020523e-01
   9.2391179e-01   1.5326976e+00   1.4903122e+00   2.2824677e+00   4.2376471e-01   3.0300377e-02
   3.1307420e+00   1.2510604e+00   7.1064383e+00   6.3752320e+00   3.7009939e-01   1.5327639e+00
   4.1937187e+00   1.9287727e+00   1.6874573e+01   8.7970048e+00   5.7186095e-01   2.5848397e+00
   1.1548176e+00   3.2156185e+00   5.4177672e+00   8.4910759e+00   1.7479439e+00   1.5634472e-01
   4.4012219e+00   2.6230389e+00   1.6308002e+01   1.2684955e+01   1.2608844e+00   2.9058719e+00
   4.8632905e+00   3.9914999e+00   2.7301937e+01   2.6869623e+01   3.2120367e+00   3.5285811e+00
   9.3025542e-01   4.1951043e+00   6.4792196e+00   1.4060416e+01   3.2633906e+00   1.8848323e-01
   2.2456820e+00   1.7651726e+00   6.7706464e+00   6.4996017e+00   6.1266923e-01   9.2239731e-01
   3.9624282e+00   3.4587225e+00   1.7827553e+01   2.2575342e+01   1.8645677e+00   2.6210741e+00
   1.8271405e+00   1.0491858e+00   3.9850949e+00   2.2962264e+00   1.1071151e-01   6.6071968e-01
   4.4414526e+00   3.9077312e+00   2.4175442e+01   2.2332248e+01   2.6831411e+00   3.3725711e+00
   1.1881015e+00   5.9911201e-01   1.1825226e+00   1.0190165e+00   6.5792769e-02   2.5967881e-01
   4.7773950e+00   2.5783397e+00   2.3392791e+01   1.6695586e+01   1.5862903e+00   3.6352820e+00
   2.9577109e+00   1.6182600e+00   8.8957302e+00   7.8293503e+00   5.0051262e-01   1.2362369e+00
   4.2844572e+00   3.7496545e+00   1.9198935e+01   2.2713326e+01   2.3706568e+00   2.6675710e+00
   4.2373396e+00   4.3307942e+00   2.3086315e+01   2.6685064e+01   3.4588414e+00   2.7850994e+00
   2.2607391e+00   7.8490063e-01   4.4835104e+00   1.7496372e+00   1.1092058e-01   7.8118050e-01
   1.6837569e+00   3.5047076e+00   7.5453903e+00   1.1093802e+01   2.3162615e+00   7.6302513e-01
   3.9812641e+00   3.5429581e+00   1.6381336e+01   1.9518754e+01   1.8869023e+00   2.6042656e+00
   4.2492675e+00   6.6697925e-01   1.2072170e+01   5.9457992e+00   1.1525142e-01   2.6249031e+00
   1.7119200e+00   2.5535951e+00   5.1459048e+00   7.6274416e+00   1.0737789e+00   6.1834672e-01
   3.8631245e+00   1.0459329e+00   1.0187529e+01   5.4442955e+00   2.5206447e-01   2.4673376e+00
   3.2727708e+00   2.5235077e+00   1.2524657e+01   1.2334359e+01   1.2810057e+00   1.5694431e+00
   2.3294806e+00   4.5613894e+00   1.3070454e+01   2.0488848e+01   4.0166417e+00   7.8252880e-01
   3.4479216e+00   5.7497758e-01   7.0820864e+00   3.6068879e+00   4.8472502e-02   1.8740040e+00
   2.5563123e+00   4.6022010e+00   1.3807294e+01   2.0351694e+01   3.8039508e+00   9.1339039e-01
   3.8716164e+00   1.8888568e+00   1.5233341e+01   1.0334293e+01   6.4270239e-01   2.1947561e+00
   9.6537699e-01   4.3293240e+00   6.8572209e+00   1.4338006e+01   3.2409773e+00   1.3633146e-01
   1.2217806e+00   8.0298191e-01   2.0990681e+00   1.1567771e+00   1.4827558e-01   3.0406584e-01
   3.0021337e+00   1.5993520e+00   8.1299159e+00   5.2013933e+00   4.9472188e-01   1.6188095e+00
   2.3681562e+00   2.0576114e+00   8.2012737e+00   4.4657569e+00   8.9038951e-01   7.3486248e-01
   1.9930531e+00   2.5063746e+00   6.4199399e+00   6.7987752e+00   9.5542223e-01   6.1352136e-01
   1.4662944e+00   1.0684862e+00   1.4955872e+00   8.3951262e-01   1.1086571e-01   2.7044730e-01
   3.9733425e+00   2.8542527e+00   1.9162813e+01   1.7124414e+01   1.7594722e+00   2.5332037e+00
   3.7735759e+00   4.2990361e+00   1.9594641e+01   2.2077208e+01   3.6186360e+00   2.1660742e+00
   4.2877867e+00   3.5214084e+00   2.3370449e+01   1.8463345e+01   2.1310334e+00   3.0685000e+00
   1.1852824e+00   4.6772921e+00   7.8340329e+00   1.9279417e+01   3.8498897e+00   2.5698404e-01
   4.1729121e+00   2.5098305e+00   1.7659562e+01   1.1981364e+01   1.3260703e+00   2.7118508e+00
   9.2125131e-01   1.3479242e+00   7.7365868e-01   1.1671668e+00   4.1022813e-01   1.4969449e-01
   2.8744703e+00   2.3402104e+00   9.2387989e+00   6.7339487e+00   9.4229147e-01   1.1678928e+00
   1.2688985e+00   9.9369692e-01   1.5655149e+00   1.4202853e+00   1.4599204e-01   2.2074721e-01
   3.3605068e+00   1.1170367e+00   8.1787262e+00   3.9622449e+00   2.3418543e-01   1.6140555e+00
   1.1594569e+00   1.0093449e+00   7.6546509e-01   1.4834291e+00   6.9790416e-02   2.6103897e-01
   4.6464463e+00   4.0827170e+00   2.6416836e+01   2.3889538e+01   2.6286400e+00   3.6192527e+00
   3.9077876e+00   4.6489460e+00   2.3563572e+01   2.5099681e+01   3.4145921e+00   2.5629150e+00
   4.6805717e+00   2.4798679e+00   2.2487210e+01   1.4190840e+01   1.1916111e+00   3.6688972e+00
   4.2677935e+00   2.0904475e+00   1.6875821e+01   7.8527841e+00   8.0908283e-01   2.8431352e+00
   5.5871489e-01   3.8815365e+00   4.0810964e+00   8.6625684e+00   2.5987668e+00   6.1500278e-02
   1.9545224e+00   2.6663745e+00   7.8953614e+00   8.1554220e+00   1.5390803e+00   4.5216679e-01
   1.8085505e+00   3.0508721e+00   5.6568599e+00   1.1247158e+01   1.1763666e+00   5.2383230e-01
   1.0180698e+00   1.3403485e+00   2.1113498e+00   2.0122705e+00   3.9447911e-01   1.2604706e-01
   4.3262512e+00   2.3271705e+00   1.5708114e+01   1.5179423e+01   8.4857592e-01   2.6862538e+00
   4.9050434e+00   2.1706029e+00   2.2306905e+01   1.3748627e+01   8.6326155e-01   3.9686424e+00
   2.8899635e+00   9.4442328e-01   7.0743395e+00   4.0652997e+00   1.8390162e-01   1.2983627e+00
   2.9835251e+00   4.6808946e+00   1.5208841e+01   2.3599471e+01   3.8038826e+00   1.5175837e+00
   2.9146254e+00   3.8876972e+00   1.5799276e+01   1.6172261e+01   3.1495821e+00   1.4057663e+00
   1.9673153e+00   9.0582597e-01   4.1430163e+00   2.1207808e+00   1.1432099e-01   6.8964814e-01
   2.9842237e+00   2.0531350e+00   8.9932358e+00   7.5103165e+00   7.1460081e-01   1.2009824e+00
   1.3068720e+00   1.6892045e+00   3.3052077e+00   3.9750576e+00   4.8259756e-01   2.3403041e-01
   2.9014652e+00   2.6586399e+00   1.1318052e+01   9.7795933e+00   1.1954988e+00   1.0608861e+00
   1.5596171e+00   2.7216228e+00   4.3293344e+00   5.7295721e+00   1.3628846e+00   2.0719204e-01
   2.5313055e+00   4.6434175e+00   1.3772919e+01   2.2257266e+01   4.3044023e+00   1.0670727e+00
   1.5958239e+00   1.2410957e+00   3.1518382e+00   2.7845657e+00   2.7297265e-01   4.3632245e-01
   4.3498035e+00   4.2751493e+00   2.2780305e+01   2.4429222e+01   3.1380460e+00   3.0810519e+00
   7.2818060e-01   3.9502020e+00   4.7234448e+00   1.2282366e+01   2.8139254e+00   6.7633664e-02
   1.3669253e+00   2.9223985e+00   4.9071950e+00   8.1567567e+00   1.4001107e+00   2.8886880e-01
   4.5235445e+00   1.1484089e+00   1.4575424e+01   5.5884297e+00   3.1943772e-01   2.8730434e+00
   3.9934523e+00   3.2058272e+00   1.9477855e+01   1.6974563e+01   1.9751099e+00   2.5903650e+00
   1.1039503e+00   4.5534310e+00   7.9072455e+00   1.5912247e+01   3.8265372e+00   1.5902002e-01
   2.1061707e+00   1.5449359e+00   6.9625283e+00   3.6022563e+00   5.1495391e-01   6.7488078e-01
   2.9598646e+00   3.2132228e+00   1.2491624e+01   1.5388141e+01   1.7651758e+00   1.4747897e+00
   1.1113637e+00   3.6167298e+00   5.5064360e+00   8.8784269e+00   2.4501078e+00   1.4569582e-01
   3.0254190e+00   6.4532063e-01   6.9096542e+00   2.6628824e+00   1.1928875e-01   1.0554368e+00
   2.3972308e+00   1.9542352e+00   7.8698342e+00   5.8798789e+00   8.8454368e-01   7.9810130e-01
   2.1969438e+00   3.1814564e+00   9.8543424e+00   9.6642726e+00   1.7474318e+00   6.3854432e-01
   3.0892411e+00   3.0043444e+00   1.1662709e+01   1.4076735e+01   1.3501269e+00   1.5132871e+00
   4.3446246e+00   1.6681978e+00   1.7385669e+01   1.0576099e+01   6.6345686e-01   2.8568040e+00
   4.3048852e+00   1.5986217e+00   1.6365747e+01   8.1696821e+00   4.8090423e-01   2.8132581e+00
   4.0511914e+00   1.9903880e+00   1.4470696e+01   1.0412909e+01   6.9846503e-01   2.6995166e+00
   1.1757586e+00   4.4755803e+00   7.6825303e+00   1.5867915e+01   3.3912024e+00   2.0600672e-01
   3.2725817e+00   2.5735667e+00   1.0418455e+01   8.7968200e+00   1.0976969e+00   1.5041451e+00
   1.2918127e+00   7.1655748e-01   1.0279372e+00   1.3108085e+00   3.8119915e-02   3.4983628e-01
   2.5854679e+00   3.3191163e+00   1.0773143e+01   1.3349931e+01   2.1639858e+00   1.1045332e+00
   6.9880170e-01   4.7108827e+00   5.7051970e+00   1.6042867e+01   4.3365928e+00   6.2174047e-02
   4.2970448e+00   3.3463525e+00   2.0274660e+01   1.8882027e+01   1.9526100e+00   2.4399316e+00
   2.9081856e+00   3.7121683e+00   1.4962392e+01   2.0722854e+01   2.5207730e+00   1.3561334e+00
   4.6502878e+00   6.5972166e-01   1.5200553e+01   7.1395931e+00   1.1215652e-01   3.1549454e+00
   3.7930149e+00   2.5615644e+00   1.3547130e+01   1.1781879e+01   1.0530314e+00   2.4069214e+00
   2.2699978e+00   1.8012950e+00   5.2540825e+00   5.7237553e+00   7.0784039e-01   7.7659809e-01
   3.2634042e+00   4.8436628e+00   2.0850038e+01   2.7364568e+01   4.2525920e+00   1.7349199e+00
   3.2376819e+00   2.3824461e+00   1.2450660e+01   1.2212679e+01   1.2786718e+00   1.9077475e+00
   4.5327330e+00   7.0809825e-01   1.2722602e+01   6.0232823e+00   4.4980544e-02   2.9887446e+00
   4.8648530e+00   3.2879205e+00   2.5410152e+01   2.3988100e+01   2.1094513e+00   3.8284914e+00
   3.0855576e+00   2.5840103e+00   9.4218179e+00   1.3899257e+01   1.2172290e+00   1.5340228e+00
   2.0295935e+00   1.5189176e+00   5.1192009e+00   4.3471962e+00   3.8982413e-01   5.6298223e-01
   4.4587702e+00   4.7957296e+00   3.0545744e+01   3.2268040e+01   4.0931115e+00   3.3981107e+00
   4.8054472e+00   3.2229550e+00   2.2283957e+01   2.0850429e+01   1.7327253e+00   3.2478163e+00
   3.8457332e+00   4.2143873e+00   2.2388901e+01   2.7596882e+01   3.6188350e+00   2.7649092e+00
   4.6384950e+00   1.1765570e+00   1.4909816e+01   6.9960048e+00   1.4280528e-01   3.7488928e+00
   3.5324458e+00   3.1751462e+00   1.3846446e+01   1.3642617e+01   1.7915015e+00   1.8473603e+00
   4.7188857e+00   3.9023035e+00   2.5679884e+01   2.3649916e+01   2.9307702e+00   3.5630631e+00
   1.1270024e+00   1.0546079e+00   1.4590569e+00   2.9071971e+00   1.5720058e-01   2.4333466e-01
   2.8327109e+00   4.9461124e+00   1.7241879e+01   2.5646451e+01   4.2663885e+00   1.3127191e+00
   2.6736679e+00   8.0847751e-01   4.9347117e+00   2.0372768e+00   7.9295658e-02   9.3737768e-01
   2.5643903e+00   1.3954367e+00   5.0431055e+00   3.9378381e+00   3.8209097e-01   9.9698152e-01
   3.8467849e+00   1.5289161e+00   1.0619050e+01   8.7925732e+00   3.1064142e-01   2.3306945e+00
   2.7431891e+00   1.9276546e+00   9.3670262e+00   7.0932602e+00   7.9519551e-01   1.1704573e+00
   1.2005284e+00   2.7914065e+00   4.7548935e+00   7.7909021e+00   1.3257991e+00   3.1299866e-01
   3.5206706e+00   2.2362816e+00   1.3319181e+01   9.9025013e+00   1.1005631e+00   1.8560077e+00
   4.1364724e+00   4.7873683e+00   2.3737025e+01   2.9397257e+01   3.9817611e+00   2.7677100e+00
   3.3878062e+00   1.9945207e+00   1.1471883e+01   7.8190972e+00   6.2979149e-01   1.8736217e+00
   2.4821495e+00   3.4909601e+00   1.1100181e+01   1.2652278e+01   2.2249794e+00   9.4688643e-01
   1.6678007e+00   4.1275306e+00   7.5594220e+00   1.5933313e+01   2.8413704e+00   4.2035121e-01
   3.1414863e+00   8.4961580e-01   8.3704364e+00   3.5498184e+00   9.9667087e-02   1.7973419e+00
   1.9041629e+00   8.5518682e-01   3.3895929e+00   1.3379664e+00   1.9426594e-01   5.1553916e-01
   4.2054931e+00   7.5996972e-01   1.1765501e+01   5.3690749e+00   1.0663305e-01   2.6765273e+00
   1.9813481e+00   2.1695659e+00   6.4072777e+00   5.7193669e+00   6.4548281e-01   5.5902962e-01
   3.0162486e+00   3.3258544e+00   1.4268145e+01   1.6566523e+01   2.0632796e+00   1.3435502e+00
   4.5802640e+00   4.2495197e+00   2.7817637e+01   2.5405852e+01   3.2722018e+00   2.9466670e+00
   7.5885072e-01   2.2261022e+00   2.6885464e+00   4.3434188e+00   1.0853161e+00   6.7899378e-02
   3.5572097e+00   2.7981491e+00   1.5752341e+01   1.2110182e+01   1.7040143e+00   1.7868991e+00
   3.6858758e+00   1.7355893e+00   9.8457474e+00   7.8873762e+00   5.2819443e-01   2.0296458e+00
   4.7701738e+00   2.2723907e+00   1.9667743e+01   1.3761555e+01   9.3809075e-01   3.4863738e+00
   4.8075770e+00   4.0740706e+00   2.7934856e+01   2.8657847e+01   2.9186535e+00   3.7860400e+00
   4.1711498e+00   9.5120698e-01   1.4121927e+01   5.1775975e+00   2.2056751e-01   2.7539649e+00
   4.3874962e+00   1.1966827e+00   1.2910649e+01   1.0378943e+01   3.1075353e-01   3.0979090e+00
   1.2540032e+00   7.3868133e-01   9.4947612e-01   1.2780043e+00   7.2831234e-02   1.9855128e-01
   1.9717161e+00   2.4873679e+00   5.6576163e+00   6.5758249e+00   1.0583604e+00   6.1177118e-01
   3.9787462e+00   4.9343056e+00   2.7774513e+01   2.9153048e+01   4.5314685e+00   2.4927104e+00
   6.5551329e-01   9.4365487e-01   3.2939403e-01   1.1999209e+00   1.5037309e-01   4.3969934e-02
   6.7299676e-01   4.1782451e+00   5.1581919e+00   1.4609653e+01   3.4350797e+00   1.1513130e-01
   4.9829401e+00   3.3277944e+00   3.1054219e+01   2.2918202e+01   1.9860828e+00   3.7808263e+00
   1.4906883e+00   2.7046187e+00   4.8900940e+00   7.3561895e+00   1.5230692e+00   3.1363486e-01
   3.4997239e+00   2.5831312e+00   1.3104005e+01   1.0516308e+01   1.0089390e+00   1.6914172e+00
   2.5497652e+00   2.9239014e+00   1.0777283e+01   1.2790511e+01   1.8024164e+00   1.0720687e+00
   1.7275007e+00   2.1390063e+00   4.8090251e+00   6.0348095e+00   8.3274145e-01   5.0159277e-01
   1.8194921e+00   3.5735613e+00   7.2704776e+00   1.1591836e+01   2.3545529e+00   4.8957526e-01
   4.6973309e+00   4.7045486e+00   2.6125612e+01   3.1049216e+01   3.8377149e+00   3.4499470e+00
   4.3957118e+00   2.7075125e+00   1.8980306e+01   1.4279048e+01   1.4912677e+00   2.9520375e+00
   9.4029132e-01   3.1019966e+00   3.4765591e+00   7.0934510e+00   1.7184629e+00   1.2325731e-01
   1.1021627e+00   1.8224647e+00   3.1069322e+00   3.6983550e+00   6.8168907e-01   2.8941655e-01
   3.5297147e+00   3.4247747e+00   1.5617556e+01   1.6199462e+01   2.3484798e+00   1.5330605e+00
   2.3680478e+00   4.5238257e+00   1.2341316e+01   2.1913590e+01   3.9666718e+00   9.5210172e-01
   2.7957987e+00   4.0566814e+00   1.2859496e+01   1.7025993e+01   2.5146826e+00   1.0810937e+00
   5.2148811e-01   5.5119745e-01   3.4173189e-01   1.2861284e+00   5.6925885e-02   3.3980554e-02
   4.0228874e+00   3.3574113e+00   2.2990152e+01   1.8709322e+01   2.1092192e+00   2.3583151e+00
   5.5551239e-01   7.7623488e-01   4.4865804e-01   6.0137600e-01   6.7725448e-02   8.5130290e-02
   3.5654318e+00   2.3523077e+00   1.2840235e+01   9.9514375e+00   8.9096256e-01   2.2021502e+00
   4.5426450e+00   4.7045125e+00   2.4419349e+01   3.1498984e+01   3.5964843e+00   3.1996979e+00
   4.8282237e+00   6.5968606e-01   1.3840782e+01   4.9158201e+00   3.4397192e-02   3.6639780e+00
   1.5536032e+00   4.0067387e+00   7.5134641e+00   1.4941366e+01   2.8324111e+00   3.6206587e-01
   2.2221110e+00   3.6305453e+00   1.0617701e+01   1.3924956e+01   2.2556217e+00   6.9618879e-01
   3.0987777e+00   5.0100894e-01   6.7839826e+00   2.3556154e+00   9.8007708e-03   1.5872374e+00
   4.1740340e+00   2.6935331e+00   1.7299922e+01   1.4203129e+01   1.0828386e+00   3.1631417e+00
   4.4569127e+00   1.6036862e+00   1.7211773e+01   1.0849963e+01   3.7539023e-01   3.1336983e+00
   1.2333573e+00   3.2016042e+00   5.2264509e+00   9.2797613e+00   1.9480885e+00   2.2827122e-01
   2.9590960e+00   3.3658315e+00   1.2604259e+01   1.5226535e+01   2.0209724e+00   1.3834300e+00
   6.3942830e-01   3.5990575e+00   4.5073021e+00   9.3588888e+00   2.8533689e+00   4.1296914e-02
   3.1791886e+00   2.1374304e+00   1.1856920e+01   7.1933335e+00   8.9254855e-01   1.2657696e+00
   4.5046924e+00   3.4080972e+00   2.5157047e+01   2.0106562e+01   1.8390389e+00   3.1748021e+00
   2.6640311e+00   3.1302088e+00   1.0735963e+01   1.3488925e+01   1.8172711e+00   1.0663655e+00
   1.6786064e+00   5.3311473e-01   2.4903373e+00   7.4889692e-01   3.8740822e-02   4.2507783e-01
   1.3206257e+00   9.6964981e-01   2.2902582e+00   1.5574090e+00   1.7420411e-01   2.6594246e-01
   4.4051765e+00   4.2991820e+00   2.7666279e+01   2.7287945e+01   3.0412488e+00   2.8582069e+00
   4.6233405e+00   1.1782421e+00   1.3741361e+01   9.1614085e+00   2.2410085e-01   3.1105357e+00
   1.4747839e+00   1.0114827e+00   2.8880630e+00   1.5097019e+00   1.8872579e-01   3.2403140e-01
   4.7508098e+00   2.8382920e+00   2.3895989e+01   1.6291483e+01   1.4608408e+00   3.6641333e+00
   2.9046040e+00   2.3742399e+00   1.1431308e+01   7.8905512e+00   1.0373107e+00   1.1268402e+00
   4.2767703e+00   3.5964014e+00   2.4340267e+01   2.3908506e+01   2.1942921e+00   3.0760275e+00
   4.8535945e+00   3.7024746e+00   2.7522171e+01   2.4054887e+01   2.6323036e+00   3.7436988e+00
   4.9482386e+00   4.8351107e+00   3.2018990e+01   3.1815820e+01   3.9854261e+00   3.8211528e+00
   2.1579889e+00   2.3314550e+00   9.0700627e+00   7.1840577e+00   1.2768551e+00   7.1522753e-01
   2.8620615e+00   2.8843072e+00   1.0997268e+01   1.2479400e+01   1.5499208e+00   1.1635396e+00
   3.4336143e+00   3.6846155e+00   1.6231930e+01   1.9422826e+01   2.6811147e+00   2.1930838e+00
   1.1894707e+00   4.4951942e+00   6.5725095e+00   1.5894761e+01   3.5089952e+00   2.5097836e-01
   8.9504007e-01   4.9906739e+00   8.0368735e+00   1.7403192e+01   4.6372728e+00   6.2237673e-02
   1.6119575e+00   2.4207058e+00   3.5355924e+00   5.1956848e+00   9.6499085e-01   4.7047517e-01
   1.1207153e+00   2.0164124e+00   2.8197690e+00   3.5013787e+00   9.2951661e-01   2.0785827e-01
   3.7292130e+00   1.3058967e+00   1.0425780e+01   5.8906612e+00   3.5137500e-01   2.0218750e+00
   5.6158924e-01   2.2001220e+00   1.5927693e+00   2.7506147e+00   9.8131852e-01   2.6388414e-02
   3.2825754e+00   3.7152584e+00   1.3616905e+01   1.8213205e+01   2.2260201e+00   1.7484764e+00
   4.8826948e+00   3.2959126e+00   2.3752332e+01   2.5254490e+01   1.8888982e+00   3.6099354e+00
   3.1384054e+00   1.8491204e+00   8.9365590e+00   8.1761970e+00   4.6329133e-01   1.5611482e+00
   2.7717809e+00   3.5780495e+00   1.4338233e+01   1.4025900e+01   2.2795701e+00   1.2288261e+00
   1.1922018e+00   1.6687933e+00   2.4587674e+00   3.0006096e+00   5.3374863e-01   2.1715240e-01
   3.4841486e+00   6.9687497e-01   9.4826897e+00   4.1422298e+00   1.2279403e-01   2.1377903e+00
   3.6913286e+00   1.4931926e+00   1.0322315e+01   7.9112399e+00   3.2292792e-01   1.8638150e+00
   3.1214003e+00   3.2614108e+00   1.3877688e+01   1.2949987e+01   2.1257742e+00   1.5236652e+00
   3.1983060e+00   1.6642773e+00   9.5730999e+00   7.4627521e+00   6.1463611e-01   1.6811465e+00
   6.0409216e-01   2.0208391e+00   1.9400645e+00   3.6365869e+00   7.3207008e-01   4.9643098e-02
   3.8719548e+00   2.5796446e+00   1.4204545e+01   1.1002778e+01   1.1878376e+00   2.4407969e+00
   3.5053571e+00   1.9392260e+00   9.5450697e+00   9.7019680e+00   5.3756375e-01   1.9187775e+00
   5.3890717e-01   2.1536417e+00   9.4487612e-01   4.0364489e+00   7.3052576e-01   3.2874962e-02
   3.4209461e+00   2.3679381e+00   1.2625403e+01   8.1902374e+00   1.0105676e+00   1.6180726e+00
   1.1471178e+00   4.8308220e+00   8.9445455e+00   2.1175580e+01   4.0885716e+00   2.7274784e-01
   3.4349047e+00   3.1713733e+00   1.6229932e+01   1.6985698e+01   1.8055408e+00   1.9509886e+00
   1.9933068e+00   2.5171314e+00   7.2119670e+00   8.3200685e+00   1.3918460e+00   6.4836156e-01
   3.4050707e+00   1.7304796e+00   1.0777636e+01   1.0826253e+01   4.9579368e-01   2.0053000e+00
   3.2483283e+00   3.9039863e+00   1.6271862e+01   1.7356929e+01   2.4953992e+00   1.8837119e+00
   4.1424298e+00   2.3012962e+00   1.2736699e+01   9.9511562e+00   8.2805485e-01   2.5837322e+00
   4.4844194e+00   2.1327605e+00   1.6875381e+01   1.2009380e+01   8.4466465e-01   3.5869236e+00
   3.7600945e+00   2.3667882e+00   1.6381044e+01   1.1421250e+01   9.3135188e-01   2.4552389e+00
   2.9977978e+00   2.9388505e+00   1.4036146e+01   1.4643205e+01   1.6170967e+00   1.6100808e+00
   3.6261882e+00   3.8047400e+00   1.9610978e+01   1.8795895e+01   2.7025928e+00   1.9086240e+00
   2.9718890e+00   4.9058272e+00   1.6138314e+01   2.5662783e+01   4.3367660e+00   1.3727117e+00
   2.3369879e+00   3.8328162e+00   1.0908194e+01   1.6511284e+01   2.5293479e+00   8.5062204e-01
   1.2437996e+00   4.8956783e+00   1.0254761e+01   1.8090277e+01   4.3855447e+00   1.4182360e-01
   1.5299703e+00   1.1380675e+00   2.7701616e+00   2.0995129e+00   2.3062338e-01   4.2488456e-01
   1.0568345e+00   1.4703593e+00   1.0318273e+00   3.5239791e+00   4.6212871e-01   1.5974047e-01
   1.3981580e+00   3.9594978e+00   6.9925911e+00   1.2833821e+01   3.1353291e+00   3.2522280e-01
   7.8009506e-01   4.7237856e+00   5.7469077e+00   1.6601488e+01   3.4279210e+00   1.6837713e-01
   4.5086056e+00   4.2392958e+00   2.7225921e+01   2.8314291e+01   3.5105300e+00   3.3811527e+00
   3.7876599e+00   1.5600495e+00   1.0862184e+01   7.2837665e+00   3.9937270e-01   2.3843422e+00
   1.0489585e+00   2.9771851e+00   4.1896278e+00   6.2194899e+00   1.6698627e+00   1.4013547e-01
   1.3720553e+00   3.2933446e+00   5.7727283e+00   8.3409370e+00   2.1392911e+00   3.0942845e-01
   2.2845133e+00   4.8272464e+00   1.3509450e+01   2.0772703e+01   4.0468898e+00   8.8826375e-01
   3.7670636e+00   4.8016981e+00   2.1550240e+01   2.7902153e+01   4.1856661e+00   2.0683292e+00
   2.1829918e+00   1.4116885e+00   4.8440527e+00   3.1496091e+00   3.7006115e-01   1.0257849e+00
   1.7837680e+00   1.8164417e+00   4.5935636e+00   4.9932496e+00   6.4247282e-01   6.2161743e-01
   9.7568459e-01   3.0810145e+00   3.7081087e+00   8.7626756e+00   1.7206892e+00   1.1428234e-01
   4.0852717e+00   2.7706588e+00   1.8541488e+01   1.5105072e+01   1.4295320e+00   2.3966429e+00
   2.8030267e+00   6.8292575e-01   6.7028393e+00   2.2912887e+00   1.5052281e-01   1.2446769e+00
   3.2158889e+00   1.4950971e+00   8.2360268e+00   4.5005075e+00   4.5106720e-01   1.4439376e+00
   7.1467992e-01   1.8069600e+00   1.6509521e+00   1.7705005e+00   5.0976782e-01   1.3335966e-01
   2.3921387e+00   6.7541392e-01   4.1439377e+00   2.5505497e+00   1.6475843e-01   8.8102280e-01
   4.2761642e+00   3.3788101e+00   2.3710474e+01   1.7560458e+01   1.9389908e+00   3.2082698e+00
   2.2725539e+00   2.0981257e+00   6.8075606e+00   6.8267271e+00   7.0485217e-01   9.5617731e-01
   2.3492006e+00   3.0176088e+00   9.0992865e+00   1.2382482e+01   1.6045478e+00   8.1440357e-01
   1.7634720e+00   1.4517197e+00   3.1445078e+00   4.0791938e+00   3.5948370e-01   5.0986918e-01
   1.5713719e+00   4.8270262e+00   1.0683237e+01   2.1199403e+01   4.2671945e+00   4.4146038e-01
   4.4753874e+00   3.0425374e+00   2.1418470e+01   1.5202484e+01   1.8215167e+00   2.8285362e+00
   6.4375125e-01   3.3780835e+00   2.8769659e+00   9.5180950e+00   2.1048844e+00   1.0986395e-01
   3.7822030e+00   5.3220621e-01   8.2906993e+00   4.7634142e+00   2.5291842e-02   2.2443161e+00
   1.7983787e+00   2.7358851e+00   6.0229202e+00   8.2150208e+00   1.3859383e+00   5.8598714e-01
   3.2262858e+00   1.9332788e+00   1.1353188e+01   8.1306863e+00   8.5129107e-01   1.7899753e+00
   3.9751924e+00   3.5210832e+00   1.6914106e+01   1.8848336e+01   2.2033252e+00   2.6069722e+00
   4.7687971e+00   1.0575870e+00   1.7609298e+01   8.0539292e+00   1.8832371e-01   3.7634760e+00
   1.6485076e+00   5.6061131e-01   2.6668765e+00   1.6457123e+00   1.0274774e-01   4.6783258e-01
   2.3668744e+00   2.8939389e+00   8.3389948e+00   1.0649970e+01   1.3090479e+00   8.5474593e-01
   6.1257762e-01   2.4365158e+00   2.3168226e+00   5.0922817e+00   1.0835111e+00   6.3117744e-02
   2.6107816e+00   3.5687121e+00   1.1488988e+01   1.3894876e+01   2.0590081e+00   1.1145024e+00
   3.3355426e+00   4.9131824e+00   2.1098868e+01   2.9265515e+01   4.2475128e+00   1.7089630e+00
   3.3904982e+00   2.0175105e+00   1.1255498e+01   1.1750822e+01   8.3914343e-01   2.0530423e+00
   2.7642189e+00   2.2240592e+00   9.0957974e+00   9.0718408e+00   8.2367386e-01   1.1628439e+00
   2.3197305e+00   3.8599091e+00   9.2882449e+00   1.7321133e+01   2.6611836e+00   9.2759614e-01
   3.0477027e+00   3.7346928e+00   1.4440320e+01   1.4416804e+01   2.5761418e+00   1.3983225e+00
   3.0937449e+00   4.9284872e+00   1.9783863e+01   2.7069449e+01   4.9462457e+00   1.5384164e+00
   3.8953541e+00   2.4633601e+00   1.6421891e+01   1.5079140e+01   9.3707081e-01   2.4568726e+00
   1.0451135e+00   2.9951262e+00   4.6987603e+00   8.7230182e+00   1.5405373e+00   1.5580104e-01
   3.5287163e+00   4.5605936e+00   2.1733611e+01   2.4408471e+01   4.0982929e+00   1.6347822e+00
   4.3149260e+00   1.0239949e+00   1.0753362e+01   5.8978141e+00   1.6858015e-01   2.8397334e+00
   1.7695293e+00   8.4689319e-01   1.9660073e+00   1.4975360e+00   1.1980042e-01   6.0758221e-01
   3.9424044e+00   4.2918535e+00   2.4723866e+01   2.7188109e+01   3.7407741e+00   2.7757188e+00
   2.6473527e+00   1.9533105e+00   8.1456219e+00   5.7230278e+00   6.9856091e-01   1.0499536e+00
   1.2532647e+00   2.5975224e+00   4.1903908e+00   5.9156727e+00   8.5568431e-01   2.0329928e-01
   3.9519285e+00   3.7070992e+00   1.9134837e+01   2.0605829e+01   2.5400564e+00   2.4713145e+00
   4.8234451e+00   2.5375612e+00   2.1002618e+01   1.6919618e+01   8.7795427e-01   3.7629693e+00
   1.5706450e+00   1.9077749e+00   3.2959427e+00   4.4590869e+00   6.1264000e-01   3.5548859e-01
   7.3106872e-01   5.9776198e-01   5.2403043e-01   2.4717709e-01   3.2190808e-02   7.6677931e-02
   9.9498871e-01   5.2512968e-01   8.3087813e-01   1.0003766e+00   6.2592548e-02   1.9202324e-01
   4.1091858e+00   8.0129181e-01   1.3161381e+01   6.0801460e+00   2.0526818e-01   2.8407424e+00
   2.2544700e+00   7.0613106e-01   3.0887139e+00   2.6384620e+00   7.3785681e-02   6.9793159e-01
   3.0723999e+00   2.7554813e+00   1.1833080e+01   1.1386263e+01   1.3208189e+00   1.4054260e+00
   1.1593449e+00   1.5981415e+00   2.3137692e+00   2.0661819e+00   4.8641700e-01   1.4581900e-01
   2.7759397e+00   2.1311364e+00   8.2012334e+00   9.3737374e+00   8.6963930e-01   1.3866292e+00
   4.7549849e+00   4.3717302e+00   2.6729952e+01   2.5939365e+01   3.0197328e+00   3.4593775e+00
   4.5551993e+00   4.6602005e+00   2.7727145e+01   3.2624491e+01   3.9795092e+00   3.1075954e+00
   2.3773368e+00   4.7441634e+00   1.3660156e+01   2.2336983e+01   4.3355712e+00   7.6905545e-01
   2.5460639e+00   5.5189061e-01   4.4501727e+00   2.8320342e+00   3.5877858e-02   9.1843015e-01
   1.9451548e+00   4.6834227e+00   1.1054048e+01   2.0284955e+01   4.0946179e+00   6.4860086e-01
   9.4777606e-01   1.7432184e+00   2.2735370e+00   3.4927525e+00   7.6344075e-01   1.0861080e-01
   2.4395131e+00   9.2328144e-01   6.3617994e+00   2.7502598e+00   1.4459413e-01   8.8758621e-01
   1.9165638e+00   4.1753557e+00   1.1490568e+01   1.7021220e+01   3.1164102e+00   5.5558741e-01
   4.9450365e+00   3.3681783e+00   2.6699561e+01   2.2003485e+01   2.1545910e+00   3.5323916e+00
   2.4532286e+00   3.0706062e+00   9.7331818e+00   1.4599378e+01   1.6898717e+00   1.1671547e+00
   2.3061667e+00   5.0353698e-01   4.1548133e+00   2.1752007e+00   4.0922789e-02   9.0987393e-01
   2.2764093e+00   1.8435656e+00   4.8801901e+00   4.8476065e+00   4.7798300e-01   8.4279857e-01
   1.2320949e+00   4.4580148e+00   7.0449213e+00   1.7110610e+01   3.5295776e+00   2.9931369e-01
   2.3788275e+00   2.4773842e+00   9.9485493e+00   9.6138588e+00   1.0113949e+00   9.0560016e-01
   2.7896348e+00   1.5317986e+00   6.9039793e+00   5.7353705e+00   3.5468518e-01   1.3707476e+00
   1.7698540e+00   3.7920555e+00   8.8617630e+00   1.2344136e+01   2.8776975e+00   3.4318298e-01
   3.4343211e+00   1.2389231e+00   8.4432723e+00   6.3644702e+00   2.9116427e-01   2.0263742e+00
   3.2978085e+00   3.0454460e+00   1.3601250e+01   1.3004341e+01   1.8478138e+00   1.6270254e+00
   3.6888410e+00   3.4491749e+00   1.9130700e+01   1.6313676e+01   2.2561134e+00   2.1949018e+00
   1.6387702e+00   6.8432539e-01   2.1889268e+00   1.2318514e+00   6.3493600e-02   5.0303545e-01
   2.7064536e+00   1.2463076e+00   6.3196052e+00   3.3943373e+00   2.7957786e-01   6.9778458e-01
   1.9482340e+00   1.1634462e+00   5.2348406e+00   2.6530747e+00   1.9145889e-01   5.6041186e-01
   3.4127359e+00   3.7101432e+00   1.6325910e+01   2.0477830e+01   2.6399919e+00   1.8507316e+00
   4.9184746e+00   4.3789482e+00   3.2102719e+01   3.0314748e+01   3.4756552e+00   3.9088407e+00
   4.0170694e+00   2.6539871e+00   1.7070140e+01   1.5853385e+01   1.2015195e+00   2.5714240e+00
   2.2723683e+00   2.6960118e+00   8.0213444e+00   8.2922899e+00   1.5646839e+00   7.5855453e-01
   2.5599352e+00   2.8255925e+00   9.2970431e+00   1.1867218e+01   1.4197744e+00   1.2271705e+00
   2.9834385e+00   2.0975587e+00   7.7849761e+00   6.3695294e+00   6.8432695e-01   1.3486320e+00
   3.5144487e+00   1.3857048e+00   8.6177621e+00   6.0950063e+00   3.3897383e-01   1.9950711e+00
   4.0373411e+00   1.9415152e+00   1.2695954e+01   1.0391327e+01   6.7788082e-01   2.5026054e+00
   2.3375151e+00   4.0311800e+00   1.1419525e+01   1.5995334e+01   2.8749649e+00   9.5437293e-01
   3.6254544e+00   7.7580454e-01   9.8087381e+00   4.4068989e+00   1.3833684e-01   1.9867936e+00
   1.7639710e+00   3.2035043e+00   7.4531270e+00   9.5242866e+00   1.8607788e+00   4.9275360e-01
   1.1160867e+00   3.8972322e+00   5.3231795e+00   1.2366810e+01   2.3690631e+00   1.8511986e-01
   5.5358119e-01   3.9670091e+00   3.3114234e+00   1.3089699e+01   2.8130624e+00   4.1663586e-02
   6.6300601e-01   1.5696842e+00   1.3261947e+00   1.6394846e+00   3.9569357e-01   5.1770784e-02
   2.0877820e+00   3.6271777e+00   1.0123166e+01   1.3358867e+01   2.4227654e+00   7.2589342e-01
   4.1163526e+00   1.9744493e+00   1.6859983e+01   9.4869846e+00   6.9253059e-01   3.0404393e+00
   2.4601808e+00   4.6718606e+00   1.5148814e+01   2.3662709e+01   3.9113603e+00   1.2988721e+00
   1.1488368e+00   2.7830730e+00   3.8318806e+00   5.8315588e+00   1.3669296e+00   1.1436516e-01
   1.9037092e+00   1.6064555e+00   3.5076368e+00   3.8229773e+00   3.6877247e-01   5.2616791e-01
   1.0693147e+00   9.5908991e-01   1.7628994e+00   1.0760491e+00   1.4631222e-01   1.3279764e-01
   4.2786725e+00   3.9951865e+00   2.5090428e+01   2.3046616e+01   2.9942088e+00   2.8090102e+00
   2.5078857e+00   4.5371520e+00   1.6065630e+01   2.5150403e+01   3.5481582e+00   9.6559674e-01
   9.4398384e-01   2.8458702e+00   4.5216126e+00   6.7960795e+00   1.3349306e+00   1.6962421e-01
   4.7405010e+00   2.4962281e+00   2.3917390e+01   1.7800054e+01   1.1821001e+00   3.7575363e+00
   4.8318094e+00   3.6430323e+00   2.5478192e+01   2.3934505e+01   2.2891619e+00   3.5676199e+00
   1.7379886e+00   4.8112003e+00   1.2366520e+01   2.0794926e+01   4.3200750e+00   6.9141471e-01
   4.2994909e+00   3.2851563e+00   2.1783596e+01   1.6496538e+01   2.0403600e+00   2.5647069e+00
   4.4562984e+00   6.8328483e-01   1.0757385e+01   4.3271339e+00   9.0866154e-02   3.3554035e+00
   3.3125225e+00   4.0069014e+00   1.6174031e+01   1.9310929e+01   2.9090918e+00   1.6126940e+00
   2.5773428e+00   3.1881508e+00   9.1835414e+00   1.3215543e+01   1.6661110e+00   1.2119768e+00
   3.6173048e+00   2.6097971e+00   1.4643307e+01   1.2748504e+01   1.3020388e+00   2.3647858e+00
   1.9137141e+00   1.5657613e+00   3.0032387e+00   5.0183540e+00   3.5156797e-01   6.0021319e-01
   2.8218165e+00   2.6505391e+00   1.1391043e+01   9.2245607e+00   1.3604786e+00   1.3233321e+00
   2.0530582e+00   3.8872184e+00   1.0702159e+01   1.3723653e+01   3.0927314e+00   6.6217086e-01
   3.0016744e+00   2.0557026e+00   9.6258873e+00   6.7343553e+00   8.8973904e-01   1.1656543e+00
   3.7093468e+00   4.5732600e+00   2.0147542e+01   2.5277331e+01   4.0089316e+00   2.0469046e+00
   2.1235643e+00   3.4408636e+00   1.0099291e+01   1.2971125e+01   2.5201308e+00   6.5631140e-01
   1.2614848e+00   2.8677698e+00   4.6059053e+00   6.5101598e+00   1.4088579e+00   2.7179055e-01
   3.4259947e+00   3.1214745e+00   1.6809580e+01   1.4950100e+01   1.9790757e+00   1.6269110e+00
   2.0199012e+00   3.1739870e+00   5.0095760e+00   9.7526661e+00   1.5542034e+00   5.7164444e-01
   2.8529971e+00   3.3829930e+00   1.2111500e+01   1.7747248e+01   1.8386487e+00   1.4677568e+00
   3.3027541e+00   1.0815188e+00   8.9102924e+00   6.7609199e+00   2.2710497e-01   2.0015446e+00
   3.5574934e+00   1.7671937e+00   1.0790673e+01   8.4156222e+00   5.2615736e-01   2.1700821e+00
   4.6543118e+00   4.3282214e+00   2.7737181e+01   2.8693138e+01   3.3887561e+00   3.6348474e+00
   8.9023328e-01   1.3477165e+00   1.6964955e+00   1.6642272e+00   3.7119776e-01   8.0834215e-02
   2.8023847e+00   1.9252747e+00   7.9072117e+00   7.7548010e+00   6.2423228e-01   1.2155423e+00
   3.1852942e+00   3.9931955e+00   1.7018495e+01   2.0138193e+01   3.1630341e+00   1.6914252e+00
   3.8276708e+00   2.8886569e+00   1.6744640e+01   1.6223791e+01   1.2723658e+00   2.3950518e+00
   1.2842913e+00   2.1142598e+00   2.7033035e+00   4.1378392e+00   9.9610770e-01   2.1278552e-01
   2.9872125e+00   4.5721116e+00   1.8115903e+01   2.2627737e+01   4.0899725e+00   1.3326514e+00
   3.6167464e+00   7.8708437e-01   7.8128256e+00   3.8615039e+00   1.5268992e-01   2.0051251e+00
   6.0547997e-01   3.9738500e+00   4.9562057e+00   1.0032925e+01   3.0633819e+00   2.5951104e-02
   3.6721982e+00   1.6120790e+00   9.3890891e+00   9.3608559e+00   4.0680124e-01   2.5199147e+00
   2.1989767e+00   4.3715209e+00   1.3221447e+01   1.8324551e+01   3.5356066e+00   7.8542100e-01
   4.8119873e+00   2.0137929e+00   2.3524629e+01   1.0774726e+01   8.2540979e-01   3.2004816e+00
   3.2208233e+00   4.6343848e+00   2.0399415e+01   2.8924560e+01   4.4033795e+00   1.6859293e+00
   2.3912526e+00   2.1675671e+00   8.0800423e+00   7.8335316e+00   9.2593232e-01   9.7189853e-01
   2.1335602e+00   4.6417445e+00   1.4907053e+01   2.0423683e+01   4.3068428e+00   7.9649494e-01
   6.6795179e-01   2.1653742e+00   2.5370958e+00   4.1793333e+00   9.2778121e-01   6.1870965e-02
   1.2848577e+00   1.4433215e+00   2.6541939e+00   2.5802812e+00   3.6553464e-01   2.3810170e-01
   2.3108088e+00   3.2082962e+00   9.7871948e+00   1.0587192e+01   1.7218209e+00   8.0718391e-01
   1.5797607e+00   1.5134734e+00   2.2887200e+00   2.7384790e+00   3.8799937e-01   3.8786016e-01
   1.0687565e+00   1.9083867e+00   2.8214399e+00   3.3981516e+00   6.2222684e-01   1.8514972e-01
   2.4311931e+00   1.5835295e+00   4.1250263e+00   4.4950688e+00   3.2853483e-01   9.7824429e-01
   4.9481096e+00   1.1560337e+00   1.3932816e+01   8.0085049e+00   2.4191700e-01   3.5899659e+00
   2.9641198e+00   2.1903892e+00   9.9674434e+00   7.8009817e+00   1.1058428e+00   1.5882450e+00
   2.7825892e+00   3.3244625e+00   1.2699455e+01   1.3465358e+01   2.1090424e+00   9.8890557e-01
   1.8521543e+00   3.9761396e+00   8.6750936e+00   1.4845141e+01   2.6987686e+00   6.6819604e-01
   3.0595135e+00   2.6633507e+00   1.0199863e+01   1.1006242e+01   1.3251345e+00   1.5709776e+00
   1.9037150e+00   7.3461801e-01   2.4274196e+00   2.2090533e+00   1.8440794e-01   4.6701041e-01
   6.9611132e-01   4.4692135e+00   4.5343578e+00   1.4852549e+01   3.0928398e+00   1.1360578e-01
   2.6394160e+00   2.1790921e+00   7.6153681e+00   8.2251467e+00   9.8474007e-01   1.1524320e+00
   3.6634788e+00   2.4328475e+00   1.5307962e+01   1.3055086e+01   1.1327525e+00   2.1388913e+00
   3.6838806e+00   1.4294504e+00   1.0225639e+01   6.3480878e+00   3.0080189e-01   1.9861271e+00
   3.1309875e+00   3.6938573e+00   1.4081202e+01   1.7501794e+01   2.4789971e+00   1.4673124e+00
   2.2388735e+00   2.9076120e+00   5.9678706e+00   9.6609897e+00   1.3172104e+00   8.6978286e-01
   7.0672528e-01   3.9959455e+00   3.8759917e+00   1.0977327e+01   2.8390314e+00   9.9480098e-02
   3.1153828e+00   1.1502840e+00   7.8457889e+00   4.1346616e+00   2.6285954e-01   1.4250237e+00
   1.7519536e+00   1.6951685e+00   3.0316381e+00   4.4482687e+00   4.4382806e-01   5.2878762e-01
   1.8840306e+00   2.8275257e+00   7.4091503e+00   1.0883887e+01   1.6117195e+00   7.6697468e-01
   2.8156889e+00   2.2653914e+00   1.0155714e+01   9.1760024e+00   1.0501063e+00   1.5509648e+00
   2.0453726e+00   1.0889412e+00   5.4370515e+00   2.5877344e+00   2.8201004e-01   6.3403351e-01
   4.0489556e+00   9.9099828e-01   9.6268891e+00   5.1792797e+00   1.9511815e-01   2.3331954e+00
   3.9488646e+00   1.0311744e+00   1.2514220e+01   5.7096687e+00   1.9178193e-01   2.5872859e+00
   1.6706282e+00   4.7609803e+00   1.2927308e+01   1.7308857e+01   4.5839071e+00   4.1896700e-01
   2.1406842e+00   1.9729115e+00   5.8983202e+00   5.8596791e+00   6.7505541e-01   6.8129035e-01
   1.7190296e+00   6.6923409e-01   2.4762311e+00   1.5946557e+00   5.8089491e-02   3.7823189e-01
   2.7092650e+00   2.2918457e+00   8.3798523e+00   7.5730733e+00   1.0575471e+00   1.0154874e+00
   2.5468682e+00   4.9294622e+00   1.5650906e+01   2.4800824e+01   4.6349861e+00   8.3169849e-01
   4.6182511e+00   1.6087091e+00   1.4421514e+01   9.6885790e+00   4.0138164e-01   3.0341718e+00
   4.0545353e+00   5.2237573e-01   8.6409004e+00   4.0160438e+00   3.0888397e-02   2.3707913e+00
   3.3423624e+00   3.5151981e+00   1.6093820e+01   1.8827720e+01   2.5825419e+00   1.8220406e+00
   2.6752321e+00   1.7044642e+00   6.6155006e+00   4.5109359e+00   3.6938465e-01   8.4490129e-01
   1.8593912e+00   3.0464565e+00   7.8836312e+00   1.1088612e+01   1.7038022e+00   7.8241463e-01
   4.5468132e+00   3.9159166e+00   2.5885575e+01   2.2251627e+01   3.1395754e+00   3.1058819e+00
   3.4869515e+00   1.2589902e+00   8.8710051e+00   6.8215187e+00   3.2818526e-01   1.9367999e+00
   3.7251361e+00   4.7490706e+00   2.3020144e+01   2.7840206e+01   4.3479639e+00   1.9425099e+00
   1.4255358e+00   2.4573278e+00   4.2883299e+00   5.5626442e+00   9.9722310e-01   3.5889218e-01
   4.2104517e+00   7.3530090e-01   1.0824555e+01   7.5222331e+00   9.8033998e-02   3.1373830e+00
   3.5851425e+00   2.3119710e+00   1.3634407e+01   1.0781389e+01   8.6153628e-01   1.9671610e+00
   3.7781529e+00   4.3837418e+00   1.9796151e+01   2.4135410e+01   3.0884755e+00   2.1191864e+00
   3.8577795e+00   7.2586375e-01   9.7750875e+00   4.7072156e+00   1.2447844e-01   2.5548132e+00
   2.8932996e+00   7.2063812e-01   5.5457315e+00   3.2497519e+00   1.2805822e-01   1.3880146e+00
   6.8482617e-01   1.8885908e+00   1.6565451e+00   4.7113093e+00   6.5082317e-01   1.1196918e-01
   2.5889553e+00   2.4889752e+00   8.6368904e+00   9.8844209e+00   1.3188404e+00   1.0194000e+00
   3.6142902e+00   2.3835559e+00   1.4788589e+01   1.3043030e+01   8.8214926e-01   2.1021563e+00
   4.0918609e+00   2.5474745e+00   1.9487488e+01   1.3421736e+01   1.2794205e+00   2.8559221e+00
   2.5755834e+00   1.3599503e+00   6.5999433e+00   4.2024697e+00   3.9611990e-01   9.7103620e-01
   8.6756567e-01   6.8557412e-01   8.0814372e-01   7.4749609e-01   8.7069273e-02   1.2632870e-01
   3.5642463e+00   3.3280484e+00   1.8056845e+01   1.3377977e+01   1.9469452e+00   1.8556698e+00
   4.1972204e+00   4.0835268e+00   2.3770842e+01   2.2412698e+01   2.8970676e+00   2.7209694e+00
   4.7469518e+00   3.0192590e+00   2.3506082e+01   1.9599493e+01   1.5759359e+00   3.7084831e+00
   1.0043740e+00   3.6763997e+00   5.5596024e+00   1.3345425e+01   2.5744879e+00   1.9079194e-01
   4.6955385e+00   1.5276518e+00   1.6347221e+01   1.3676928e+01   3.9055180e-01   3.8350663e+00
   3.7848739e+00   8.3284606e-01   1.1795449e+01   4.4371925e+00   1.6618447e-01   2.5237754e+00
   1.8709182e+00   2.2928025e+00   4.6517341e+00   6.8958218e+00   9.2728141e-01   5.0450067e-01
   2.9207022e+00   1.9202873e+00   7.4774653e+00   6.9112692e+00   7.1289162e-01   1.1879733e+00
   3.5989227e+00   1.6349999e+00   1.0509454e+01   7.5759708e+00   4.2109641e-01   1.9490346e+00
   2.2154037e+00   1.0917567e+00   3.5712843e+00   3.0673050e+00   1.7094420e-01   8.3212680e-01
   3.8587953e+00   2.9795167e+00   1.9509911e+01   1.6496164e+01   1.5923094e+00   2.5323174e+00
   4.7445528e+00   1.9243196e+00   1.7404446e+01   9.4715486e+00   6.9084465e-01   3.0699761e+00
   4.4270054e+00   1.8675022e+00   1.7826323e+01   1.0537010e+01   6.3286245e-01   3.0580355e+00
   4.9830908e+00   3.4640679e+00   3.0862030e+01   1.9577804e+01   2.2165801e+00   3.8000027e+00
   1.5334751e+00   2.3379706e+00   4.8861626e+00   6.1215482e+00   9.1104481e-01   3.9664004e-01
   1.1642796e+00   2.7058035e+00   4.1839057e+00   8.9106238e+00   1.3012872e+00   3.2450985e-01
   2.2456680e+00   9.5947663e-01   3.4898462e+00   3.0151553e+00   7.8665307e-02   8.5277622e-01
   8.4268694e-01   9.2731925e-01   1.6392266e+00   1.2618207e+00   1.6237258e-01   2.6499631e-01
   2.8084334e+00   1.5908108e+00   6.2415789e+00   5.3825598e+00   2.8833254e-01   1.3943468e+00
   8.3648066e-01   3.6814613e+00   3.3099010e+00   1.2368001e+01   2.5916996e+00   1.2890862e-01
   4.5869945e+00   4.1373299e+00   2.8294729e+01   2.2497451e+01   2.8590949e+00   3.0025330e+00
   2.7646797e+00   3.7715166e+00   1.2594798e+01   1.6254805e+01   2.1667932e+00   1.2941410e+00
   1.1479437e+00   6.8989073e-01   9.6398289e-01   1.2237765e+00   5.5909478e-02   2.1482122e-01
   3.0595819e+00   9.7985551e-01   8.6749613e+00   3.7401660e+00   1.3997994e-01   1.3992373e+00
   9.3536043e-01   4.9988369e+00   7.9002773e+00   1.9052236e+01   4.5463344e+00   1.0123900e-01
   4.0596685e+00   4.2424632e+00   2.3400125e+01   2.7212890e+01   3.5794135e+00   2.4080653e+00
   1.9212429e+00   4.3611203e+00   1.0798911e+01   1.9306546e+01   3.5497626e+00   6.1346455e-01
   1.7960931e+00   1.5636673e+00   2.6934244e+00   4.5766577e+00   3.8478391e-01   4.4988585e-01
   2.2008577e+00   4.9677686e+00   1.5232553e+01   2.5317867e+01   4.6019718e+00   9.3665989e-01
   2.1120831e+00   2.2369562e+00   5.5798941e+00   5.8450376e+00   9.8870507e-01   7.6346850e-01
   3.4373102e+00   3.4442541e+00   1.5356763e+01   1.7740153e+01   1.9903288e+00   1.9241213e+00
   2.3006335e+00   4.3750011e+00   1.2395293e+01   2.1138419e+01   3.3847190e+00   7.5502338e-01
   2.7676474e+00   2.3542930e+00   1.0025304e+01   9.4909570e+00   9.1651144e-01   1.3237721e+00
   4.6772609e+00   3.0348554e+00   2.1263653e+01   1.8035421e+01   1.6365384e+00   3.2098661e+00
   2.4236116e+00   2.8027521e+00   9.8806627e+00   1.1200137e+01   1.3187830e+00   8.4501453e-01
   2.3827773e+00   1.6822777e+00   5.9544937e+00   5.3483422e+00   4.2702350e-01   7.9697514e-01
   2.7542829e+00   4.2190840e+00   1.4073830e+01   1.9758529e+01   3.1277817e+00   1.2113804e+00
   4.4279948e+00   2.5221672e+00   1.9995707e+01   1.5773620e+01   1.0397161e+00   2.9455911e+00
   4.6905269e+00   2.2477500e+00   2.1281400e+01   1.3592505e+01   8.5669702e-01   3.3963701e+00
   2.5564670e+00   4.0469377e+00   1.4683921e+01   1.6317862e+01   2.6509845e+00   1.0771627e+00
   3.4191948e+00   2.1128882e+00   1.1867055e+01   1.1113858e+01   8.0858589e-01   1.8863685e+00
   3.9690827e+00   7.9435245e-01   1.0184115e+01   5.1400161e+00   8.2166039e-02   2.4257217e+00
   2.0724888e+00   1.5869825e+00   2.9449576e+00   4.5334495e+00   4.3318463e-01   6.5719400e-01
   3.3521476e+00   3.0182694e+00   1.2815232e+01   1.5402868e+01   1.4631716e+00   1.8891706e+00
   1.2573141e+00   9.4413631e-01   2.0019229e+00   1.6302159e+00   1.9400096e-01   1.7643669e-01
   1.7249198e+00   3.0345484e+00   5.2977300e+00   9.1349673e+00   1.5832245e+00   3.8679403e-01
   1.4875378e+00   1.1004243e+00   3.1292711e+00   1.4490129e+00   2.3738498e-01   2.2326932e-01
   2.3642546e+00   3.8697797e+00   1.1275077e+01   1.8988794e+01   2.6325972e+00   1.0836238e+00
   1.7746977e+00   3.2691211e+00   7.7655690e+00   1.1241193e+01   2.1933834e+00   5.7333440e-01
   2.5323862e+00   3.8429189e+00   1.3905068e+01   1.6787741e+01   2.9221729e+00   1.0425836e+00
   3.8640702e+00   1.2437636e+00   1.3167146e+01   6.3261315e+00   3.8526850e-01   2.2680213e+00
   1.5259951e+00   1.3327215e+00   2.8576559e+00   2.5219938e+00   3.2430081e-01   4.5636249e-01
   7.9718046e-01   4.7006589e+00   7.5883391e+00   1.5871691e+01   4.5082079e+00   7.7502921e-02
   8.1362117e-01   1.7001025e+00   1.7277373e+00   2.7289924e+00   6.6987889e-01   8.0045484e-02
   1.5821327e+00   4.4187723e+00   9.0268457e+00   1.6428842e+01   3.7175080e+00   4.6452855e-01
   4.1491300e+00   3.2919953e+00   2.2326329e+01   1.7957155e+01   1.9478567e+00   2.3769454e+00
   4.6909603e+00   8.1912511e-01   1.8093728e+01   8.2988168e+00   1.9835329e-01   3.7115768e+00
   2.0565515e+00   4.2932261e+00   1.0382569e+01   2.0877871e+01   3.1439234e+00   7.5521127e-01
   2.4179459e+00   3.7910629e+00   1.1682822e+01   1.6522774e+01   2.5277690e+00   9.0005135e-01
   2.7123741e+00   3.0904963e+00   1.2705438e+01   9.6538753e+00   1.6430799e+00   1.0300588e+00
   4.4237609e+00   5.5515475e-01   1.2176437e+01   4.2335932e+00   3.8741813e-02   2.7159721e+00
   3.5517831e+00   4.1085985e+00   1.8699680e+01   1.9900631e+01   2.9744142e+00   1.6352440e+00
   2.7338594e+00   4.8110978e+00   2.0603776e+01   2.2269984e+01   4.4148822e+00   8.7968592e-01
   4.3839296e+00   3.9956916e+00   2.4787868e+01   2.3356454e+01   2.8022758e+00   2.6252639e+00
   2.6685318e+00   2.0082217e+00   8.1629231e+00   8.5195215e+00   7.6857899e-01   9.6199229e-01
   7.2366705e-01   3.8244809e+00   3.7645639e+00   1.0083490e+01   3.0073557e+00   5.7625673e-02
   3.1558516e+00   4.9644678e+00   1.9734690e+01   2.6529664e+01   4.6535836e+00   1.4917411e+00
   2.7413855e+00   1.3770204e+00   8.2084203e+00   4.2227565e+00   3.6051868e-01   9.8389118e-01
   4.7223999e+00   1.3384296e+00   1.6340197e+01   9.2369297e+00   3.2685381e-01   3.7081481e+00
   5.2401574e-01   2.5281207e+00   2.6508663e+00   6.7159894e+00   1.1658482e+00   4.2765327e-02
   4.8337184e+00   6.3125953e-01   1.4506012e+01   6.3554453e+00   6.3959503e-02   3.5527689e+00
   4.2264411e+00   1.9528830e+00   1.5673583e+01   1.1325783e+01   6.8710010e-01   2.8010544e+00
   3.8972333e+00   1.9714309e+00   1.5649420e+01   9.2207836e+00   8.2747528e-01   2.1321026e+00
   3.8829974e+00   3.0719493e+00   2.0763685e+01   1.8978315e+01   1.7895556e+00   2.6610234e+00
   1.3098466e+00   2.3347920e+00   3.9372541e+00   7.2940595e+00   8.8138618e-01   3.3638149e-01
   1.8865219e+00   3.5013009e+00   8.0836269e+00   1.3310636e+01   2.4083190e+00   4.4554454e-01
   4.7148541e+00   2.4297567e+00   1.9356619e+01   1.6257660e+01   1.1540946e+00   3.2512591e+00
   1.7401999e+00   4.7499273e+00   1.0243368e+01   2.1134869e+01   4.1591630e+00   4.5601538e-01
   4.3570324e+00   2.6905744e+00   1.7488029e+01   1.4989653e+01   1.3411380e+00   2.9176858e+00
   2.7069091e+00   3.8464442e+00   1.1895563e+01   1.6782116e+01   2.8735147e+00   9.5762613e-01
   1.0958209e+00   1.2244185e+00   1.8160758e+00   2.3861041e+00   2.5956902e-01   1.3504915e-01
   3.2397202e+00   1.8489198e+00   9.1632185e+00   7.2730757e+00   4.8528871e-01   1.5267213e+00
   3.7564694e+00   3.7859328e+00   2.0898805e+01   2.0608237e+01   2.6291854e+00   1.7537659e+00
   3.1131473e+00   3.8665878e+00   1.5683584e+01   1.7809552e+01   2.7212729e+00   1.6048399e+00
   3.4929121e+00   4.8338333e+00   2.0540184e+01   3.0469345e+01   4.3492307e+00   1.9838795e+00
   4.3954656e+00   7.7831702e-01   1.5303800e+01   4.9197349e+00   9.6525447e-02   2.8066093e+00
   2.7393559e+00   4.2398157e+00   1.3559048e+01   1.5988069e+01   3.1174337e+00   1.2075750e+00
   1.8059162e+00   3.2423756e+00   7.5799864e+00   1.2887000e+01   1.9589166e+00   4.7629186e-01
   4.9914984e+00   2.1857163e+00   1.8437977e+01   1.4657264e+01   7.0545688e-01   3.9890403e+00
   2.7260813e+00   4.2262442e+00   1.1790269e+01   2.1763343e+01   3.0816021e+00   1.3779650e+00
   4.2449523e+00   1.7771602e+00   1.7064095e+01   8.4185769e+00   6.0570159e-01   2.7433084e+00
   3.8221212e+00   9.1750328e-01   9.5024878e+00   4.9695788e+00   1.2651071e-01   2.3236182e+00
   2.7800875e+00   3.1440491e+00   1.1062244e+01   1.4503585e+01   1.6365685e+00   1.2898671e+00
   4.8603057e+00   3.8775039e+00   2.9861361e+01   2.5122844e+01   2.5558919e+00   3.8714005e+00
   7.5155517e-01   1.6221068e+00   2.0759740e+00   1.9133838e+00   5.7140991e-01   1.3136610e-01
   9.7864605e-01   2.2664860e+00   3.5340113e+00   4.0788616e+00   8.2917365e-01   7.5958407e-02
   3.8429093e+00   3.0528206e+00   1.6928786e+01   1.6559195e+01   1.5966309e+00   2.5305314e+00
   9.1596386e-01   4.8789758e+00   7.7275656e+00   1.5758981e+01   4.7924626e+00   1.6553278e-01
   3.3446444e+00   4.6719884e+00   1.7636414e+01   2.8215716e+01   3.7279914e+00   1.8109580e+00
   2.6643368e+00   4.0850060e+00   1.4559744e+01   1.6209834e+01   3.3603696e+00   9.9468546e-01
   2.6766865e+00   1.4134381e+00   5.9483452e+00   4.4226062e+00   2.4117537e-01   1.3126260e+00
   2.4015443e+00   2.9604961e+00   8.4817699e+00   1.1010300e+01   1.3840158e+00   7.6870872e-01
   3.1215237e+00   1.5233006e+00   6.6312138e+00   6.9498779e+00   2.9393565e-01   1.5612969e+00
   3.8735912e+00   3.5761091e+00   2.0037644e+01   2.0594062e+01   2.2329108e+00   2.6748672e+00
   9.7593408e-01   4.3804923e+00   8.0567359e+00   1.7790892e+01   3.4326736e+00   2.0078391e-01
   2.6280440e+00   2.7677265e+00   9.3945179e+00   1.0107280e+01   1.2481482e+00   1.3050002e+00
   9.9076521e-01   2.6592464e+00   3.4341434e+00   5.4019550e+00   1.3368504e+00   1.3567238e-01
   1.1007310e+00   9.7440601e-01   1.3367031e+00   1.6092138e+00   1.2095574e-01   2.2399619e-01
   2.0221359e+00   4.2548692e+00   1.2190907e+01   1.9540252e+01   3.5420025e+00   6.1751209e-01
   9.0883383e-01   3.5461284e+00   4.5980510e+00   1.0901175e+01   2.4052664e+00   1.3969568e-01
   4.6057711e+00   8.3905144e-01   1.4536994e+01   7.7061201e+00   7.7181996e-02   3.5427987e+00
   3.4727024e+00   1.4428542e+00   8.7013867e+00   6.9008663e+00   3.2114928e-01   2.0242086e+00
   3.1280338e+00   3.7842521e+00   1.3417506e+01   2.1086119e+01   2.5325341e+00   1.5916783e+00
   1.1949671e+00   1.2715119e+00   2.2203526e+00   2.4354954e+00   3.8283947e-01   1.4187591e-01
   3.1499527e+00   1.8490747e+00   1.0026495e+01   7.5739466e+00   5.5291169e-01   1.6875473e+00
   3.3318992e+00   4.4553545e+00   1.7292685e+01   2.7761280e+01   3.6422309e+00   1.8357522e+00
   1.7642660e+00   4.0349398e+00   8.7556704e+00   1.5197010e+01   3.0612318e+00   5.6229195e-01
   1.2012452e+00   2.7113637e+00   3.9579610e+00   7.8581613e+00   1.4299560e+00   2.4920620e-01
   2.8553290e+00   8.2573662e-01   6.2884813e+00   3.2863276e+00   7.4999151e-02   1.4756306e+00
   1.6669027e+00   2.6354887e+00   5.0307759e+00   6.3274771e+00   1.5219100e+00   5.7272639e-01
   8.5825770e-01   3.2535276e+00   3.8490886e+00   8.9825483e+00   1.8415444e+00   1.2953501e-01
   7.0511733e-01   2.7194205e+00   2.5766724e+00   4.1645473e+00   1.0241886e+00   8.6076098e-02
   8.3540713e-01   4.2180979e+00   4.9748318e+00   1.3700447e+01   3.3752584e+00   1.4584279e-01
   2.6603314e+00   7.2185684e-01   5.0701973e+00   1.9989360e+00   8.9844721e-02   1.0000532e+00
   2.9240794e+00   1.8623195e+00   7.4797231e+00   6.3528578e+00   7.0753301e-01   1.2642729e+00
   4.3804392e+00   5.3676889e-01   1.1289245e+01   5.1749641e+00   2.3644856e-02   3.4697046e+00
   1.8163080e+00   4.2239044e+00   9.5063534e+00   1.5682828e+01   3.3867454e+00   5.3779336e-01
   5.1853181e-01   4.6392768e+00   4.7815229e+00   1.7761158e+01   3.7194333e+00   3.4332964e-02
   2.9485557e+00   4.7614069e+00   1.9359123e+01   2.4414658e+01   4.0862751e+00   1.4364966e+00
   3.2841300e+00   1.9170503e+00   1.0303779e+01   8.9977818e+00   7.4502148e-01   1.8656446e+00
   2.1764547e+00   4.0349590e+00   1.3447893e+01   1.8887814e+01   2.8390224e+00   9.2629901e-01
   2.6008066e+00   3.3913068e+00   9.3980748e+00   1.5175986e+01   2.0581367e+00   1.1069592e+00
   4.1803495e+00   3.4235721e+00   1.9481438e+01   2.0201642e+01   2.2236226e+00   3.3632317e+00
   8.7442159e-01   1.1100617e+00   7.6611628e-01   1.8263017e+00   2.4576623e-01   1.0454362e-01
   8.0279101e-01   4.5590679e+00   6.1225961e+00   1.8082584e+01   4.1265375e+00   1.4068450e-01
   4.1695427e+00   4.1908160e+00   2.3827658e+01   2.5447782e+01   2.8799223e+00   2.6217542e+00
   1.6298933e+00   1.5713534e+00   3.3921376e+00   2.5190211e+00   5.5909306e-01   3.1550442e-01
   1.5433464e+00   1.1588190e+00   3.0492721e+00   3.0352429e+00   2.9012147e-01   2.1898344e-01
   2.1636601e+00   4.0901032e+00   1.2934943e+01   1.6432064e+01   3.0230072e+00   8.7759433e-01
   5.5378857e-01   4.5726110e+00   5.7500234e+00   1.4967956e+01   3.7226884e+00   8.5888560e-02
   2.2383614e+00   3.5328576e+00   9.6664336e+00   1.3493435e+01   2.5731178e+00   8.2913110e-01
   4.1411592e+00   2.0682026e+00   1.5002304e+01   1.2080596e+01   8.4412307e-01   2.7158883e+00
   4.0005801e+00   4.4178841e+00   2.0551265e+01   2.1318366e+01   3.5493485e+00   2.1697121e+00
   2.2565442e+00   3.0655675e+00   9.8743876e+00   1.1740145e+01   1.8706270e+00   8.0615017e-01
   4.2301526e+00   1.4697610e+00   1.6063496e+01   9.4174142e+00   4.0183988e-01   2.7706856e+00
   2.6630926e+00   1.6133557e+00   6.6359950e+00   7.4326127e+00   4.7204534e-01   1.1035488e+00
   1.5683582e+00   6.7530291e-01   3.1440007e+00   1.4148006e+00   1.6498859e-01   2.9920996e-01
   3.9755136e+00   2.1487836e+00   1.2028636e+01   1.1293505e+01   7.2737076e-01   2.3850136e+00
   2.3932612e+00   3.4604618e+00   1.2663628e+01   1.2522132e+01   2.3341653e+00   8.2410136e-01
   6.2428789e-01   3.7974586e+00   3.2917744e+00   9.0211987e+00   2.5567976e+00   4.5497204e-02
   2.1400076e+00   8.6394258e-01   5.3696290e+00   2.2386487e+00   2.8479209e-01   6.4618909e-01
   2.4485795e+00   1.2518480e+00   6.9370045e+00   3.7119992e+00   3.6516420e-01   1.0825924e+00
   2.7109643e+00   4.3669458e+00   1.4459430e+01   2.0872276e+01   3.3857160e+00   1.1170414e+00
   1.7896240e+00   4.5478405e+00   1.0824093e+01   1.9127116e+01   4.3485871e+00   6.6782308e-01
   2.6325985e+00   4.5166360e+00   1.7271127e+01   2.1835181e+01   4.0809400e+00   1.0325958e+00
   2.5186470e+00   1.7190692e+00   5.2256305e+00   5.7853007e+00   5.1958754e-01   8.0732583e-01
   4.8045515e+00   3.2589567e+00   2.4882627e+01   1.7513688e+01   2.2072585e+00   3.4258093e+00
   3.1521322e+00   4.1712215e+00   1.6896777e+01   1.9541131e+01   3.0704744e+00   1.5803640e+00
   2.7107487e+00   3.8792327e+00   1.2147916e+01   1.8704080e+01   2.8028066e+00   1.2874299e+00
   1.5008925e+00   1.4757946e+00   2.1141727e+00   1.6576091e+00   4.1048861e-01   3.6900278e-01
   3.4125396e+00   2.6655671e+00   1.3061970e+01   1.2915115e+01   1.3299004e+00   1.7182108e+00
   2.0339823e+00   4.7001872e+00   1.4417905e+01   1.9743559e+01   4.2113810e+00   7.2760963e-01
   3.5820403e+00   3.2347597e+00   1.7079695e+01   1.6264739e+01   1.9585628e+00   1.8236216e+00
   4.5501451e+00   2.0982456e+00   1.6462677e+01   1.3642466e+01   9.5329046e-01   3.5725839e+00
   1.9415185e+00   4.8664222e+00   1.1069833e+01   1.9907942e+01   4.2789421e+00   6.7130071e-01
   1.8534922e+00   1.8569099e+00   4.1997731e+00   4.5899457e+00   6.5460500e-01   5.1950266e-01
   9.2377734e-01   1.5192799e+00   1.5664142e+00   3.3200308e+00   2.7474188e-01   1.7011061e-01
   1.4160249e+00   2.6047086e+00   3.5327847e+00   5.7790548e+00   1.3162849e+00   2.1277913e-01
   4.8656877e+00   3.6466439e+00   2.8802921e+01   2.3494524e+01   2.6096776e+00   3.8166691e+00
   3.3951924e+00   9.0440653e-01   6.1880016e+00   3.7597369e+00   1.1555334e-01   2.0525202e+00
   2.3431942e+00   6.4115569e-01   4.8169510e+00   2.4310007e+00   7.9635247e-02   9.0009655e-01
   1.5187857e+00   2.8355969e+00   7.0472539e+00   6.5098504e+00   1.4178013e+00   3.0430513e-01
   3.2878518e+00   4.4692121e+00   1.9324912e+01   2.6326008e+01   3.7456169e+00   1.6773215e+00
   4.3613766e+00   9.7466851e-01   1.2167687e+01   5.5416651e+00   1.2193614e-01   2.6664824e+00
   4.5412617e+00   3.9215576e+00   2.4700705e+01   2.2598048e+01   2.9896792e+00   3.0001149e+00
   3.2078674e+00   4.3067394e+00   1.7586476e+01   1.9978441e+01   3.3030800e+00   1.7891810e+00
   3.4861661e+00   9.0389621e-01   8.0878757e+00   3.5249979e+00   2.1307038e-01   1.8348003e+00
   2.5034219e+00   1.9438509e+00   9.2564766e+00   6.5740379e+00   1.0134532e+00   1.0861157e+00
   1.1539124e+00   1.2526374e+00   1.8088524e+00   2.3798519e+00   2.6695927e-01   1.7342299e-01
   3.1071622e+00   4.3134842e+00   1.9885998e+01   2.1496298e+01   3.8842214e+00   1.5072255e+00
   4.9614444e+00   2.6810319e+00   2.0053834e+01   1.5966121e+01   1.3768566e+00   3.7632749e+00
   2.1328044e+00   3.6503374e+00   8.6665349e+00   1.4019183e+01   2.5948003e+00   6.9574292e-01
   2.8582292e+00   2.7768185e+00   1.0581096e+01   1.1947654e+01   1.3950877e+00   1.3079571e+00
   2.0816319e+00   1.8220549e+00   4.2509604e+00   5.9383620e+00   6.0765006e-01   7.5352979e-01
   5.6096550e-01   3.3274645e+00   2.9642996e+00   8.8789078e+00   1.9134014e+00   4.8434188e-02
   2.4475342e+00   3.3595307e+00   8.4138594e+00   1.3993227e+01   1.9157045e+00   8.9912896e-01
   1.6152093e+00   3.9580844e+00   6.7764993e+00   1.2718647e+01   2.4368247e+00   2.9433889e-01
   3.4726025e+00   3.3787653e+00   1.3972394e+01   1.5725887e+01   1.7824857e+00   1.8771370e+00
   2.2950768e+00   3.6285665e+00   9.9261514e+00   1.3981706e+01   2.2200526e+00   9.6471016e-01
   4.6098297e+00   1.2340549e+00   1.4314701e+01   9.2554148e+00   2.8290380e-01   3.6920037e+00
   2.3552370e+00   4.8370061e+00   1.3698132e+01   2.1686040e+01   4.2945439e+00   6.2392924e-01
   2.3870468e+00   3.4780140e+00   1.0941927e+01   1.6373530e+01   2.2527375e+00   9.0973605e-01
   1.1617277e+00   1.5598219e+00   2.8578744e+00   3.7108329e+00   3.0615837e-01   2.5507566e-01
   2.7476132e+00   1.4608373e+00   5.6298199e+00   6.5710433e+00   3.8136757e-01   1.1336963e+00
   2.2355745e+00   4.9090549e+00   1.4894475e+01   2.1170446e+01   4.2572209e+00   8.3340247e-01
   1.8597249e+00   3.7951378e+00   9.4148990e+00   1.3703658e+01   2.7566782e+00   4.4563508e-01
   3.9991833e+00   2.6229054e+00   1.6245631e+01   1.3585687e+01   1.1610378e+00   2.6327469e+00
   1.0609756e+00   3.4392299e+00   4.4422847e+00   1.2001771e+01   2.0955813e+00   3.5285122e-01
   2.9239115e+00   1.5051563e+00   7.5477505e+00   6.7000932e+00   4.4856170e-01   1.5801406e+00
   4.3329828e+00   4.8162373e+00   3.0867511e+01   3.0328749e+01   4.2492733e+00   3.3612565e+00
   2.1679037e+00   1.6558531e+00   5.5954603e+00   4.0675981e+00   5.0629978e-01   9.4854493e-01
   2.0856883e+00   4.9740192e+00   1.3612471e+01   1.9667706e+01   4.7651634e+00   6.7432713e-01
   4.8433237e+00   4.2946732e+00   3.0188976e+01   2.4521879e+01   3.2018942e+00   3.4836408e+00
   1.8975361e+00   3.1309902e+00   6.4854814e+00   8.5257280e+00   1.4710348e+00   4.8042741e-01
   1.5079020e+00   3.9924310e+00   1.0104661e+01   1.5168963e+01   2.8498142e+00   4.8160441e-01
   4.7254815e+00   1.7579595e+00   1.8837398e+01   1.3471399e+01   4.9864100e-01   3.5687858e+00
   3.4807219e+00   1.6149761e+00   1.0532541e+01   8.1310128e+00   4.5003906e-01   2.0016608e+00
   2.3262864e+00   8.4213525e-01   4.0204997e+00   2.9571338e+00   8.6306783e-02   7.8185953e-01
   2.3216690e+00   3.3450842e+00   9.8962775e+00   1.2108983e+01   2.0731667e+00   7.9183396e-01
   2.7030824e+00   3.4501389e+00   1.2267861e+01   1.5739345e+01   2.1543546e+00   1.0728012e+00
   1.9941519e+00   1.7696051e+00   4.5653397e+00   4.6771143e+00   5.6524875e-01   5.5868764e-01
   4.8224556e+00   2.2807604e+00   1.8703998e+01   1.4951921e+01   9.5434360e-01   3.6344627e+00
   4.4461201e+00   3.2295600e+00   2.1127883e+01   1.7403081e+01   2.0013277e+00   2.9537570e+00
   2.7687674e+00   8.9788839e-01   8.0980151e+00   3.4535539e+00   2.2060048e-01   1.2009495e+00
   9.8241712e-01   2.1745265e+00   3.1057402e+00   2.9585621e+00   9.1964732e-01   7.6297577e-02
   3.0576489e+00   2.1024019e+00   1.0403594e+01   8.2175178e+00   7.6938100e-01   1.4056885e+00
   2.2150415e+00   2.3085145e+00   6.4198756e+00   6.5482224e+00   9.4064834e-01   6.8278386e-01
   3.2013262e+00   2.6073557e+00   9.8323532e+00   1.2802081e+01   8.7798435e-01   1.6411337e+00
   7.3137907e-01   1.1320832e+00   1.2367638e+00   1.6255700e+00   3.1850678e-01   1.0000512e-01
   3.6393637e+00   2.1238717e+00   1.0965332e+01   9.3453933e+00   7.7792451e-01   2.0415021e+00
   3.9884590e+00   1.0449856e+00   1.2790506e+01   6.2705996e+00   1.8721043e-01   2.3773185e+00
   4.1799198e+00   2.4192794e+00   1.9069526e+01   1.3756709e+01   1.2815471e+00   2.8581067e+00
   4.4960975e+00   1.2502936e+00   1.3918234e+01   8.6853670e+00   2.8956142e-01   3.1092941e+00
   3.5647155e+00   1.9444481e+00   1.5724340e+01   7.5867380e+00   8.5363333e-01   2.0461896e+00
   4.5585134e+00   1.6486897e+00   1.7006099e+01   8.7805343e+00   5.5069542e-01   3.0590073e+00
   4.3863679e+00   1.6629768e+00   1.5655581e+01   9.6857887e+00   5.4668410e-01   2.9728894e+00
   3.4215110e+00   2.8647336e+00   1.3323912e+01   1.2052273e+01   1.3939034e+00   1.8858196e+00
   2.3108584e+00   3.8070056e+00   1.2007555e+01   1.5880230e+01   2.5103604e+00   9.3475217e-01
   2.9025280e+00   9.6632220e-01   6.6324890e+00   3.5366563e+00   1.6761417e-01   1.2418331e+00
   6.5888535e-01   3.8550071e+00   5.6356187e+00   1.0832680e+01   2.9580709e+00   6.8859258e-02
   1.0475426e+00   3.1668092e+00   4.7835178e+00   8.3084930e+00   1.5603283e+00   1.5132864e-01
   3.0522818e+00   1.6525276e+00   7.0536441e+00   6.9590514e+00   6.2084093e-01   1.2791583e+00
   4.9542675e+00   8.2102883e-01   1.5513970e+01   7.5218337e+00   1.0412601e-01   4.3021067e+00
   2.1146458e+00   3.2800440e+00   8.2122336e+00   1.3016824e+01   1.7625618e+00   7.4890987e-01
   4.6427384e+00   8.2811219e-01   1.4838239e+01   7.5641764e+00   1.5834186e-01   3.6736250e+00
   2.6006357e+00   1.0810101e+00   5.1461484e+00   3.9032507e+00   1.7242337e-01   9.7645145e-01
   2.5322016e+00   4.1050744e+00   1.3598582e+01   1.9276857e+01   3.3942830e+00   8.9676585e-01
   4.8103122e+00   2.6776144e+00   2.3503690e+01   1.4812067e+01   1.5692299e+00   3.4732974e+00
   3.3237344e+00   7.4763264e-01   7.4335055e+00   5.9009611e+00   1.4298322e-01   2.1516494e+00
   4.3466690e+00   3.5005248e+00   2.4313178e+01   2.0690164e+01   2.1458795e+00   2.6651932e+00
   2.0047008e+00   7.4238683e-01   3.1594004e+00   1.2919679e+00   1.5283759e-01   4.9325022e-01
   2.9568783e+00   4.0914803e+00   1.1832257e+01   1.8073931e+01   2.4847247e+00   1.3492756e+00
   3.3075456e+00   3.2968521e+00   1.5162509e+01   1.4602898e+01   1.9518543e+00   1.7460266e+00
   4.1715605e+00   2.3967049e+00   1.9021968e+01   1.3501033e+01   1.1460629e+00   2.6725464e+00
   2.4211021e+00   1.1442167e+00   5.2192870e+00   2.8981245e+00   2.0278214e-01   8.0503065e-01
   7.0490961e-01   3.2875508e+00   3.1968652e+00   7.4930080e+00   1.8686883e+00   2.0341188e-02
   4.0682273e+00   4.2435592e+00   2.5287661e+01   2.5478136e+01   3.7230539e+00   2.9752929e+00
   4.0270832e+00   9.9390104e-01   1.3792317e+01   4.9013809e+00   1.4208466e-01   2.5548918e+00
   3.5561269e+00   3.8778330e+00   2.3556333e+01   2.1434743e+01   2.7531702e+00   2.0555783e+00
   4.7779701e+00   1.4652955e+00   1.7281582e+01   1.0477189e+01   3.9011292e-01   3.5315901e+00
   2.2737651e+00   3.6096884e+00   1.0183895e+01   1.5504659e+01   2.3334343e+00   7.8937147e-01
   1.0739588e+00   3.4088327e+00   6.1076196e+00   9.9554719e+00   2.2571204e+00   2.2427753e-01
   3.4387509e+00   1.4000559e+00   1.0103986e+01   6.0043605e+00   3.5290655e-01   1.7608945e+00
   4.5103894e+00   2.9306615e+00   2.3536434e+01   1.9364112e+01   1.5660726e+00   3.6096662e+00
   1.2250125e+00   2.5849779e+00   4.6560974e+00   6.0108018e+00   1.0030260e+00   1.9300743e-01
   2.8933053e+00   3.2601961e+00   1.1073759e+01   1.3083784e+01   2.0066586e+00   1.2498156e+00
   2.5906527e+00   1.3528013e+00   6.0722741e+00   4.6142271e+00   4.2952354e-01   1.0619568e+00
   1.7486916e+00   4.0038502e+00   7.0677420e+00   1.8024761e+01   2.3474885e+00   4.7287033e-01
   4.1201231e+00   1.9074395e+00   1.5402726e+01   9.5972196e+00   6.3996987e-01   3.0458028e+00
   2.4080178e+00   8.4181606e-01   2.9277808e+00   2.4432292e+00   9.9688210e-02   1.0145892e+00
   8.1362041e-01   3.2495073e+00   4.7698544e+00   1.0366119e+01   1.7159802e+00   1.0635266e-01
   1.1554028e+00   1.6630730e+00   2.5861709e+00   2.4928727e+00   4.8151641e-01   1.6399878e-01
   2.8584036e+00   3.7035316e+00   1.4925589e+01   1.4617774e+01   2.6144246e+00   1.2003272e+00
   1.7866305e+00   4.7237643e+00   1.0449160e+01   2.1257887e+01   4.0794212e+00   5.0384843e-01
   2.5261562e+00   3.7611231e+00   1.1867564e+01   1.7158627e+01   2.5129081e+00   1.0987679e+00
   4.0667706e+00   2.9394930e+00   1.8267457e+01   1.3612362e+01   1.9560536e+00   2.5934687e+00
   4.2150246e+00   4.5453049e+00   3.0200223e+01   2.6212579e+01   3.8369392e+00   2.4426688e+00
   3.0978348e+00   3.8359755e+00   1.5567286e+01   1.9746588e+01   2.4681796e+00   1.4179891e+00
   4.0192052e+00   2.6901124e+00   1.5224926e+01   1.2103239e+01   1.0747115e+00   2.4506176e+00
   2.1002150e+00   3.1016165e+00   6.4872634e+00   1.3472727e+01   1.4730078e+00   8.3287289e-01
   6.4732566e-01   4.5356499e+00   4.3807381e+00   1.2954759e+01   3.4190025e+00   5.4386177e-02
   4.3553049e+00   7.0119722e-01   1.1690919e+01   5.0005336e+00   8.8555571e-02   2.7558188e+00
   2.0284581e+00   1.0743859e+00   4.5672523e+00   2.7210297e+00   1.8526419e-01   7.4248214e-01
   2.2808920e+00   9.8962911e-01   3.9427671e+00   2.8734312e+00   1.9222386e-01   9.0466932e-01
   3.9728199e+00   2.6375664e+00   1.7337984e+01   1.3531298e+01   1.3432473e+00   2.4485381e+00
   4.7515793e+00   4.3091609e+00   2.8059302e+01   2.6611326e+01   3.1470241e+00   3.4555259e+00
   1.0659553e+00   3.7881844e+00   5.3862745e+00   1.4753006e+01   2.4223691e+00   1.6147641e-01
   3.4695976e+00   3.3072237e+00   1.4326622e+01   1.6491709e+01   2.0033683e+00   1.8067399e+00
   8.4344474e-01   4.9985582e+00   6.7294786e+00   1.9365265e+01   4.3846481e+00   7.7150915e-02
   2.4389911e+00   4.3977403e+00   1.1692019e+01   2.2024765e+01   3.3171334e+00   1.0124602e+00
   4.7405684e+00   7.7823159e-01   1.5789082e+01   6.1816406e+00   1.5874497e-01   3.7394689e+00
   3.2160582e+00   1.2970110e+00   6.9216137e+00   6.3709460e+00   2.3848506e-01   1.5646736e+00
   7.8051564e-01   3.8884819e+00   5.9624101e+00   1.3915487e+01   2.9102858e+00   9.3891680e-02
   1.6733222e+00   5.2705706e-01   2.9366042e+00   9.1354462e-01   5.8177609e-02   3.7873493e-01
   3.6721360e+00   3.8680688e+00   1.8012280e+01   1.9320232e+01   2.5369085e+00   2.1744784e+00
   4.7704100e+00   3.6927373e+00   2.8615762e+01   2.4924733e+01   2.7645676e+00   3.5392641e+00
   1.9639240e+00   1.8970802e+00   5.0412918e+00   4.6561652e+00   7.7604942e-01   7.6790933e-01
   2.3640004e+00   4.8758506e+00   1.6636617e+01   2.1365940e+01   4.6386329e+00   5.8858636e-01
   3.5615205e+00   3.1846570e+00   1.4576692e+01   1.4805149e+01   1.9088775e+00   1.7210913e+00
   5.3273402e-01   2.5188017e+00   1.6140812e+00   5.9571726e+00   1.0488805e+00   4.9158540e-02
   2.4547332e+00   4.1263642e+00   1.3387396e+01   1.8694920e+01   3.2269542e+00   1.0955294e+00
   3.2280742e+00   2.4331895e+00   1.2056641e+01   7.5800983e+00   1.0645886e+00   1.4606430e+00
   4.5007317e+00   1.4834906e+00   1.6065632e+01   7.7896401e+00   4.1335747e-01   2.8945094e+00
   3.1499144e+00   2.0983180e+00   1.2496311e+01   7.8940346e+00   9.3580287e-01   1.6572008e+00
   3.8789602e+00   3.1803015e+00   1.7823278e+01   1.7214957e+01   1.7396255e+00   2.5108893e+00
   2.3536850e+00   3.3404974e+00   7.6102568e+00   1.1126457e+01   1.8014281e+00   9.3712621e-01
   4.4094011e+00   1.5270184e+00   1.6467048e+01   8.9010502e+00   4.1389973e-01   2.9479309e+00
   3.4290830e+00   5.8284999e-01   7.8658680e+00   2.3542301e+00   6.9440172e-02   1.6827172e+00
   3.1214959e+00   3.5196182e+00   1.4668698e+01   2.0130998e+01   2.0734016e+00   1.5118525e+00
   6.7721791e-01   3.0592795e+00   3.2783232e+00   7.5833159e+00   1.5620815e+00   2.5824295e-02
   3.3219717e+00   8.6877641e-01   7.7852855e+00   2.6858533e+00   1.2950013e-01   1.6418338e+00
   2.3008332e+00   4.8013539e+00   1.4929166e+01   2.1499696e+01   4.0885438e+00   8.7296683e-01
   1.4638690e+00   4.1958013e+00   7.8514444e+00   1.4507828e+01   3.0087400e+00   2.1337212e-01
   2.5843753e+00   7.5512477e-01   6.3970032e+00   1.6643196e+00   8.8023364e-02   1.0270074e+00
   3.5893379e+00   4.8151813e+00   2.2832815e+01   2.6992844e+01   4.0549337e+00   1.9167752e+00
   1.7145105e+00   3.6075642e+00   6.9188114e+00   1.1910200e+01   2.3900222e+00   5.2593924e-01
   3.6254931e+00   1.5586806e+00   1.1098670e+01   6.3159436e+00   6.0893455e-01   1.5756070e+00
   4.7547657e+00   2.8043002e+00   2.2148848e+01   1.8109875e+01   1.2871073e+00   3.8651626e+00
   2.5296620e+00   4.7789768e+00   1.3633210e+01   2.4190745e+01   4.3346869e+00   8.9248678e-01
   1.7245686e+00   4.8675540e+00   1.1550718e+01   2.0028161e+01   3.8171079e+00   3.6552511e-01
   4.0505234e+00   3.9742689e+00   2.0285402e+01   1.9586266e+01   2.5591814e+00   2.5518304e+00
   2.3877850e+00   7.2430892e-01   4.6596418e+00   2.1889276e+00   1.6312376e-01   9.1222036e-01
   3.2501853e+00   2.8443018e+00   1.3944097e+01   1.2181227e+01   1.2718688e+00   1.6702950e+00
   1.3099236e+00   3.0955039e+00   3.3857738e+00   6.3756428e+00   1.5638802e+00   2.8294166e-01
   1.6108459e+00   3.8216896e+00   9.1068323e+00   1.3732094e+01   2.8585957e+00   3.4796158e-01
   4.4927742e+00   4.2307509e+00   2.5947165e+01   2.5703917e+01   3.3160315e+00   2.9775752e+00
   1.1103622e+00   3.4336461e+00   5.2695458e+00   1.0100562e+01   1.9854542e+00   1.6530910e-01
   1.7802505e+00   2.2872842e+00   6.8398692e+00   6.0998369e+00   9.1900897e-01   5.0216143e-01
   1.5527467e+00   2.1948620e+00   4.7454655e+00   5.3278600e+00   9.2395554e-01   4.2860006e-01
   1.6979191e+00   7.5451969e-01   2.9721739e+00   2.0824344e+00   9.0286751e-02   3.7434003e-01
   5.8266084e-01   2.3039491e+00   1.7334072e+00   4.0670720e+00   1.0818282e+00   7.0109230e-02
   9.7554412e-01   1.4313551e+00   2.6279790e+00   2.0570388e+00   2.3594981e-01   9.0350265e-02
   3.3998140e+00   4.1203522e+00   1.5698507e+01   1.8325910e+01   2.9635902e+00   1.5794404e+00
   3.6343365e+00   1.3006946e+00   8.7115059e+00   6.3403637e+00   3.5839221e-01   2.1539316e+00
   4.9626913e+00   2.2161814e+00   2.1332871e+01   1.4202862e+01   1.1361002e+00   4.0125165e+00
   4.3954717e+00   1.6877795e+00   1.5554069e+01   1.0227528e+01   4.9332736e-01   3.0202245e+00
   6.7267006e-01   5.8850138e-01   8.5025883e-01   5.7125340e-01   6.4262115e-02   4.8334418e-02
   3.6525999e+00   3.1250913e+00   1.5115202e+01   1.4402937e+01   1.6580912e+00   1.8018845e+00
   9.4953901e-01   1.5458266e+00   1.8408180e+00   4.2002145e+00   5.1042068e-01   1.2098011e-01
   4.1398965e+00   3.4753904e+00   2.0688860e+01   1.6832639e+01   2.3797496e+00   2.7575213e+00
   8.1699359e-01   6.6828409e-01   1.1402967e+00   1.3895190e+00   9.4787288e-02   8.5440822e-02
   3.4089971e+00   1.2294419e+00   9.9082794e+00   3.4258066e+00   2.2943892e-01   1.6384686e+00
   3.4299001e+00   2.8937699e+00   1.3768683e+01   1.4736543e+01   1.6529636e+00   1.9146780e+00
   3.6642350e+00   3.2458350e+00   1.6742736e+01   1.9238378e+01   1.6560129e+00   2.0613666e+00
   2.6314748e+00   2.9455186e+00   1.0843061e+01   1.0218923e+01   1.6365143e+00   8.3024623e-01
   1.0287867e+00   8.1522678e-01   2.2950970e+00   2.2836762e+00   1.4636252e-01   1.2708488e-01
   4.0766206e+00   9.3702214e-01   1.1411597e+01   5.9864646e+00   1.9114964e-01   2.5628642e+00
   4.1576031e+00   4.0698421e+00   2.3372187e+01   2.3669769e+01   3.1196777e+00   2.5571837e+00
   3.3510056e+00   1.8258854e+00   1.0672078e+01   7.1145223e+00   7.1595168e-01   1.7099024e+00
   1.9534536e+00   1.3751962e+00   4.4356455e+00   3.6247389e+00   2.4235613e-01   5.4164411e-01
   2.7681179e+00   1.3332694e+00   5.9770524e+00   5.0610281e+00   2.5374857e-01   9.4290922e-01
   1.1204339e+00   1.3278524e+00   2.0778223e+00   1.5223402e+00   3.3571831e-01   1.4295721e-01
   2.3078003e+00   4.0283186e+00   1.0620049e+01   1.6372424e+01   2.8369851e+00   7.3334695e-01
   3.2070238e+00   2.8534056e+00   1.2879807e+01   1.3244324e+01   1.3545946e+00   1.6916035e+00
   4.4132112e+00   3.9591446e+00   2.4031527e+01   2.4558395e+01   2.7794427e+00   3.0093671e+00
   7.8374326e-01   2.4062100e+00   2.8971519e+00   5.0437745e+00   1.0759346e+00   1.0982094e-01
   3.5937500e+00   4.1175735e+00   2.0202948e+01   2.2569907e+01   3.6084637e+00   1.9147381e+00
   3.7967089e+00   4.7151041e+00   1.9550834e+01   2.7040302e+01   3.8283810e+00   2.2504682e+00
   1.0066309e+00   2.6959142e+00   3.5514315e+00   4.9981123e+00   1.2042087e+00   9.2105458e-02
   4.6653283e+00   2.1401444e+00   1.9266951e+01   1.3764352e+01   7.8613162e-01   3.6135851e+00
   8.5687800e-01   2.3895493e+00   2.6418816e+00   3.8327894e+00   1.0482418e+00   6.0082283e-02
   9.1002261e-01   2.2527116e+00   3.5702990e+00   4.7886608e+00   8.9691245e-01   1.2792084e-01
   4.0819053e+00   3.4836839e+00   1.7495942e+01   1.8854209e+01   2.4454889e+00   2.5559988e+00
   1.0225346e+00   4.8566115e+00   8.7317684e+00   1.7654397e+01   4.2567973e+00   1.8963925e-01
   5.2289558e-01   3.8785783e+00   3.6128565e+00   1.1452102e+01   2.6241839e+00   2.1994413e-02
   5.7633500e-01   3.1693816e+00   2.6487840e+00   5.8428660e+00   1.9119489e+00   6.8867545e-03
   3.0610477e+00   4.9018016e+00   2.2113544e+01   2.2282001e+01   4.2200207e+00   1.0640817e+00
   4.8205816e+00   2.9951914e+00   2.8698694e+01   1.7486921e+01   1.7960617e+00   3.8413086e+00
   1.0568047e+00   3.9000023e+00   4.1151139e+00   1.2515998e+01   2.8266277e+00   1.7671254e-01
   9.2403547e-01   1.7129336e+00   1.9919256e+00   2.1829527e+00   4.2456000e-01   1.0083121e-01
   3.4437693e+00   4.3266360e+00   1.9496089e+01   2.3522256e+01   3.0877230e+00   1.8883693e+00
   1.4763275e+00   3.2443245e+00   6.0693386e+00   8.8133742e+00   2.0549230e+00   2.9028436e-01
   1.6027879e+00   2.7415345e+00   5.0558328e+00   8.0594965e+00   1.4443241e+00   3.6754977e-01
   1.3148654e+00   2.4774586e+00   3.4586807e+00   5.8412935e+00   1.0554787e+00   2.1780003e-01
   4.5551211e+00   1.3489338e+00   1.4234482e+01   8.6347620e+00   2.0634616e-01   2.9218539e+00
   2.4522074e+00   4.4267334e+00   1.3185096e+01   1.7408492e+01   3.6505658e+00   8.5383351e-01
   2.5545143e+00   9.1846368e-01   4.9385681e+00   2.5113422e+00   1.4280494e-01   9.6273807e-01
   1.3494691e+00   3.9248185e+00   7.7751124e+00   1.3841505e+01   2.5580087e+00   1.9266455e-01
   4.6873341e+00   5.2126986e-01   1.2906406e+01   5.8999799e+00   5.1765489e-02   3.6872211e+00
   4.0777964e+00   8.4740698e-01   1.0772291e+01   4.2331561e+00   1.5388453e-01   2.5691088e+00
   1.3080432e+00   1.0794474e+00   2.8306486e+00   1.5870733e+00   2.2325610e-01   1.5861897e-01
   1.4723111e+00   4.7212184e+00   1.0652274e+01   2.1683486e+01   4.3355067e+00   4.3032443e-01
   4.0663915e+00   3.9622441e+00   2.0073411e+01   2.2727953e+01   2.9130279e+00   2.7173327e+00
   2.7697405e+00   2.9601999e+00   8.3861550e+00   1.3736947e+01   1.4267620e+00   1.1616776e+00
   1.9264399e+00   4.0937032e+00   1.2051433e+01   1.4398219e+01   3.1598436e+00   6.0763087e-01
   8.3345529e-01   3.0403102e+00   2.8679514e+00   7.9230071e+00   1.7015004e+00   1.3811542e-01
   3.8327814e+00   4.5593482e+00   2.1913727e+01   2.7178086e+01   3.5398390e+00   2.3632888e+00
   4.8181362e+00   4.2960566e+00   2.8756454e+01   3.0117300e+01   3.7463789e+00   3.4839590e+00
   6.2918971e-01   4.2517511e+00   4.0078802e+00   1.2511055e+01   3.2556934e+00   2.3671827e-02
   1.4109807e+00   1.3945251e+00   2.4124702e+00   3.8577926e+00   2.9653512e-01   3.2254701e-01
   1.2402144e+00   3.4104387e+00   7.1785040e+00   1.0367674e+01   1.9991729e+00   2.5321792e-01
   1.4239871e+00   8.3075791e-01   1.5854491e+00   1.0198848e+00   1.2294899e-01   3.6109533e-01
   1.9086791e+00   4.5316731e+00   1.1650741e+01   1.9728935e+01   3.7637212e+00   6.1100526e-01
   4.3705559e+00   3.6368202e+00   1.9966327e+01   2.0061830e+01   2.3914760e+00   2.7506040e+00
   2.7898092e+00   1.4054962e+00   6.9939494e+00   6.8157359e+00   2.4016005e-01   1.1120834e+00
   3.1560541e+00   3.3360602e+00   1.4105463e+01   1.3972412e+01   2.1043391e+00   1.4573416e+00
   3.1015136e+00   5.8523676e-01   7.2979525e+00   2.3952341e+00   7.8707789e-02   1.3326829e+00
   2.5946076e+00   4.1384794e+00   1.5341368e+01   1.5581039e+01   3.3746981e+00   1.0691063e+00
   8.1512353e-01   5.7517647e-01   9.2125829e-02   1.0341784e+00   5.2691316e-03   1.5403831e-01
   1.3932447e+00   4.3075345e+00   8.8643693e+00   1.6397531e+01   3.1426768e+00   4.7761412e-01
   2.3006035e+00   1.2210160e+00   4.3999258e+00   3.7385039e+00   2.5929487e-01   7.6168302e-01
   3.0231321e+00   3.7065542e+00   1.0367906e+01   1.6017427e+01   2.4191612e+00   1.3963543e+00
   2.4388929e+00   2.1734335e+00   6.2272976e+00   7.3694251e+00   9.6812308e-01   1.0505436e+00
   2.5934694e+00   3.0623275e+00   1.0137721e+01   1.4515429e+01   1.7474850e+00   1.1208586e+00
   4.6361009e+00   4.7983163e+00   3.0958747e+01   2.8959316e+01   3.8615407e+00   3.5301303e+00
   2.5699104e+00   3.3107804e+00   1.1453461e+01   1.3243387e+01   2.3439695e+00   8.7925894e-01
   1.4825105e+00   7.8242524e-01   2.0072669e+00   1.0910769e+00   1.3778751e-01   2.3049740e-01
   1.7167157e+00   1.4261038e+00   3.4827454e+00   3.6023259e+00   3.4796863e-01   4.0009128e-01
   5.4243026e-01   8.2392124e-01   1.6378738e+00   9.3291587e-01   1.8753271e-01   4.1773550e-02
   4.1961831e+00   5.8236361e-01   1.0775284e+01   5.0423951e+00   2.6606301e-02   2.9503326e+00
   4.6847734e+00   2.9251247e+00   2.1741591e+01   2.0896021e+01   1.5694659e+00   3.6985889e+00
   2.7371484e+00   4.5557302e+00   1.7540507e+01   2.1506701e+01   3.7881090e+00   1.0922530e+00
   3.4622185e+00   4.2117060e+00   1.6240040e+01   2.2385060e+01   2.8120548e+00   1.9567322e+00
   1.8599264e+00   2.4658117e+00   4.6217318e+00   7.7106595e+00   1.0465117e+00   5.9387608e-01
   1.1614996e+00   9.3416947e-01   1.8770513e+00   1.2666151e+00   2.4080897e-01   2.1892153e-01
   1.5496021e+00   2.3306574e+00   4.3457962e+00   5.7040588e+00   9.8043176e-01   4.3981336e-01
   2.9927604e+00   2.2288981e+00   8.2862207e+00   1.0816358e+01   8.8246917e-01   1.4551580e+00
   3.8210979e+00   3.3977355e+00   1.7925514e+01   1.5575581e+01   2.1815637e+00   2.0833799e+00
   1.2682046e+00   3.0348051e+00   4.6648370e+00   8.2946190e+00   1.6246603e+00   1.9395543e-01
   1.4779719e+00   1.3749256e+00   2.3293866e+00   2.6314571e+00   2.8454408e-01   2.1257752e-01
   2.4891233e+00   3.2777645e+00   8.4964126e+00   1.2173061e+01   1.8869941e+00   8.8741105e-01
   3.3263536e+00   1.9539198e+00   1.2729532e+01   1.0482953e+01   8.3332152e-01   1.8882360e+00
   1.5518359e+00   4.4299058e+00   8.7596407e+00   1.6273993e+01   3.5270535e+00   3.7041413e-01
   8.8005058e-01   3.9067271e+00   5.9266138e+00   1.2142198e+01   2.4430724e+00   1.8759095e-01
   2.0878108e+00   3.8842652e+00   9.5082805e+00   1.3514834e+01   2.7274443e+00   5.9645662e-01
   1.0991510e+00   2.9327863e+00   4.6111559e+00   7.9264245e+00   1.7196463e+00   1.8544065e-01
   2.5870884e+00   2.9260151e+00   8.7230592e+00   1.1012538e+01   1.6815365e+00   1.1987670e+00
   9.2748809e-01   8.5244293e-01   1.1325587e+00   1.1716228e+00   1.1461525e-01   1.5644735e-01
   3.7141899e+00   2.0537276e+00   1.3580745e+01   8.9684691e+00   7.7901461e-01   2.0350767e+00
   2.1534571e+00   3.6213770e+00   1.1669770e+01   1.4599204e+01   2.4375090e+00   6.5415896e-01
   3.9337118e+00   1.7361034e+00   1.2395555e+01   8.5979491e+00   4.3560042e-01   2.4495124e+00
   2.6398220e+00   1.1452325e+00   5.6566897e+00   4.5841817e+00   2.4892435e-01   1.1362761e+00
   3.0548511e+00   3.2724416e+00   1.6021531e+01   1.5091529e+01   2.1015410e+00   1.3075878e+00
   1.7633441e+00   2.9647528e+00   5.9063315e+00   7.9772218e+00   1.6274587e+00   5.0001104e-01
   1.1776340e+00   9.4268367e-01   1.5332555e+00   2.2573349e+00   1.8138133e-01   2.3153868e-01
   1.4940660e+00   3.6018253e+00   6.8952670e+00   1.4457656e+01   2.3352602e+00   4.0833862e-01
   3.5084957e+00   1.9002057e+00   1.3172703e+01   7.4901760e+00   5.9331891e-01   1.9816025e+00
   1.6493974e+00   4.6168390e+00   8.6180774e+00   2.0154783e+01   3.8158458e+00   4.1397748e-01
   9.6004515e-01   4.0077948e+00   5.4217508e+00   1.1896138e+01   2.8363051e+00   1.6418162e-01
   3.5217070e+00   2.9201277e+00   1.5876542e+01   1.3017583e+01   1.8092162e+00   1.9700768e+00
   1.3530749e+00   2.3100892e+00   4.8898557e+00   5.6952207e+00   9.8127586e-01   2.5338121e-01
   2.1411489e+00   4.1242926e+00   1.3815360e+01   1.7799385e+01   3.0867648e+00   7.1807902e-01
   2.9459557e+00   1.2596185e+00   8.0719564e+00   5.2688990e+00   3.8183632e-01   1.4128305e+00
   9.5075283e-01   3.8412762e+00   5.4986949e+00   1.3758071e+01   2.3332864e+00   1.3809003e-01
   2.9522581e+00   1.7850968e+00   9.4361820e+00   7.2698224e+00   6.4233164e-01   1.4808226e+00
   2.8167643e+00   1.5983126e+00   8.1223006e+00   7.3584605e+00   5.0162387e-01   1.1063718e+00
   3.2688527e+00   1.6811700e+00   9.3101299e+00   6.8997951e+00   6.8850510e-01   1.6815529e+00
   1.2156333e+00   2.1480297e+00   2.7336133e+00   4.3185061e+00   1.1441915e+00   2.1363569e-01
   1.7236560e+00   4.5459117e+00   1.0495470e+01   1.9572374e+01   4.1571866e+00   4.0446460e-01
   4.0726022e+00   4.3203791e+00   2.4420182e+01   2.1532066e+01   3.5035676e+00   2.4838048e+00
   2.4624389e+00   2.8028342e+00   1.1016358e+01   9.3924380e+00   1.3726018e+00   9.6737197e-01
   1.1019393e+00   9.7999984e-01   1.6313252e+00   1.0815045e+00   2.2882774e-01   1.4015651e-01
   1.7278188e+00   3.1889567e+00   7.1784099e+00   1.2147536e+01   1.7860199e+00   3.7423032e-01
   3.4565392e+00   3.0247458e+00   1.4479895e+01   1.1160421e+01   1.5404178e+00   1.6866404e+00
   2.7606700e+00   5.3854597e-01   6.4351815e+00   2.4736987e+00   3.4711138e-02   1.3434830e+00
   2.2441126e+00   2.8305811e+00   8.4744824e+00   8.5751404e+00   1.3160306e+00   7.4710822e-01
   2.1751799e+00   1.6942985e+00   5.2932182e+00   5.5028109e+00   5.2793811e-01   6.5754461e-01
   4.4157242e+00   2.6061865e+00   1.9769423e+01   1.2074285e+01   1.1295152e+00   2.9961350e+00
   3.4002148e+00   1.4869182e+00   8.8040700e+00   6.8069141e+00   4.1086579e-01   2.0176427e+00
   2.5450673e+00   4.5370827e+00   1.4422551e+01   1.9880142e+01   3.9120046e+00   1.0082049e+00
   5.6246461e-01   1.3965134e+00   1.1339543e+00   1.7235361e+00   2.3818256e-01   9.1301354e-02
   1.6231669e+00   3.4717361e+00   4.9356841e+00   1.1582856e+01   1.7473026e+00   4.1187313e-01
   3.4475819e+00   1.4814514e+00   1.0412779e+01   5.0873780e+00   3.7701379e-01   1.7917250e+00
   2.7614645e+00   3.4699629e+00   1.0151865e+01   1.4769836e+01   2.1059355e+00   1.0429313e+00
   2.3614365e+00   1.7388758e+00   5.4767824e+00   3.8790504e+00   5.1267932e-01   6.6546472e-01
   3.9422022e+00   2.4349718e+00   1.5892321e+01   1.2494796e+01   1.0866214e+00   2.4471394e+00
   1.6298819e+00   4.9367873e+00   1.1537532e+01   2.1552496e+01   4.5716258e+00   4.7065756e-01
   1.6298981e+00   9.4211601e-01   2.9776028e+00   2.2336879e+00   1.1092056e-01   5.9803373e-01
   2.7262479e+00   3.9657426e+00   1.4532912e+01   1.6110964e+01   2.7084245e+00   1.1753823e+00
   4.9075625e+00   4.8653969e+00   3.0542332e+01   3.6730775e+01   4.5252347e+00   3.8479801e+00
   3.7779162e+00   1.0263813e+00   9.7563885e+00   5.5641335e+00   1.5026344e-01   2.3636246e+00
   1.1208972e+00   3.6162680e+00   5.5068521e+00   1.0361909e+01   2.2767522e+00   2.1226117e-01
   3.2896736e+00   3.3297729e+00   1.6095451e+01   1.5903121e+01   1.9913319e+00   1.5615756e+00
   3.8347131e+00   1.9904889e+00   1.4277001e+01   1.0283895e+01   8.2797666e-01   2.3266482e+00
   2.0558056e+00   3.3669511e+00   6.9403380e+00   1.1613985e+01   2.0618969e+00   5.2123522e-01
   1.8916338e+00   3.3301354e+00   8.2643181e+00   1.3173456e+01   1.8178530e+00   5.3482438e-01
   1.5123366e+00   1.5594119e+00   2.6962626e+00   3.7352625e+00   4.2166473e-01   4.4887544e-01
   1.2904723e+00   3.5269196e+00   6.1727251e+00   1.0364037e+01   2.4086495e+00   2.4207393e-01
   6.4636794e-01   1.7477883e+00   1.6801725e+00   1.5314448e+00   6.4001316e-01   3.3491979e-02
   1.0775233e+00   4.6763201e+00   8.1296514e+00   1.5232434e+01   4.4284419e+00   1.7301979e-01
   4.1255049e+00   3.6929315e+00   2.0157258e+01   2.2180929e+01   2.5603523e+00   2.5343689e+00
   1.1614570e+00   2.6383733e+00   5.3858588e+00   5.2183922e+00   1.3957726e+00   2.1705821e-01
   4.8844509e+00   2.3501823e+00   2.1432041e+01   1.4636901e+01   1.0988431e+00   4.0760669e+00
   1.3643310e+00   3.9412185e+00   8.0415055e+00   1.2920978e+01   3.0302703e+00   2.7110309e-01
   2.7783650e+00   1.8625124e+00   8.6391822e+00   6.7382743e+00   6.3951473e-01   1.3817902e+00
   1.4964990e+00   4.7517874e+00   1.0230029e+01   2.2158587e+01   4.2623891e+00   3.4120094e-01
   2.7075481e+00   2.7108099e+00   9.3421016e+00   9.8178148e+00   1.1910588e+00   9.7388700e-01
   2.4313415e+00   3.5584809e+00   1.3971888e+01   1.5297004e+01   2.3014077e+00   7.2672954e-01
   5.2703711e-01   1.9543094e+00   1.7487139e+00   2.4467834e+00   5.9774671e-01   2.5384531e-02
   1.3816979e+00   2.2327072e+00   4.7932693e+00   5.3614102e+00   8.1629093e-01   3.5321507e-01
   3.9142626e+00   2.8616492e+00   1.6509115e+01   1.5776355e+01   1.4065103e+00   2.5148395e+00
   1.9364481e+00   1.1881366e+00   5.0215900e+00   1.8569264e+00   1.8338211e-01   4.9434452e-01
   2.0852523e+00   2.8293560e+00   8.7660414e+00   9.9254065e+00   1.3374514e+00   7.3056942e-01
   3.5240561e+00   2.4708335e+00   1.5083430e+01   1.2512828e+01   1.2002820e+00   1.7424470e+00
   3.2013358e+00   3.8602903e+00   2.0190826e+01   1.9012077e+01   2.6937322e+00   1.5793870e+00
   2.3558099e+00   4.8193832e+00   1.5893251e+01   2.3618367e+01   4.1390942e+00   9.5987381e-01
   4.0992950e+00   2.4881812e+00   1.7713707e+01   1.2094631e+01   1.2175364e+00   2.8385605e+00
   3.6020383e+00   4.8623089e+00   2.2913031e+01   2.8166774e+01   4.0686368e+00   1.8933988e+00
   4.8473967e+00   2.7506435e+00   2.4208589e+01   1.6241122e+01   1.6308588e+00   3.6721996e+00
   4.4995857e+00   1.4571376e+00   1.5450102e+01   7.8360198e+00   4.4164715e-01   3.0087541e+00
   3.2534045e+00   2.7907099e+00   1.4331542e+01   1.4515002e+01   1.2395063e+00   1.6764788e+00
   4.8421135e+00   7.1567339e-01   1.4809273e+01   4.8166871e+00   8.6109193e-02   3.5127446e+00
   2.6081268e+00   3.8452826e+00   1.3054436e+01   1.5682963e+01   2.5282085e+00   1.0976416e+00
   3.1653950e+00   5.2601567e-01   7.0867269e+00   2.7242294e+00   6.4036687e-02   1.3421082e+00
   2.2195642e+00   3.0384361e+00   1.0868462e+01   1.0004777e+01   1.7638996e+00   6.2165309e-01
   4.1101422e+00   1.6174932e+00   1.4284224e+01   8.5657938e+00   5.5504075e-01   2.6623058e+00
   2.3596690e+00   2.4796689e+00   7.5174906e+00   7.8961736e+00   9.6989345e-01   8.5407551e-01
   1.7075740e+00   4.1576765e+00   8.8997787e+00   1.5546889e+01   3.4399979e+00   4.3848546e-01
   1.6622931e+00   4.2756615e+00   1.3652871e+01   1.8196305e+01   3.9585992e+00   4.5394576e-01
   3.9867477e+00   4.8676581e+00   2.2914015e+01   3.2486252e+01   3.9320401e+00   2.3462501e+00
   3.6820197e+00   2.9617727e+00   1.5598766e+01   1.7319531e+01   1.6049327e+00   1.9824249e+00
   2.4462129e+00   1.7138563e+00   5.0774915e+00   6.4018586e+00   6.8523874e-01   9.5492803e-01
   2.1433655e+00   5.5777915e-01   2.8508151e+00   1.2671828e+00   2.8553404e-02   7.9712414e-01
   4.4190833e+00   2.7534783e+00   1.9340923e+01   1.5148541e+01   1.4812871e+00   3.1020464e+00
   3.8610446e+00   1.6101509e+00   1.2486908e+01   7.6219068e+00   3.6680224e-01   2.4857903e+00
   1.8210437e+00   2.4574787e+00   6.2687151e+00   8.9856393e+00   1.0457681e+00   4.5465359e-01
   1.7034393e+00   5.5412464e-01   2.3200585e+00   1.3584379e+00   8.2244434e-02   3.9375396e-01
   2.6359834e+00   3.2383046e+00   1.1474926e+01   1.2209828e+01   1.9109706e+00   1.0282785e+00
   1.3441323e+00   1.7320320e+00   2.6647222e+00   4.1200549e+00   5.3946476e-01   2.9172567e-01
   2.5901013e+00   4.5890377e+00   1.5189658e+01   2.5316457e+01   3.9705466e+00   1.4061880e+00
   4.6944029e+00   4.3607417e+00   2.8414797e+01   2.6617836e+01   3.5705443e+00   3.3226825e+00
   2.8525843e+00   2.4282845e+00   1.0124219e+01   8.8604075e+00   1.2042530e+00   1.2420680e+00
   3.1530011e+00   1.4819408e+00   6.7441705e+00   7.1381901e+00   2.9044115e-01   1.5585489e+00
   4.4126648e+00   2.9239649e+00   2.1305133e+01   1.6326208e+01   1.5439692e+00   3.0763322e+00
   2.4716868e+00   3.5821244e+00   1.0639046e+01   1.4101296e+01   2.2589053e+00   9.9714266e-01
   1.9533609e+00   3.7537319e+00   1.0258940e+01   1.3478950e+01   2.3198402e+00   5.1820639e-01
   3.8983134e+00   2.1719543e+00   1.4780050e+01   1.1951840e+01   7.2361791e-01   2.4010927e+00
   4.2786464e+00   3.5115682e+00   1.9926109e+01   2.0637637e+01   2.1750512e+00   3.0550521e+00
   3.1014479e+00   1.3767929e+00   9.9119584e+00   4.6580661e+00   3.9406416e-01   1.3720105e+00
   3.4995085e+00   1.6860951e+00   1.0424092e+01   7.8048939e+00   4.9697450e-01   1.7610958e+00
   2.5496063e+00   3.2702750e+00   1.0563106e+01   1.2745628e+01   1.8651240e+00   9.7710873e-01
   1.0455101e+00   3.4990273e+00   4.1206606e+00   9.1257766e+00   2.3320423e+00   1.6513479e-01
   2.6599181e+00   2.9411628e+00   9.1982164e+00   1.1847457e+01   1.4711826e+00   1.2012255e+00
   2.9797155e+00   2.2641569e+00   9.2912481e+00   8.8989946e+00   9.6315460e-01   1.5412434e+00
   2.8389656e+00   4.6154843e+00   1.6251722e+01   2.2953413e+01   3.8232956e+00   1.2533710e+00
   2.9879622e+00   1.7296736e+00   8.2702739e+00   5.7584571e+00   4.9758412e-01   1.4339915e+00
   1.8527767e+00   8.8157992e-01   3.1712375e+00   2.4697607e+00   1.1076006e-01   4.1920315e-01
   2.2190994e+00   1.2244453e+00   5.1709000e+00   3.6436783e+00   2.8884630e-01   8.3906196e-01
   2.2395922e+00   6.4859015e-01   3.8238486e+00   2.1215227e+00   1.1226371e-01   8.0014628e-01
   1.8186629e+00   3.9307765e+00   7.8811685e+00   1.3664216e+01   2.6690191e+00   5.2931044e-01
   5.3822540e-01   3.4618588e+00   2.8860263e+00   7.9921336e+00   2.2501760e+00   1.8020568e-02
   1.5421960e+00   7.7975013e-01   1.7594619e+00   1.9602713e+00   9.2505763e-02   3.3471071e-01
   1.3310793e+00   1.0277182e+00   2.6006399e+00   2.0346629e+00   1.2559950e-01   2.7710256e-01
   3.9078289e+00   4.0526977e+00   2.0880868e+01   2.4597517e+01   2.7465061e+00   2.5676149e+00
   4.0764409e+00   2.4051791e+00   1.6318659e+01   1.4781529e+01   1.1962087e+00   2.9600454e+00
   1.9015896e+00   2.1546211e+00   7.0829252e+00   5.2594484e+00   8.0389025e-01   5.7048127e-01
   2.2492974e+00   3.9700327e+00   1.1170342e+01   1.6139802e+01   2.6530925e+00   8.5333791e-01
   1.5525347e+00   4.1022403e+00   8.5181651e+00   1.6032497e+01   2.5756578e+00   3.8939997e-01
   2.5486571e+00   2.3153052e+00   8.3101250e+00   8.2011714e+00   8.0890644e-01   1.1040010e+00
   4.7256241e+00   2.2294015e+00   1.9678503e+01   1.3597365e+01   6.9202759e-01   2.9912394e+00
   4.1830578e+00   1.5719128e+00   1.3190474e+01   8.3959575e+00   4.5912856e-01   2.4914678e+00
   2.3392112e+00   1.9856079e+00   5.8621086e+00   7.3862020e+00   5.9488175e-01   1.0388260e+00
   3.7223906e+00   2.8001477e+00   1.6134088e+01   1.2671848e+01   1.5108079e+00   2.4177463e+00
   6.4260321e-01   4.7045621e+00   5.4173400e+00   1.6033497e+01   3.9677135e+00   6.7405110e-02
   4.2522790e+00   2.0782643e+00   1.8745476e+01   1.2776541e+01   8.1421657e-01   2.5292740e+00
   4.6797604e+00   4.8042780e+00   3.0242265e+01   3.7560454e+01   3.9563675e+00   3.5896884e+00
   6.7038048e-01   2.1374215e+00   2.6909940e+00   4.2250105e+00   9.4551055e-01   2.3894430e-02
   2.5009081e+00   2.7714671e+00   1.0120628e+01   9.9457952e+00   1.5795199e+00   1.0890024e+00
   4.1461162e+00   1.5533786e+00   1.3194957e+01   1.0129475e+01   4.5313995e-01   2.8067295e+00
   8.2625095e-01   3.9012622e+00   4.9410597e+00   1.2377796e+01   2.4365135e+00   8.7446413e-02
   2.0051300e+00   4.0682439e+00   1.1252082e+01   1.6285655e+01   2.9087523e+00   6.9573547e-01
   1.4345709e+00   8.5008047e-01   1.6045791e+00   1.2726769e+00   6.7984984e-02   2.4672247e-01
   4.4715924e+00   4.6794462e+00   2.6195049e+01   3.1630659e+01   4.0530447e+00   3.3197286e+00
   3.9109838e+00   4.0810031e+00   2.1922663e+01   2.3955728e+01   2.9836573e+00   2.4562756e+00
   1.7745166e+00   3.1174097e+00   9.1481287e+00   9.1409109e+00   1.5762386e+00   4.0352334e-01
   2.6570203e+00   8.1326574e-01   5.3955613e+00   2.4231115e+00   2.0967232e-01   9.8136374e-01
   3.8667372e+00   3.4112192e+00   1.9545274e+01   1.9555145e+01   2.4195159e+00   2.9807290e+00
   1.9715288e+00   1.2948352e+00   3.3828415e+00   3.5352360e+00   2.1347305e-01   7.9727607e-01
   1.8347353e+00   1.2894862e+00   3.7598408e+00   2.4059082e+00   3.1787393e-01   4.1652870e-01
   4.3332999e+00   2.4839417e+00   1.7232971e+01   1.2018777e+01   1.3606311e+00   3.0345433e+00
   3.0343454e+00   1.4300016e+00   7.7787643e+00   6.6136459e+00   3.4427178e-01   1.7579200e+00
   2.1945677e+00   4.1896165e+00   1.2514285e+01   1.7808274e+01   2.8877287e+00   8.0264084e-01
   9.1652760e-01   3.9875336e+00   3.9424668e+00   1.0162979e+01   2.7075834e+00   1.2506532e-01
   2.6290538e+00   2.5779336e+00   8.5624882e+00   1.1387503e+01   1.3723567e+00   1.1590162e+00
   3.5245433e+00   4.6347825e+00   2.1484882e+01   2.3252676e+01   3.9244078e+00   1.9121614e+00
   2.3251998e+00   3.9276505e+00   1.1760591e+01   1.7084592e+01   2.6628476e+00   8.2063973e-01
   3.4242230e+00   2.9610908e+00   1.4632319e+01   1.5995562e+01   1.5248460e+00   1.9154821e+00
   4.8585860e+00   1.4576671e+00   1.7373790e+01   7.8952159e+00   4.6471017e-01   3.3569151e+00
   1.2679272e+00   3.0082872e+00   2.6997633e+00   9.3844384e+00   1.3672817e+00   3.0074535e-01
   1.0690084e+00   1.0280128e+00   1.5610957e+00   2.0074732e+00   2.3421686e-01   2.1282304e-01
   4.6177377e+00   4.7851534e+00   3.0130704e+01   3.1442173e+01   4.0876651e+00   3.0793098e+00
   3.7536087e+00   3.9290778e+00   1.8082619e+01   2.0520157e+01   2.4759961e+00   2.1330711e+00
   3.4921796e+00   2.4262312e+00   1.0725414e+01   1.2412922e+01   9.5242845e-01   1.7815137e+00
   4.2394610e+00   2.8188691e+00   1.8611734e+01   1.3555290e+01   1.3882223e+00   2.8174432e+00
   3.2530288e+00   1.7320561e+00   8.9668704e+00   7.7530722e+00   4.8736129e-01   1.6716937e+00
   1.7862124e+00   5.1623298e-01   2.8073915e+00   1.1443510e+00   7.3845489e-02   4.5813231e-01
   7.2065716e-01   4.1886405e+00   6.0267464e+00   1.2507247e+01   3.2068529e+00   8.6898801e-02
   4.3836514e+00   4.1059631e+00   2.2847236e+01   2.8285919e+01   3.0137279e+00   2.8092861e+00
   7.7424379e-01   3.7518031e+00   4.3133972e+00   1.0264779e+01   2.6065953e+00   1.4012926e-01
   2.6936387e+00   6.4969819e-01   5.1898281e+00   1.9513894e+00   6.8604277e-02   1.0832209e+00
   3.3528695e+00   3.4029051e+00   1.1377237e+01   1.8381891e+01   2.0131565e+00   1.7742258e+00
   3.7326091e+00   3.0416684e+00   1.6235363e+01   1.3632652e+01   1.7911279e+00   2.0816052e+00
   2.0849529e+00   5.1992059e-01   3.2503123e+00   2.2618133e+00   7.3506124e-03   7.1325193e-01
   3.7095637e+00   4.9634539e+00   2.4273589e+01   2.6115440e+01   4.6644835e+00   2.2782460e+00
   2.8865416e+00   4.7014612e+00   1.7415397e+01   2.4087645e+01   3.8129454e+00   1.0555912e+00
   1.3490147e+00   3.8822218e+00   7.0361810e+00   1.3988690e+01   3.0583443e+00   2.6182640e-01
   1.0408348e+00   3.7052801e+00   6.1556046e+00   1.3071120e+01   2.2569865e+00   1.9071547e-01
   3.4026579e+00   2.8156374e+00   1.4217302e+01   1.3413248e+01   1.4031136e+00   1.5466357e+00
   1.1007789e+00   6.5686552e-01   8.8667122e-01   8.9336823e-01   4.6149445e-02   2.2763236e-01
   4.0211116e+00   3.9079429e+00   2.2541772e+01   2.2304987e+01   3.0738586e+00   2.6015462e+00
   1.3437116e+00   1.5600302e+00   3.1784665e+00   3.3718876e+00   5.1804111e-01   3.0417420e-01
   2.9773268e+00   2.6758733e+00   1.2056767e+01   9.9329910e+00   1.4264154e+00   1.2255465e+00
   3.3086387e+00   1.6635657e+00   1.1565666e+01   7.5329126e+00   4.9816052e-01   1.8501898e+00
   3.6293978e+00   5.5934469e-01   9.3036125e+00   2.4855207e+00   3.6535621e-02   2.0586357e+00
   4.3769055e+00   3.4387093e+00   2.5150834e+01   2.2636986e+01   2.2751023e+00   3.1711144e+00
   2.9780835e+00   2.2896635e+00   9.7501633e+00   7.1453677e+00   9.1602822e-01   1.2615042e+00
   4.6450034e+00   2.3976206e+00   2.1274728e+01   1.4286035e+01   1.3191661e+00   3.8214506e+00
   7.9989287e-01   1.4204239e+00   1.5769820e+00   1.4049626e+00   3.5013831e-01   1.4618572e-01
   4.8348159e+00   4.0709785e+00   2.9586386e+01   2.8564600e+01   3.4655202e+00   3.7230156e+00
   4.3918615e+00   3.6923509e+00   2.1917126e+01   2.2383843e+01   2.5380911e+00   3.0303851e+00
   7.1763784e-01   8.4153791e-01   1.2527991e+00   5.6013811e-01   1.3910602e-01   4.4282681e-02
   3.4669643e+00   4.4184450e+00   1.9469098e+01   2.4285563e+01   3.2246065e+00   1.9374923e+00
   4.5653404e+00   2.3771674e+00   2.0921131e+01   1.6212943e+01   1.1771879e+00   3.2421379e+00
   1.4111636e+00   6.5005404e-01   1.6370637e+00   7.6128263e-01   8.2003063e-02   2.4356177e-01
   1.0805743e+00   2.2489952e+00   4.3195144e+00   6.1229199e+00   9.6738497e-01   2.5027782e-01
   3.3078112e+00   4.5806160e+00   1.6775288e+01   2.6855508e+01   3.5431473e+00   1.7945883e+00
   6.0837461e-01   2.8379603e+00   2.0108314e+00   6.4284058e+00   1.5825061e+00   8.3963546e-02
   2.0104005e+00   3.2334882e+00   5.8710200e+00   1.4141297e+01   1.6038197e+00   4.3521404e-01
   4.6087737e+00   3.6947462e+00   2.5133045e+01   2.3339316e+01   2.3301864e+00   3.5697100e+00
   8.9230308e-01   2.2606742e+00   3.3422838e+00   3.4663020e+00   7.3135362e-01   1.4921682e-01
   2.9861720e+00   1.8173359e+00   8.6980057e+00   6.8734646e+00   6.3896928e-01   1.5301601e+00
   4.3653195e+00   4.9504365e+00   3.0392715e+01   3.1920945e+01   5.0899636e+00   2.4494406e+00
   2.3524803e+00   4.5274456e+00   1.1514411e+01   2.1646681e+01   3.5020136e+00   8.5181279e-01
   2.3452626e+00   1.0246926e+00   5.0121868e+00   2.9076813e+00   2.3741135e-01   9.8727051e-01
   3.4619997e+00   4.5152965e+00   2.2802851e+01   2.6330010e+01   4.1502136e+00   1.9175323e+00
   1.9603077e+00   3.3530253e+00   8.2442192e+00   1.1416400e+01   1.9690604e+00   5.9154471e-01
   1.1807201e+00   4.7654688e+00   9.1579113e+00   2.0443300e+01   4.1984655e+00   3.8508818e-01
   2.4939503e+00   2.4453685e+00   8.2449056e+00   8.4397891e+00   1.1744009e+00   7.8235363e-01
   4.8940830e+00   2.4451892e+00   2.3590097e+01   1.4921969e+01   1.1207728e+00   4.1508703e+00
   4.2755547e+00   4.5007446e+00   2.4916357e+01   3.1201789e+01   3.4942300e+00   2.8269532e+00
   1.7126415e+00   4.4803905e+00   9.0014226e+00   1.9089908e+01   3.4839390e+00   4.5334755e-01
   1.7203788e+00   2.7326322e+00   5.9941180e+00   8.6127418e+00   1.4084181e+00   4.5949643e-01
   2.8893843e+00   1.9145573e+00   7.5702774e+00   6.7266671e+00   6.7134692e-01   1.1791096e+00
   3.6196475e+00   2.0301782e+00   1.1321643e+01   9.7989899e+00   8.5081688e-01   1.8358218e+00
   2.3897687e+00   2.7248128e+00   8.4644969e+00   1.0784548e+01   1.3318719e+00   8.9204112e-01
   3.2212897e+00   1.1690313e+00   8.2372005e+00   6.1271181e+00   1.6549017e-01   1.9310908e+00
   3.2089731e+00   6.6805396e-01   8.8065611e+00   3.8896768e+00   4.6896485e-02   1.5410313e+00
   4.3105956e+00   4.5051981e+00   2.5914389e+01   2.8077490e+01   3.5397541e+00   2.9768583e+00
   1.7217316e+00   8.9230792e-01   3.2146256e+00   2.1864603e+00   1.5915726e-01   5.4588035e-01
   2.2217716e+00   1.3425441e+00   4.0409247e+00   4.0030711e+00   2.9575799e-01   1.0013684e+00
   4.3604510e+00   3.5033191e+00   2.4520145e+01   2.0846652e+01   2.1144270e+00   3.1748050e+00
   1.4329827e+00   1.8965660e+00   4.3415618e+00   5.6443615e+00   6.9610703e-01   3.6136648e-01
   1.1187290e+00   4.3687870e+00   6.9559440e+00   1.6851636e+01   3.8578859e+00   2.2783873e-01
   4.3997820e+00   3.7704548e+00   2.1196376e+01   2.1684662e+01   2.4934098e+00   3.3697191e+00
   3.9872923e+00   7.4833506e-01   9.6961589e+00   4.7070478e+00   9.2499360e-02   2.4335241e+00
   3.9349593e+00   3.8188440e+00   2.1010253e+01   2.1810997e+01   2.9584655e+00   2.3938218e+00
   3.1764552e+00   3.6244932e+00   1.4388888e+01   1.7195865e+01   2.4090113e+00   1.4860666e+00
   1.9233937e+00   4.5696084e+00   1.1952549e+01   2.1269867e+01   3.7182192e+00   5.0827897e-01
   3.3576893e+00   4.6407879e+00   1.6314672e+01   2.7343862e+01   3.7946531e+00   1.9903478e+00
   3.8687558e+00   1.9247990e+00   1.3831006e+01   9.1791733e+00   6.7417021e-01   2.0606332e+00
   4.4605878e+00   2.5992925e+00   2.0597034e+01   1.5004888e+01   1.1386328e+00   3.2156144e+00
   2.2254563e+00   1.1191162e+00   2.9523891e+00   2.9885833e+00   1.3337527e-01   1.0126361e+00
   9.4930964e-01   9.2343069e-01   8.8183191e-01   1.2307093e+00   1.1322369e-01   1.6409905e-01
   3.8453408e+00   2.9261850e+00   1.8244879e+01   1.5350539e+01   1.4204996e+00   2.5166407e+00
   1.2686338e+00   1.1166165e+00   2.5147489e+00   2.0225609e+00   1.3179132e-01   2.1317405e-01
   3.9485233e+00   2.0198752e+00   1.5775946e+01   1.0698438e+01   6.7564976e-01   2.4407065e+00
   3.5606819e+00   2.0821498e+00   1.3668728e+01   9.5551658e+00   9.2931568e-01   2.0147762e+00
   1.4835435e+00   2.7592828e+00   2.8711122e+00   7.0443949e+00   1.0945071e+00   3.0654285e-01
   2.9075913e+00   3.5353812e+00   1.4731777e+01   1.5720947e+01   2.2886901e+00   1.4105245e+00
   3.2584894e+00   5.8176848e-01   6.7849093e+00   4.1923770e+00   2.6420234e-02   1.8675148e+00
   4.3807690e+00   3.8290386e+00   2.1377278e+01   1.9988133e+01   2.7554617e+00   2.9917536e+00
   6.2508469e-01   3.7471124e+00   5.4427420e+00   1.1680620e+01   2.3634642e+00   8.1570349e-02
   3.0459785e+00   1.6117792e+00   7.8373670e+00   4.1697246e+00   5.0896304e-01   1.2285409e+00
   9.1323333e-01   4.7609363e+00   8.4671406e+00   1.5087972e+01   4.0118499e+00   9.1250632e-02
   2.0493966e+00   1.0226140e+00   4.7598441e+00   2.5915704e+00   2.0109092e-01   7.3879366e-01
   3.9488547e+00   1.1060048e+00   1.1281329e+01   7.4806465e+00   2.5937807e-01   2.3674636e+00
   3.0062023e+00   1.1741079e+00   6.1604662e+00   4.5433387e+00   2.0481435e-01   1.3926318e+00
   1.1608785e+00   4.6993131e+00   7.5184344e+00   2.2024785e+01   3.4187871e+00   2.7620109e-01
   4.4760345e+00   1.2124582e+00   1.5248561e+01   9.2578970e+00   2.6460743e-01   3.3574875e+00
   8.0689177e-01   1.0307721e+00   1.3123907e+00   1.2299835e+00   1.9830281e-01   6.7302946e-02
   1.9910281e+00   2.1443469e+00   5.6738049e+00   6.1753282e+00   8.1697836e-01   7.3335607e-01
   6.1971866e-01   4.2434482e+00   6.2570000e+00   1.4448199e+01   3.1535836e+00   1.0467260e-01
   1.7628582e+00   4.7982916e+00   1.1887039e+01   1.9704162e+01   4.5746343e+00   5.8397443e-01
   1.4298094e+00   4.2546249e+00   9.5411491e+00   1.7143718e+01   3.4643289e+00   3.3647507e-01
   3.9699296e+00   8.7763787e-01   1.1145735e+01   4.6067759e+00   1.3810824e-01   2.4035715e+00
   9.2112543e-01   3.2475680e+00   4.6754096e+00   8.9818872e+00   1.9972199e+00   1.1925300e-01
